rainfall_mm,soil_moisture_pct,pore_pressure_kpa,slope_angle_deg,vibration_g,displacement_mm,temperature_c,humidity_pct,landslide
35.90519084803855,42.57746529076015,34.59364344625881,21.93174658213601,0.03145778093750022,1.9477002442234488,20.15416663443588,60.88039307594484,1
22.416970953233815,51.56026351611105,45.588112599237725,25.389965106483203,0.044593145777151406,3.512427694542112,18.46473488877683,52.63923954060602,1
20.734253765564304,32.27924478740282,11.076462835571256,37.203961612544845,0.0024021087441693807,1.6401025314884599,24.87000887113191,83.0597645736484,0
20.73453441497701,39.598999421284944,35.88124186367355,38.678566772943995,0.025715981820507314,3.6276747047325997,15.922941302434744,59.428977828086055,1
69.74571618345976,34.617847661558656,30.17029667456362,16.532169013734507,0.014897525297048221,4.8507649983558885,17.195691382817934,84.64800591106756,1
43.000593464463336,60.0,35.49393050774977,12.690723674873535,0.0015565072290992608,5.4580421756164625,19.269025574029108,56.32732833977617,1
16.966170026113485,52.38126202827721,36.526576796592494,20.73110616795288,0.0067144439500454525,4.044833883483314,12.829026891381265,69.44620087809024,1
37.0472171014682,35.67588691039815,29.680729609818044,38.452075820322506,0.007485022438289077,3.535892597538848,13.661580929904414,62.87115495204172,0
29.984403960969704,38.36352289319738,34.961522798474306,40.14884030183035,0.010098113844710425,7.7010942796673065,24.69659199463532,66.26596459006814,0
3.238724152358781,44.07878461650187,26.692902156321104,18.752881195988284,0.08132349977840113,2.3026470664014234,14.706269752313347,53.7035328246899,0
10.068634240315594,30.03890008790627,34.54575027724022,31.073093537363384,0.02894557626927241,5.304217089436776,25.094859398698112,82.39812101518717,1
31.592484560222452,28.17263197603632,42.19877107206083,46.344313331400876,0.007954827407183283,7.1993468220103605,21.64387548400977,63.953437285179604,1
65.47765301225293,48.56154546190677,41.67204616034532,32.15311477240334,0.0052845266680444395,3.4363367940196223,8.714813847066388,75.94367267865505,1
20.877782774387192,33.91605987699478,40.03833282462998,42.215032852330935,0.017686853096387605,4.613946738411776,21.18227215102673,67.74842234289628,1
15.870411585814555,34.21050623432479,42.440702130640275,37.98726570083098,0.07997822049008552,3.0685163732692318,21.134878938564764,92.35813414166734,1
27.210113122082486,25.73880353763272,40.1874375125265,18.898012937720893,0.02266400042534429,2.355411415421268,20.53757165106771,83.79665143528749,0
15.079267210771464,15.085168597981758,40.995176981763144,26.10018576502922,0.00871156022415595,3.81597315196118,17.148739641701937,79.87606481632368,0
19.766120717087826,35.326342206354184,30.13692089633423,28.34754478291848,0.025885478319965585,1.9443316695126678,12.359595267648888,45.28492479802304,0
24.73953718410397,42.76055099255759,31.356348515734105,29.0413338802134,0.040519068537771846,2.7913173055006926,26.077276596675723,60.10202162278271,0
9.602059572658254,29.18224144513832,37.94062176465321,37.16328953438571,0.00150153113392287,6.022267798250206,17.390522467662986,84.74969265196538,0
44.55090141319709,51.04693040756823,46.0849019202865,32.086847622754085,0.04939494943224115,2.4841343091986117,12.699563037987792,56.346218051314665,0
8.027721694185601,24.164994999972393,35.871400396914474,5.0,0.02513466843641747,1.8553722087404696,20.74481211652805,67.86574756066307,0
7.091901657520101,20.516740698968817,43.32095591358954,14.87159726907274,0.0004886740187321096,4.031283628375697,13.543320175600456,50.43945776759218,1
29.009256268322023,33.67908536828699,33.56259341770275,6.1261908502395706,0.056025934405891764,2.482255455098014,12.305483830289273,56.3282424225233,0
42.20030711968576,35.50412031443996,37.61090060294546,29.753652406553343,0.062307083113720754,2.962900638557186,15.747164326785368,98.65184621690021,1
28.467533615356057,41.969817355655636,28.944820930394457,30.40487649467761,0.049556073641015795,2.4880187541074763,14.007613414091553,81.48256634671704,0
22.826687656269012,25.674374907800505,47.35231895492787,30.832249586107185,0.020922215049896623,2.5488229985674695,12.526546488092553,84.31244094817261,1
19.610721524752115,46.62255059686179,35.956660869071825,18.410717322853838,0.037709110073436795,1.8049786585779848,22.838470573570554,80.6782665074071,0
17.098647460299755,52.23396674412749,38.42785927236436,34.74144005119989,0.024482382276553662,6.495274040334786,17.317033113225605,66.33040405861742,1
51.56698950779174,37.343608156485345,32.1634441345282,35.16262496468529,0.06030236943271447,2.0994581604392404,25.513679673095353,64.9394472829999,1
31.815659090848833,47.26945306547051,33.7486143570335,15.448509327948422,0.04380306799403996,2.7979577350934663,12.872943133620385,65.33177792690736,1
18.259782204879812,22.17399662447937,23.034102259010552,13.339617985511278,0.004266954102408567,8.297513423530948,7.634633774181985,65.77455962517476,0
14.049097939673358,42.85958010277016,32.954197777991865,27.998683137730623,0.05151407996943021,5.153894422562767,18.8926220954965,94.45411062785342,0
38.81428435061811,46.29490673818734,27.59159527086738,45.91782273613359,0.058115704291889905,1.6080030293128564,29.135873530838495,52.717510404680674,0
50.75162510103326,46.24711656705377,32.216303264715606,44.99742742198642,0.023157532679929288,3.0314792865060247,21.185920976172014,66.84540329092474,1
47.718146727043326,37.002091120353555,50.39254133972238,33.634043604480524,0.10428738155045672,5.138879174082785,37.292245177276996,60.84917885082793,0
12.015705723170205,5.0,27.885241149130948,20.700033284199236,0.09258004549737608,3.7915214988926835,19.992354725694533,83.25248910744125,1
19.477467019314364,26.50434861637586,38.00897286037209,36.86842659488585,0.009628688008626568,4.76170912393961,19.413313267728544,96.70231729394932,0
16.821524512801478,26.264068500074202,39.923297699365,23.475757351909586,0.11730924945201499,3.219132108169749,5.067823973652494,72.99610029995623,0
21.57432173678983,23.4535988799137,44.0545160668646,20.324929633261895,0.029068875806795475,2.589708245503994,20.56768464353117,75.18010187001174,1
44.266327850448846,37.86237922303799,20.973571277664448,6.560331683780056,0.06432238843592714,2.299178839730553,19.012006560115747,75.22307941571881,0
61.533936858108156,35.040456073503876,24.177117507109227,29.02382198347653,0.08412651420771541,3.296463555006034,15.555472810772777,83.8689722108385,0
32.67730710462748,26.655475968043902,24.23240110006008,21.70132650862625,0.03517123277398362,3.0876300670962857,17.17932679764558,83.1327888562899,0
14.472669346383258,21.58289891947929,24.875321195874932,28.964303795285044,0.025466498754549528,1.3900304570127346,17.591396553946925,74.27914156257897,0
24.312629473333562,26.491764566147747,28.19215070177711,5.006423037629386,0.1235214195409403,1.543923291784959,16.920425082407615,77.34504081884114,1
69.18809302610377,51.593206072414844,37.061462006517615,29.698266725836874,0.013123694464606137,8.572675279030985,30.538289778755768,90.46883405762888,1
26.723829023307793,27.398323807221228,32.71380082794492,5.0,0.01485094814132435,1.9649805479481006,15.774827833169947,43.67059428583555,0
19.645270538633657,27.797403516462325,31.401324532546656,38.87940253268552,0.022441102677464894,2.267656835231196,19.015882343123145,68.9591880599126,1
20.98278917701918,28.580442226320415,25.649498529102168,33.218912341350844,0.09811521233521146,4.20136220481283,15.576593499682758,73.77469346667161,1
32.572700460720185,38.27584020720222,17.905945866980332,25.213352285754123,0.13967081733117204,1.9494684187471292,22.700587119863282,77.7567627999334,0
12.38447601757894,36.420166287922164,26.62511687213928,33.62719860082079,0.012427408842765955,1.7317337289375434,19.06058219983324,64.91360127675648,1
16.48795677185044,5.0,17.606090773499396,18.219257373364478,0.09970730259727822,2.13964441709785,16.32053656097711,70.70886385132737,0
47.246585903613756,47.303340023818144,36.944700515065506,28.723755156148925,0.01493398017560389,3.5302972627525873,6.444192324556903,63.650721110511235,0
31.921914229845964,49.151967476914436,30.623447316281478,35.94774038460336,0.1764082270185349,2.7369321527727877,19.4598493517325,44.76171181050324,1
26.9274126071832,23.537246517460783,25.488446875012954,5.0,0.045491568425302026,6.299703565551944,16.142542358521496,85.13253904102149,0
48.84020347018551,27.60304807317948,21.9933201213871,23.527756403224764,0.0003555847857335864,1.7697705228832463,17.63555605867739,57.75246664424456,1
13.72028675672288,27.555509135725718,30.015648841903623,27.773558698636258,0.0017362965038260935,3.666253396128866,10.905252316528,65.33724940463814,1
19.176523758464704,25.316438369203656,21.54184472078054,26.037063822542333,0.007978196215273485,1.3153232051558505,26.599693036321174,57.598360258162856,1
31.18395457172091,36.9168619252242,27.975507519125962,42.57101826227405,0.010386470461221998,2.39487539596385,23.140459055063232,95.04193011248537,1
30.403718858960445,15.095304965255425,15.568648938189057,16.760988750771155,0.07296887707487312,3.480234770840592,26.58423598584379,69.88607305416136,1
6.387683614476196,19.778876461804032,26.683545020163344,21.78840756554771,0.012600682832437163,1.843489394668067,24.881875804685727,61.620689779664254,0
17.70692120407672,48.048010182360585,32.287621913325054,8.841309736915516,0.17391734650900711,3.3964607954902375,21.55390381276477,79.75937227170508,1
22.004975555424096,24.018546659833437,36.86169279733681,43.10286651273145,0.05054546540996951,2.176226021031173,11.146304947641344,100.0,0
33.669083130476515,47.48464525060073,42.24066023378349,25.537098573912,0.0589668567009296,2.3287668309394736,29.060322984431153,77.81915953196663,1
30.326454622763993,38.10235014931597,34.682125114257246,23.61591111963293,0.012283296794404448,3.2155599565447024,12.434189094674938,65.40399900007527,0
23.58589446001963,15.445207023120362,19.79819883049784,27.47517317689286,0.11160927381623474,3.237837804196179,16.38955425555023,80.16608861232427,1
3.2115762285900096,36.83502838645056,37.77817379711065,34.36235828430324,0.05510309751874107,2.129557112302681,22.241413683761525,42.05212921699452,1
24.490067916771906,32.49683716558725,38.524341981023994,31.473634035161247,0.09990436908917144,6.922839335193055,22.53924472312443,70.59445248432034,0
26.18458541677835,29.373017250019345,32.89071419762078,54.47884213557087,0.15672799444334357,2.1563141387406715,21.43342036166735,100.0,1
109.46996683174306,48.8700659564815,52.37764122632804,32.539358884037746,0.006713210316751162,2.874492687303687,15.598269112025461,89.26020431663518,1
21.456896589459497,37.96486934408685,38.86304628223327,23.34754570830919,0.005078786033554107,2.3961980946944523,14.35841023586715,70.90804416025662,0
31.305892836959963,41.771802145290195,44.01757859866035,22.38643262476053,0.08133119408874018,2.5725081263414453,33.20719541163682,71.57072667275457,1
54.303191383214475,49.92800718296219,41.0397261974727,24.07241047583191,0.1005428330656541,2.2420909673236666,17.764116369000998,69.92849407024991,1
42.57109044708541,40.46702269484638,41.592124703994365,12.98163075370162,0.043824833780430505,5.2769902965663995,17.029371692166983,78.23157817489015,1
63.19206870917219,25.722469418512212,23.914737906051485,28.39864207491586,0.0227853594252548,2.564261530501662,13.718661054367479,89.26750891673899,1
6.493683291115296,26.237597917155384,26.827852261159805,35.834681062089174,0.0528681868516461,2.3251368443743736,19.468022094425745,61.321435870861436,0
10.305928412404883,60.0,46.79490842785904,21.866363993767642,0.018239969516581103,8.356486097811601,19.188136803468424,29.699909607968664,0
15.559005666633404,39.578761453812284,38.568300433983964,19.926199437158886,0.013615750455912424,2.8556897343729495,17.902642747774227,75.096063712508,0
5.38975792278382,54.50133669653255,45.861429262159,43.159451462942336,0.033485715326308015,2.6584492541303257,20.290359880727316,98.07484273235832,0
26.351359404122213,47.90704473261018,47.965961031273906,13.735168433788349,0.012177124328238878,3.0388267429463367,28.58122501465412,64.62635075998249,0
11.087665658557754,34.08117056434115,22.232698851213165,7.321816235226986,0.033053713795828214,1.6577908329604283,14.429683762254609,45.1500823903625,0
68.62813120023135,43.30829037784588,29.527695770255985,16.470980563526176,0.15687228722926178,2.8576505947783,18.25850245321272,88.88682101103346,1
12.693013206679337,31.538151582233443,34.4518417614874,12.595672828757035,0.09156162982438065,2.411816992062573,14.112909284696666,93.69608660409592,0
19.267548268044592,15.512086081741696,20.409925378268994,31.86226064104582,0.14204844864230923,2.4720898070495334,19.76819016495377,76.79411319933746,0
44.29443239556379,36.82463738401681,61.75200088392162,24.392954995504265,0.08207971529802398,5.30064759812167,14.589182991753486,99.72938729161041,0
7.9370708545124025,43.29730615359883,41.44467941480062,25.8031295497616,0.02190594454508743,5.076082475072751,14.847342051394863,78.49244235528816,0
5.003747473649867,24.754162172835443,29.27501807769292,39.52934176974773,0.0835776987850887,3.940588058681646,9.242859755666245,76.60351427989536,1
28.748576156664186,38.431816414117726,31.24897238097622,21.086651388372236,0.1281428107901773,2.0227615792213642,18.58676869691805,62.97970499020115,1
30.377857286246297,43.07258905186892,33.387737355203214,35.750894117456404,0.1469069417858644,1.9157564337754756,20.578617731429862,75.3566748185475,1
43.40181959735746,27.41346854647886,31.206512709112964,43.11322799203203,0.05747389173054786,3.1240645521458577,29.16285811915377,73.23829956870485,1
36.53065830041622,30.966570101625784,33.282483501620376,23.443375019863392,0.011872688022792982,2.1076926043635353,20.81701488713907,71.35009585158346,1
31.203355058554337,24.50138835401156,26.14696218405652,35.37022855556314,0.002026995120009921,1.4848656714178858,15.301895260216083,67.43269409244486,1
14.008221254313394,23.87957712125294,27.36661287634196,25.5818208747102,0.007961524655649465,2.8660493778179466,9.84192547388346,71.185846262741,1
29.772673674554163,21.589848214652513,39.390215887737774,37.240981288407895,0.1684078409727986,2.76091915241456,10.67227796600713,51.50935997285994,0
31.115613902410537,25.66285747158131,41.3411826898408,12.285108124237269,0.031003835281776915,4.889455024314014,10.226229963168166,83.39889876970574,0
13.561264392127764,46.22874646679755,40.507770426198036,11.544877548746538,0.0965462545889212,2.7797025915160045,29.26825221269629,54.546073486722605,0
81.3311327966764,33.044899628598536,22.487882033545514,24.087322850924593,0.03127855327537085,8.824100275091489,19.72686298155822,77.51215818426466,0
35.34410356152164,36.566207724835145,38.9345083430464,19.110751909402293,0.05406086072191066,4.7886890982837915,14.502202684428644,77.0272191078318,1
10.476926182055948,26.542851390598834,43.05140008912774,22.832908905701146,0.0012218470913659318,2.2714187848854936,12.240842369080415,53.186283960478505,0
43.54916857803393,48.32103465707448,50.28666267852882,25.8047341755286,0.014375100614470369,3.9364371342458604,12.86335295763647,44.212887781027995,0
48.68092710605849,50.41376203194494,46.04091163525531,35.20013531836252,0.028658929419107856,3.955953666701137,14.34420363296173,68.99048525574909,1
33.87567523142123,43.722051106102654,48.86820408472764,23.92339421434065,0.04979796311349666,4.820283182758551,25.897531297530914,50.308672657528746,1
20.542797572083952,36.14276516684015,34.884180246568235,19.761386893769135,0.009408200821775653,3.121709921146681,17.820339317653502,79.79322350447386,1
13.060280190693147,29.648446660194985,36.884202422747634,24.48486623241101,0.07231314606706937,3.1653517147368246,9.315201496356305,50.30950245000675,0
23.536457945281473,21.611721649879726,23.198484129350447,20.308547201933823,0.022659662429451125,2.0774617187293747,31.86275564838223,91.98462504469373,1
32.20538918583453,54.26609718909715,44.04456252488456,18.659944979372856,0.0850325239858755,2.8356574203713745,11.159033163804617,71.35418449863852,0
25.252626745374734,26.191163834280676,41.11273948547647,11.86983186423031,0.005155324582597517,7.900608478094146,14.454988140456795,70.93813826798838,0
65.03290825481423,46.39139970855055,33.841172591525094,28.694781162210788,0.056933695442681315,2.4563274344660666,25.860866325803293,48.29711172279289,1
39.178692537705835,46.47245960688985,31.69743640704165,22.312942934029465,0.017359456217902806,1.7159153214886125,20.4908977956544,75.00867794029901,0
11.803800815668978,26.21776515329705,31.267017573508397,37.662787392346715,0.07933080954655473,1.9294779169395029,15.180462002254743,66.15806141003499,0
9.467814822438356,41.800297496525374,34.90682136881816,13.526039079410594,0.025722478035225583,5.639035148620341,10.611798443436992,47.407227440605624,0
35.55526672525937,42.97542204217746,42.38335058543435,22.579164449521212,0.054733448528366035,3.886008672167304,12.19985934644984,73.420078427004,0
20.91753788954026,50.417269037248694,36.54083140732314,46.12907220658749,0.13613682745215613,4.844241732182213,12.561023285541204,63.214662415796695,0
41.532182192840395,31.53636266465895,46.36206199068529,18.603904829021506,0.0010421166128076057,5.626780633567112,18.042190787097297,70.05461917013768,0
35.32958442879738,22.44079749152246,18.65891021292054,25.63466747903876,0.000558951777972115,4.3988300189580265,19.14637090368782,72.45414331867018,0
23.616028191393905,28.487506674263972,41.424880959463465,15.841560171746316,0.07354454238113443,3.6709888920143046,17.108072228211945,62.65139244090575,1
11.925910215900851,33.877421957728444,27.432174956626554,14.515724872190189,0.05197846488496364,1.7614999895824648,17.764717116454023,71.08203144741319,1
5.642995870297829,31.428576651395236,18.203568783885906,43.47310983087678,0.017334796481383894,1.2310623848941955,11.695660828834075,64.8302669387951,0
29.379311125466845,30.47251770607452,34.09200833322075,29.71039492637147,0.03410014573795446,3.4111591396452265,19.758816637343333,77.967389250892,1
7.803773004285483,12.078591360870393,22.79457265623709,29.336788382376234,0.0021420174179415607,2.052764507270442,25.683111821021978,58.63063569127722,0
11.493061941085458,36.42878925245389,25.694640757757313,11.036837648837778,0.01068724321861416,2.9178411297897675,17.02324990950259,51.324816094207705,0
28.09659419979972,53.937933920791956,28.124158434594673,31.58741388108303,0.02762548755739462,2.7864229088671357,16.90627976142316,59.98629091338786,1
26.14423313278938,38.56414735114844,35.358772642287725,39.574219459938256,0.08980175470137408,3.6115408026495928,18.498006312317088,91.86869815933456,1
8.75582934710223,37.404729592600475,42.76858697003073,39.49477060828529,0.032664331958951576,2.2037067178469782,24.709229158556347,81.09066376252164,0
52.3848984528533,43.58218782947901,42.11250307648316,34.68333229606161,0.04413826517642173,2.1724009637366652,12.631662003368156,93.67766667955729,1
51.46287645672613,41.68989816733291,37.12961245764729,16.70514422404596,0.10347606234360229,4.41383863204674,26.705084014392813,94.53328466389853,0
36.35871312563797,44.770466637526646,41.738967240752544,31.13123417192992,0.018467671263823194,2.516126958568242,20.527333436611425,65.27697176752956,1
36.32766681146971,39.402886833577114,35.54344167440799,34.67584960476608,0.06031532979201213,3.889418594804953,18.172084174193206,76.70271239342088,1
36.35902183696097,32.327081579011384,21.493038687361583,10.055564149110985,0.09890466635152687,2.6565067587146687,25.27943301998592,73.40938941011163,0
48.39839920285595,29.299870780340854,20.352796430348796,16.787204085182154,0.01132092670455018,9.02969974561965,10.907627556741264,84.57275772444251,0
39.85463041242373,33.48845800905681,31.77003497174529,36.881573217434415,0.02203996605637064,5.197047163699262,21.13227321746825,68.63340240402023,1
12.821967161213044,35.064590038688614,32.74060972454685,36.760457766719284,0.19512882296710413,2.70294979209135,20.581857387039705,68.95900578860767,1
20.688727210564803,29.942479470354986,38.78485321619611,12.514169663786076,0.2043741025490743,3.855619374817018,12.387269613637242,70.22181760640824,1
101.94798297336732,48.4355842773194,45.432667501125735,35.95021459269172,0.012630544649592205,2.5211492615510163,20.763828737722925,93.37353259340892,1
3.472264786069053,34.91234105491453,38.8060005480374,28.953033991536177,0.0034378149143064044,2.917078593477499,19.69983107628292,75.5302112732878,1
16.92944564204186,40.8712111590081,34.106222758985794,35.81008954607152,0.015798701184358593,4.352985204450166,16.927571281860395,69.79095461351136,0
52.57218834042444,50.71377793945347,29.240293814900276,21.654786765660585,0.02535263395604738,3.4112933729752393,23.176905331381995,77.37429942907201,0
13.549002393537549,32.812424543819205,36.42153891405587,34.451834964809024,0.029080791271604428,3.1462016462191684,14.569474485854013,71.09827078993807,0
40.60468932523835,23.012937747309145,33.40652960502101,36.43828774485625,0.04822238266632233,2.0587806240242026,19.621927475060215,97.81920917439331,0
25.892919575952828,30.432896968201025,13.064907087458923,24.486650645442882,0.11488125079278177,3.903830487663884,17.209957305268087,44.228617045436586,0
14.385673755444634,32.59847673738269,26.364685202291774,28.17752546173286,0.020049856114988836,1.9563502495444538,14.311819061953996,53.3319398328218,1
2.715168256817379,12.049587676751704,19.291400051549516,21.514783704953466,0.09485084467640173,4.399497084859923,21.017308110712627,75.6482275980526,0
28.78728779903202,48.204738370879625,40.22869695733934,44.51638948685879,0.004907049790255202,3.9029206008688337,16.75358551590509,74.80422354239278,1
12.579139822242665,33.31065009844106,26.897376577250874,26.79728060674234,0.002138835758645038,2.2776297998291044,9.161961247742719,71.45707121671168,1
22.843310629122115,37.24002494017117,34.59093342547135,18.77975674822818,0.0350635225706795,1.8124519370185352,7.1936033716920935,79.58109460652476,0
36.10951454888664,49.071691807595656,37.944397200214325,20.841740861252497,0.0030758065690893854,2.4262419896966767,22.73434480849921,75.43179630663377,1
45.79218447520617,30.567399369857455,30.95376397564116,29.267706011421133,0.024919315790827488,5.945416699299908,10.676399356639017,65.76919971830287,1
16.884485336610357,38.273092109331856,29.578082494126775,35.53331171778212,0.11354372012862322,4.886119393175124,19.676306960403636,77.80903416894596,1
14.362524229862515,31.05573740346002,27.310414528850586,14.641731548494782,0.01381950577613548,3.07616277358152,18.3297113617689,68.18581229095867,1
7.669591168924451,29.309570005179474,23.08169152382625,46.47660002942449,0.06120465587518015,2.4100115512303524,15.788809338174602,59.82026055044159,0
47.31943608594625,29.375991534848144,34.790936138529915,31.086752940556163,0.018002989904264587,3.82292979591207,29.74001074329204,84.81929658585793,0
92.72588963262913,60.0,48.568821028730945,32.664559729694126,0.0022980115108351675,3.6840894652203886,19.078044110762676,93.31068580075582,1
50.79714574799502,33.864571461443546,27.38088498357471,27.028104561765637,0.040674364546009895,3.4364066674072538,22.53380089609239,78.3809265236109,1
58.434015789640505,45.75974483740309,50.46901870309759,28.192589673511254,0.09004611314613749,3.258068067681764,19.708897292038856,100.0,1
13.647511432834737,13.297052840205849,22.802009556545947,26.51716862072597,0.026336610633410862,4.7865662976542325,16.610763461295114,87.63190330812121,0
34.6170249758351,46.99243904327314,51.03846060768174,38.1779596903596,0.04802438775682647,4.972695640669113,17.88546749858435,86.95126290597405,0
43.20104248441166,47.002267932232336,33.663889782240105,27.920714125466297,0.1151410548709079,2.4840768726672855,26.7512565939629,100.0,0
9.94707896146982,32.46640294719351,16.77393896608192,35.6705021849271,0.07795970520325447,4.390462670624875,24.52863175560258,64.79246476232822,0
71.80728219398942,38.50166766771917,38.618249666386475,23.66152476647428,0.010775909880162908,3.267207199902231,29.711918590131603,72.38945149905648,1
6.27320150401475,34.94098028173787,35.96475295364705,29.956405283123157,0.06609728528122158,2.1821061451130843,19.329852557837302,79.16008679035333,0
64.58485523843676,60.0,44.275150362460664,19.96079655760579,0.03484702080551292,2.375553999539166,12.738377605795513,74.12745657777313,1
6.229231915453813,13.302017798283222,20.182947291761376,40.16528232549537,0.06851451714436682,3.414466349697861,15.356898333841126,66.4247621178081,1
10.403064899171625,39.38073361061702,35.47571564036026,19.662527592808843,0.034111900182501,5.7805372763033125,10.873330849208452,52.29181349357975,1
35.05875739704506,26.142640588017734,26.366980572250874,24.75020555738674,0.006845893964199718,4.613064654018668,22.60226477325166,81.11164334510593,0
26.37621957407919,33.757248973114564,31.084103058591822,24.850395875452552,0.042187975168525356,3.686404530497135,14.48450210353651,48.21013523175169,1
18.256149497655166,30.259621233861644,38.83690653966526,24.460486123262317,0.0338768815378669,2.2466914693999462,-0.3319076779170622,67.20465658214049,0
70.0071570808476,36.217890984149584,35.96089422990058,35.22495769442937,0.03648243998881072,1.9955739577018523,32.78265418997958,78.77109535343317,1
7.874590321530868,31.076537257702338,37.31022600173675,24.833422352633562,0.10555794449742524,2.7118418407702576,14.576393169070109,60.0343354280087,1
22.174383008394894,21.98444599848133,26.938830346386215,41.93924530541073,0.11261220978510258,5.2077558700102005,14.540454447085143,43.07665522175648,1
38.21092635748357,46.02344331490221,35.67323855952269,19.81524913869832,0.030214443630082334,8.31016760174489,28.0296701559622,46.172718864879954,1
30.845713653075475,16.68542193597532,17.44630852728098,29.69377469942707,0.0304156791111623,1.4247735248090172,10.750491295214907,59.97655663053809,0
14.776343568029391,37.61409666348783,32.085345764849556,20.242140106874,0.03619959722868001,4.47604061496105,24.819635319199,76.04102364503683,0
15.235658759481552,29.019990288576523,5.0390796707174985,32.209727825314665,0.03665569354101145,1.957971938062208,14.47534533945587,72.38100467352548,0
45.32549883388159,25.0895758870077,25.314054624358004,27.8405027302323,0.15017526444489593,1.3303511523200695,10.057227332418847,73.81856938430919,0
46.780369782986554,39.040889173434934,34.96136225184726,26.449379553015216,0.052405531978744015,3.3138458388239473,28.234306568268817,61.08724666633515,1
31.43548249243285,19.145811506800147,32.167713836881305,39.88474966503524,0.016248916906025396,4.887565623863271,23.538581682375163,76.40407981740319,0
12.137579057482846,32.21777507581877,30.737687010127853,21.456581289448966,0.03791488612229292,2.183151332971701,23.52000590709026,40.442076640912795,0
15.645508378675332,18.118057178685756,30.0286112094343,33.86515157618,0.04933882285224862,6.054517322078989,20.205933280732648,32.1808594401554,0
24.597422826952915,38.30233426722125,17.882624415766536,20.310400873252078,0.05105086700995766,1.4331880100115366,21.59460979846608,66.27341129716551,0
27.341558608773337,24.857660455012244,29.488369364349303,29.126852001603737,0.04400447699042126,1.6335292418135394,10.607051851511741,62.27754102029923,1
37.16154177717133,31.06429109628261,18.989694095205817,16.044246717765546,0.009784697782489709,1.2980469829353825,18.669665143467963,87.62987782014613,1
21.28540833964769,36.132305130378775,24.78649392687685,21.374828536932597,0.001708520205120103,4.867370052034011,12.42742199729493,71.62683833452206,0
44.63268348753332,28.969481404707636,30.09046817897217,27.17856954427135,0.020612633506377792,2.5847093346250922,9.666356885621672,98.68756634750443,1
44.2942174301177,36.06449261783463,44.63590895012229,46.14649167323078,0.02788906211121833,5.420357800285032,20.46571998424819,65.63561745559164,1
59.75930524617787,23.825590774478144,32.499890417551725,29.00803870459774,0.0031898325969207126,3.1402936524673777,24.948897333957266,84.253445422068,1
25.408947438554364,40.12009815174471,36.193887237794826,44.546683158667065,0.0843611459121537,3.119698933652108,15.699787054631617,66.29763254647642,1
31.817532630399587,52.42176795006765,40.81246406429024,30.20323291690918,0.021085627099553955,5.329853601267291,16.72792264599275,92.08930238804699,0
22.563528099211474,60.0,38.290968854364266,24.129157555250607,0.12245733408544866,3.0160653441453658,11.17109612950176,66.4519489129811,1
12.266920237754984,32.75171950232764,28.748820493949587,43.393565226006935,0.008386039897670021,4.676748165434571,18.043302876527388,80.26948574973747,0
91.35144329752694,51.58475790260091,44.052911524806746,32.37017622073419,0.00293100120557663,2.4148386268298445,22.560456674330485,67.106004191643,1
54.8012509201356,20.413930908945446,17.082688216022223,21.572784061172865,0.03291952315614898,2.8770457407216123,22.749166420366638,69.73206053704645,0
43.67764392677825,51.578989852072624,45.376028343093225,32.70571459400298,0.010482335789575775,4.694068864925864,21.271057053785594,72.47487760644366,1
24.763591390382853,41.47682375579849,33.48267296536858,25.074052500923898,0.13854892143522013,6.261332739528246,14.289412996832787,88.90398137751858,0
11.339221563164408,26.86154878496233,37.34907611294146,8.10965803828704,0.0005178422953746927,2.3754943395857744,14.09922573943709,34.3100401975123,0
49.03640864329804,49.727269299384794,47.579655377610585,37.359731592656175,0.026604137797104223,4.232775718275095,22.7724268394456,69.81761503197292,1
22.25900686054257,30.79409026262797,18.932964005005267,38.94934055641929,0.13069233031129332,2.082345342129093,22.871993593300388,63.954599475699005,0
33.87924476583472,30.501634884729643,27.548007848074114,46.37942029992276,0.024259372651959907,2.342432862970196,16.968030087408643,40.62124611725123,0
15.595356780847098,37.09265277140198,27.992839605035805,32.22143692195263,0.004886666095189531,1.625337945652608,15.442968554605887,61.158534944967194,0
30.0501262746748,23.873973942898033,15.04776585657407,25.512765759174673,0.018040957598921176,1.040667976010575,25.0034825606742,47.90001828706555,0
16.411980939303675,42.67804478489503,28.81095170428273,36.34989427378586,0.03445879321771127,5.068416169246191,15.84030801112052,33.32244401729985,1
16.94279279650054,21.98152080020665,48.32265508220539,36.498203653189066,0.01023766512516596,5.186749907045325,22.475593347142688,64.45386613187026,1
29.76824067375265,23.964688202831034,34.46195445083194,44.38281183136422,0.0314205937964566,2.6867356519210603,17.17894095085141,66.51147132269266,1
6.13598212640863,21.823499434877952,44.06770352279721,27.55372376933558,0.09049918505276658,5.729572721761616,11.714803313777999,62.55289268089174,0
6.449536179121809,38.56243080202949,42.05775984095848,26.344210274324055,0.10302822995708222,2.2713175230648495,27.673872840142216,70.08278092429963,0
13.508616568543822,25.858538870084494,24.408670259965994,20.844555802414725,0.0025257711509620905,3.180886606526462,18.720383374388856,54.510770965503276,0
21.09022731826588,19.683576254068193,24.819260928234932,33.37462086725202,0.008771469604179039,5.293539004997408,13.735536120671501,96.08088566534198,0
45.557893693294304,30.776884054636163,37.01824306377692,12.517383317691648,0.01609919457441564,5.501928120874744,9.655165993348776,73.61216861668632,0
22.02894474502505,32.98391800494889,36.69361682976385,35.76087372862565,0.04517685171723195,2.7676054874604183,10.259995210579,88.70224589492727,1
24.643205613592627,21.88675600539504,24.135966276491345,33.8783512186579,0.022392131121776414,3.941616764628843,15.762531575432392,44.730152500387845,1
19.816418150721283,21.455651632264757,16.50231528827225,33.85070202458372,0.09290807859051144,1.940489572590276,29.550773301201556,56.44533887876614,0
31.784617946079777,55.880656032907815,68.65435191227304,29.382252365018402,0.06305747884900344,7.099608324093829,14.492028727954544,81.65164566487941,1
12.15869338090087,23.21814996899626,28.158062608856056,43.32978247531085,0.005293366820905771,2.9211932711219597,26.684728994077226,64.03327454101117,0
22.95245901001624,30.21244516377237,29.47906692004799,36.719934654268634,0.04898249776777738,4.369076642197947,17.215417988381496,53.49280099140875,0
33.61387188858867,31.369710775295445,33.45456002136059,21.929228086243004,0.005996226526797686,1.8363883712196636,10.913097653389906,44.14332589805652,1
29.595462123489053,30.225751240818937,30.148471781839348,22.10820950302353,0.01472094702277286,3.2907465224472827,15.160732869297624,81.91714750830327,1
25.24464449463874,40.000164073886836,36.9818968911986,19.203261865853634,0.009792875809011704,3.447373646937468,10.314072457575342,79.82296272316057,1
25.477647563194743,43.30307663919971,47.616808944611236,33.51283332775587,0.009501274755423911,4.2639381547928235,12.864189288216874,73.74533988392737,1
35.93685490217659,32.33098392001057,31.93600573051284,17.998610787600434,0.047907163483074895,3.9758989877809965,12.685511628744495,64.74877811864657,1
94.17298795318422,31.761165327054144,23.402782616199566,38.833921435833524,0.0414603652500067,6.174870767505432,6.577176795112402,67.13824717618978,1
12.890052500282533,44.677910153531414,36.57801370558368,41.22973308345543,0.009680945783042974,4.909490219666438,27.076776412888357,66.78328740160597,0
95.90028490177585,43.43163182329955,33.65743847804053,19.209837310495487,0.23113008895443948,2.1788666307437965,19.26610218133369,64.45027792567417,1
12.38684416993929,49.16124477406258,51.05568940759984,26.144514654071465,0.027394949012291815,6.0489924781856095,13.88232956629139,56.203607625519005,1
2.302702429184716,7.889546388726077,32.524771073391,28.166209813624135,0.0051054751938954595,1.8866374305837412,19.330546478600336,84.37929920683018,1
16.13835014179738,34.37478473410281,34.610113897087516,36.83983160469668,0.006424009541433639,3.677278855535694,12.98711763814763,40.46513358138819,0
32.21923891253026,54.01894917564162,31.3776928317026,44.09343375609877,0.0438407277752424,5.855843345370655,1.9736282077814664,81.60676518601156,0
81.77395223970306,38.73345148157388,25.686242485109986,11.145076071314225,0.19332716188009588,1.4975281650031171,35.7401497993593,100.0,0
11.325962525282229,29.443960145445974,31.89857015085482,24.81819282473317,0.04242589206864666,5.385074714035843,19.13759926006236,79.50908829579625,0
35.78712143404177,38.32318513100965,38.01985780697411,25.33983304439653,0.14883716220658536,5.106123399339076,14.46592176411141,78.13061746320561,1
7.158599169749087,25.48583168661279,27.197350120036678,13.993301451134522,0.029361297674729683,2.7613209067274846,6.396511129935401,59.47812714138296,0
79.88084532450314,38.861407478148145,31.703206317601385,23.148899806959385,0.028620966802469106,2.3240948728551545,9.03510122914464,71.28784824839043,0
55.50119716515828,34.94702863285971,29.236417587714712,32.27768944350611,0.034658094965001496,2.5016822045182736,27.926951577329433,42.37827644208184,0
16.97063789785216,26.27138834041409,30.321403654214066,25.21321097160443,0.059771380627350816,8.441671297812189,27.011631292790803,68.94922778358016,1
61.45039186617475,51.506124281931804,21.540350896188205,12.553788313925864,0.022912921067927,1.527553046848575,22.519290215993685,71.25647164229855,0
22.8468956596681,38.03781467191457,26.40451283860815,56.740826980099136,0.09971313745800997,3.0533433208032763,11.309537769541116,59.09886300170502,1
57.44730919004511,41.123378699539785,31.43294471623711,30.661778652041804,0.0014859320663160478,1.7454679953635697,27.05984392786206,76.18824640482383,1
25.101681352385253,41.85096227175895,46.400410468318945,29.11694130106675,0.02896987517880111,2.811548125865195,20.698695707666115,70.95587847354687,1
25.920855790166915,31.24457003649037,25.987318879164715,17.020736369329537,0.035768806146920934,4.181427944944029,21.929546690109206,60.65081169752757,0
17.258083189536418,24.846674294901458,31.38241485261024,30.607061619712752,0.046701385084071304,2.2899102800646167,20.67702566665948,92.64782839005908,0
39.10512812214844,29.839526172176694,33.748152476318644,26.357862159585057,0.01615316090009041,10.191661158724584,8.958076892243376,83.78006731111606,0
27.402619208494645,34.128223292320286,44.03462136221421,9.114765872845936,0.02788537794940646,3.5912962747561323,10.811034295518674,83.9247022172981,1
36.343889172318484,24.85946629211875,40.0444057725607,17.297445599855838,0.03313456042478703,3.4557908927397776,14.938691001549829,70.71923607987256,0
5.505806077394587,25.82326074574243,29.86928054793764,35.94926017673945,0.058063226087619796,1.5674450889347333,21.86183824519868,73.76969719939605,0
58.80196110891774,33.659127747623316,29.659773169533786,47.44017650000441,0.0742602714592587,7.754207584170567,9.717407506541123,63.3248232128051,1
68.67436738967437,60.0,38.689335177394476,31.671654050430448,0.06693759681816441,2.317353081844605,16.947921510334858,88.72875158168947,0
27.307598832467523,6.357990425530961,20.61469039048614,39.03083278293367,0.020895844459981543,2.576590292820681,16.940342939021694,67.39548065678741,0
89.90559962857337,41.68964273022967,33.203590257503066,26.4424469141679,0.3753271813301972,2.667464514622707,22.756438135965467,67.6513669004998,1
76.72562484616718,58.765781655072786,47.93533193689497,27.13453839319397,0.09441307083504114,3.4710534368932544,22.048029213645975,80.003624900945,0
39.69587762299494,37.17282628477378,38.231609053791146,38.90979027619465,0.01505683393068939,3.97330175688095,11.938644425687203,68.55836507085066,1
61.972419480543884,46.83003765629251,43.466424591677125,44.62777289179469,0.010852222291020543,4.343264781949527,26.68011701692381,100.0,1
51.60786372384747,38.7394427095748,45.57004677531927,41.01096693465622,0.018845431463143682,2.6136565985582405,11.02056102749826,81.85248647196818,0
4.066945513555396,23.936708014868508,44.47763617714882,17.33636924615181,0.03010547419587712,3.6085234655110465,24.5534366514045,89.50915111443442,0
20.137444784189196,10.601457372539247,25.237890096276153,27.33041109684754,0.09512317122312686,4.3877423129842175,14.699130609909611,85.99679555221874,0
41.628461603396055,38.29882611087244,44.1152406155142,30.775246844762954,0.07533555244354022,3.3771710397704866,18.983555720600233,73.8924013176417,1
71.65885947567817,32.99276287532781,30.383823679457404,25.40322036492471,0.09527310872156336,1.8817660972763806,19.35592476062583,72.67598385118497,1
6.666658774715288,22.996644754554254,38.67871377048583,31.87857543415596,0.01586976622151282,2.6854093284701293,19.186244644252774,40.22993303693821,0
4.39483607972367,25.669352852167435,38.759814398273726,36.20576811668947,0.045003798041077174,2.4154686909254477,22.046995190607422,52.814813955973634,0
23.939677413853456,51.039565678312954,48.483154030869116,38.02809751955141,0.016651343296073307,2.693089858248839,20.348756987601195,79.7292373490839,0
2.53294268093856,54.428316824680515,42.5238854594044,44.85870152221523,0.005771842296134237,3.0744782416376126,22.70189477922323,60.974632759377165,1
23.313605163450276,35.66912014980155,28.92078274799351,24.705588952751654,0.057631951588039666,3.003171487119518,20.787719762070815,75.30002591876668,0
32.79231775456404,30.27117542406733,20.95224266670312,14.35966835160686,0.007715725148677455,1.1986795484557131,10.413268446444938,41.10433628070275,0
10.85888693284487,19.856568865414626,27.622329885997058,31.582345940144528,0.05508551839414138,3.2329067691849276,19.618794447347927,73.97450012302957,1
23.805761879537506,38.256265897391316,47.56660669694999,46.83811031184803,0.05220113510033047,12.309015718994916,14.616780584968001,86.20837573389679,1
48.4327151432458,55.09396327213831,39.55882609794274,23.23024140045941,0.08310198323555529,8.633366724884311,11.3444251325563,48.05016868155536,1
16.07331115501628,29.937592803000875,38.25604980488079,34.86846977063719,0.007515256106454673,5.447015994369475,16.2609606439362,73.78812082635525,1
12.574826965510884,8.096263637294392,29.990116659069205,34.95745792472643,0.07650365214715854,2.1189280124077046,19.099413594210546,87.66798519722909,0
22.98411585811071,40.14811409687184,33.78975587133135,29.91442047344609,0.3615722937323227,1.7348127158354636,19.498050167926706,94.79812291171413,1
9.833800556091886,41.32906719791428,47.06238557932187,28.069247210437144,0.09520469517318833,5.9391402163636915,24.336148470841607,59.414274048348986,1
85.61114999298243,26.983216095088892,7.5240004821915285,18.765707942786072,0.06967845315132817,0.4908656087387161,25.843854713829465,93.8211851677695,0
25.689112208469236,35.618208667899914,24.465281237254565,5.183379275794227,0.0542599359138477,1.6836710941815722,20.017684984544136,91.58466974177507,0
13.750522609251028,36.57483855274864,27.304877050231777,16.88149293335971,0.02739017137883882,2.9377575669737435,21.102638262056455,73.77082538355589,0
29.376856373424907,33.67545543592435,26.91246199143062,24.096958508883006,0.06555937558038423,1.7385728822670363,18.57185419905393,90.15153510963715,0
22.88725471207519,25.52537901595774,32.90025521587026,38.97422687422707,0.06439998381295485,5.233999141258598,22.603352781897506,69.03952614234053,1
20.96043690291836,43.30343777107331,39.64167753286054,26.968719376486245,0.04991549535424378,4.984683658220902,20.921928833022385,75.10679953714563,1
16.069798420464224,28.376672303382808,34.502593498753185,22.809742810818513,0.07955004082754327,4.544415376879303,17.673071436853178,58.889821287159805,1
15.4250011487286,17.461888545309968,31.753407371183883,19.090145580465695,0.029779602348178155,4.974697021881453,30.911895402025802,65.61599786463934,0
5.640527831132326,10.351334317973041,16.53969717402402,34.56805828509481,0.006462896110733728,1.323143057451296,14.722899819349088,72.63384811437192,1
61.91011024159218,51.89501173623193,31.01259616003422,41.58357166430605,0.04094319963373544,4.161108609924256,26.726741740250024,66.93273217263192,1
37.90954365527348,41.853071313002204,39.91178598126378,38.634357218674594,0.015397200212977824,2.8734722902231304,9.874242442038376,69.22811313394338,1
31.5246923501847,35.6084393238194,29.201519140356247,34.06149699758469,0.02426058214837841,3.658369377319879,22.881699218708732,82.71804368423899,0
22.603800315015715,28.987823678744324,19.031329108553965,13.2438725361706,0.0008784163612323816,1.2118333224772013,26.619410110361024,100.0,0
10.685878134913079,26.312897578205693,38.29591330761413,24.483257571562287,0.02412734544812125,4.360336283673398,6.556685573952482,36.39559825225401,0
13.027465979726266,21.196753412542826,39.63951661703551,47.47304228889675,0.08272205318044219,9.140787059278702,18.833703438330563,97.25414320579951,1
6.334164358925235,26.63556820823994,43.11151440088525,39.21950491915225,0.03912322801893128,2.2447345707857975,22.292484247464262,62.368756405443534,1
14.453132090919503,10.967097662436181,25.882900836772237,12.624967817652749,0.000492443410199376,1.4911993217591515,19.511781624768396,82.36412445359467,1
9.360215305786488,24.043395761182833,34.624815072256354,27.444094768007286,0.03172918185262482,1.9951900032756826,20.26893561364178,84.2884335610334,1
73.97019806138262,37.98615454569645,46.15340760517387,31.63098432661039,0.01722684880451519,3.433887809769062,18.817338974259982,100.0,0
46.25422503878657,43.03693422772218,32.083447370901396,20.3784153697378,0.03246136239857509,2.2913518988364387,11.434513041830447,63.33141703681045,0
26.528359403527084,33.57998927679542,42.31741718315091,5.0,0.025933878610077395,5.405173785973892,32.20827355293265,66.92660225893844,0
11.755412602736492,39.71254302916606,38.08818708481209,28.988240450164316,0.1343971012873102,3.1885086738738666,14.978772820105204,66.54714103625373,1
9.81298325266278,44.963298539033715,45.29501263435421,20.122417423795607,0.0021024550096515114,3.5901314675057447,20.60496743267343,61.60108901307238,0
21.492283954236903,43.80554353137655,39.0109615795581,20.161582609153157,0.05753550763942858,4.475434127100541,14.118961937487438,89.07987141343447,1
47.56626491475556,41.8400382109989,47.106068962383574,24.45319640069242,0.09519937438194337,3.254040208327117,4.34482085987581,73.36083746777912,1
6.519602924947248,31.09656723054993,34.226816992552266,26.66324085345188,0.1600009673624014,2.582799562393367,12.452922757506187,42.02570561286391,0
37.56330578964069,25.826615784310512,18.458813837984863,27.909172059043136,0.009778621751890438,3.751722591783121,9.314359846349172,63.01745382322168,0
14.398508974752769,39.55921686000608,47.439099802520204,19.160101010779986,0.03789013096966688,5.400589999003575,24.54940523534694,44.20370139449735,1
16.70357095599316,49.30300946561427,32.14095785846881,25.797904703659228,0.0022284072814627675,1.6360547745288467,14.35879190373327,64.91563239079852,0
25.951438186396487,37.31377612446366,44.949976131736776,10.425766295972448,0.03457577806425456,2.5579791297426073,14.915451964920223,80.27853275579834,0
12.114206751290757,50.98972249695485,39.67394594725937,31.11039065368078,0.0067027530309327525,2.4630008814231075,11.614015724377582,57.60569126570282,1
20.652400794688194,17.84214303859239,36.544945097018605,5.0,0.0909760668281328,2.693743678983729,18.564212392290614,63.08498568941898,1
11.221776588634457,20.141632640499754,37.134801975134025,25.105099195663804,0.006044580760912391,2.545803990355055,13.701248901832315,63.122875932653976,1
15.411628602800613,40.863759367902716,39.78664754168406,37.19186153676954,0.036004172352634256,4.197708275039732,23.95412838748073,70.1934631280888,1
42.6666570358708,39.04290065691313,39.6854428037823,17.406593127251735,0.03681276316289472,5.506366849109728,19.812235938534965,81.27457308670702,0
26.97331812685792,47.18381948474676,42.25455673143924,35.164302036574,0.17815729063438393,2.5393295919451537,14.569045285653312,82.5034950444021,1
42.55601738854971,36.22868620101506,18.3808764301574,39.55732712120892,0.05320774521044352,2.574596735536484,23.101398311022116,100.0,0
14.238497370483412,23.456020380289193,30.329049903301296,5.0,0.01697265426234601,2.4336028654293584,18.047643138139428,69.70013843909777,0
37.7574556573006,33.52768592654466,24.482560962042704,26.486370964242575,0.013774456137696348,2.6336684824997034,18.128981434139707,83.58838694115585,0
4.872008212303175,15.403961522608135,27.531081759008558,5.0,0.006862526754594512,3.315714764049206,9.224190577608447,42.16105042728651,0
25.942769642927644,22.6055087154688,19.8986631151218,26.81791554429054,0.07063494033308697,5.476029151675307,17.573483203288117,64.50080914510252,0
39.51735758771215,45.65204361733693,28.781201917126175,27.92828789018673,0.0586813395785202,1.8661710933231426,19.92926783590799,68.84721811561134,0
4.65417083238544,39.42599976955392,48.60987592185278,5.0,0.047064676564725454,2.6125470223956127,26.00140093319007,50.67111083167053,0
14.382515496031354,35.787420172465474,42.87054717397971,47.248383620798656,0.0020848919683318797,4.117017695438952,13.488638220580064,59.83661212869323,1
25.92915031832721,16.678597338144385,26.63829825570452,30.86015807634625,0.07194866578494048,2.3340973893740036,31.668651740313067,68.57355929883103,0
49.98840924143956,33.91422563108705,35.043839454427015,19.509765679179647,0.051345415578356216,2.1078218901817514,21.341209900973915,67.4277312358158,1
15.409937904209341,20.061491799030893,26.04126851366829,42.65379427498519,0.16605770492934618,1.5511210267378202,8.883528743797156,100.0,0
36.72707159719576,47.274393277457015,43.46876831881899,10.043867793576833,0.04423986122066977,3.810450135029635,12.928811315486662,80.02954444310511,0
64.59562344710827,33.85212218144023,28.132413940185653,15.708289664816828,0.018116826070550193,2.1213155928418264,26.525994985300912,100.0,0
37.92271258738742,24.830929780292617,37.88229401506071,5.005444763301014,0.024024565839354667,13.818998000718546,25.459374857774367,94.97431019998756,0
21.27057782891265,33.48854832555114,31.370724602107572,46.010451965393344,0.009669572452029157,2.6099542355730883,18.108560889363016,59.66542356402674,0
32.89795595633041,28.533148825103442,28.05448356339155,31.323463714720035,0.064171400461457,1.879966122154192,18.899506218347113,72.14299820256325,0
15.033051604447689,47.09239684270422,39.010662884960425,34.59401789848495,0.06150243558175022,3.932825969556455,11.012338357644174,61.48424100477088,1
26.714572365679796,26.65907687951006,25.93445611239914,31.010012339184758,0.011197820046703194,1.856825036275219,25.928656441412052,67.91557308384098,0
22.10487671002018,19.323448914256716,30.35883836167455,33.73767761144585,0.008627828879566844,2.8807192582147323,12.073397479353197,54.77447030417307,0
32.12408371560268,13.289477399765246,21.0168902453989,28.780777138959895,0.004006569462067062,2.3686304714691726,23.068446666740506,64.80178680556719,0
17.842181947992866,32.368462268064775,36.6955737297766,30.709213427074413,0.12150714312528173,3.0434315450645495,26.112254211990827,73.96121961259715,1
33.44290642961585,29.397134825863112,41.48690624163706,29.076034362229507,0.013267976480101782,5.254456218379765,18.288933325317053,76.68541214005623,0
17.70170312726306,18.36620940397219,21.591910267123485,21.914081944307213,0.021092189984909294,1.5678524215403478,23.805668196733194,72.34139560369661,1
45.94802359092733,48.784468151196954,38.46918360211741,27.53375234785331,0.016460250933056465,6.616685813028886,29.085838248154168,73.29448234493208,1
19.203125681731024,39.55292032655207,39.5118138349042,30.735945732616777,0.026689754231442382,5.109693806922669,19.60781279526443,81.75176151490031,0
2.658343361107703,30.116572714793858,28.55977024606629,29.105491195521306,0.06259670549661217,2.2382859213713955,16.94818910140832,61.67602328104347,0
10.118827073633383,45.16108650275367,41.77899908771479,13.22227892246683,0.10224065775146514,2.487321899488327,17.5988828546909,87.89705051115092,0
25.358369251579067,40.42911572172299,40.61483717390311,14.550133313915907,0.01008125890186499,2.686458810924104,13.54207258396747,42.35771049505238,1
73.54379893140494,32.80301082452642,41.787298540165,38.82841433916391,0.05798381763500485,2.898204976531594,13.40649724357876,89.56092514591734,1
44.746467776572544,26.31976852657822,25.679987041951993,24.93005954116598,0.02173662312946866,2.912068671766784,20.65444058295422,81.27486023902487,0
1.9750452290779585,38.47607222890031,27.84822696971633,33.847253470359405,0.19693675154485582,1.4873665549036355,17.016301067104294,55.27651068704234,0
5.90733573160686,34.84976992441454,31.479288853255866,17.078800902776038,0.017756603830264273,6.489149752223658,19.965415061107596,60.85300174349222,1
54.33344259948695,39.84749406962966,28.196978911475064,13.2685412335347,0.00036094750201086574,1.6176273796956984,9.060383100884572,82.83855260653294,0
39.36486741237094,27.439752083166567,35.4918864656466,19.56403387468287,0.03624633967289317,2.42958512525351,17.44428704887716,86.61200218970544,0
99.79024200887133,51.04801197138824,31.125194387144006,25.77434929228587,0.008168969937171911,1.7877267295109454,24.18070710054278,58.71610087680767,1
17.117864209272728,25.012690800051416,48.66920766604207,21.348597007155877,0.00227573412901786,3.026698363374581,11.28645433814389,77.84726385666838,1
11.88987962737676,30.763615398169737,42.6728690518579,40.93933523105714,0.059911007787110615,5.769938457946198,18.099158484807308,60.513208142112006,1
26.411640590910952,48.431187552506444,39.47308117780509,29.795233015374617,0.06588681194104558,3.88359146276135,6.872344134609534,87.16167473266049,1
16.844088666374766,25.918270941854754,37.30646432072571,46.489386185618585,0.03087407233532304,2.381112139142906,10.167227866360957,40.77968952603229,0
50.95495774433305,21.91335109092135,15.670925521882207,32.044081540714174,0.05648742906356994,4.891226888693549,22.845965326068296,100.0,1
16.36706913196844,21.929588451094162,48.95882203163413,5.0,0.03863544042531747,5.67395022450977,16.144294240122303,54.981314831182225,0
20.129598303995195,42.96242801247551,32.46325430738629,38.560416064585546,0.0496857435536428,4.425160868867961,28.93243719323125,90.47533746264419,1
10.432720552266328,34.112219456642045,32.68090847146194,12.904483775300452,0.045404221442238754,5.396967853746684,20.594658662545875,66.04877481446077,0
42.71084891166429,35.117853549862105,19.19967512243735,30.30533667211339,0.054804189010419085,2.8933088765232937,21.183573989335947,61.262168724330905,0
11.05682413098802,26.56758556653251,34.51733266454016,20.253159423361552,0.011134098435066034,3.117918715081388,11.541107700630604,71.18807490691879,0
33.89118513882315,39.937276846355374,27.12415748192528,49.42711034464186,0.01564702795844386,2.2928101165154207,15.689367738933282,87.21511870211016,1
81.80062334353488,33.779044991628,34.324864089179435,42.395979274301354,0.028987634648370505,2.222840619687782,13.604182907714325,58.06955265753554,1
3.9527271844296257,33.64956476409041,29.105630442239857,20.581793582982417,0.02954108414338932,3.085511903560954,11.607349562696486,76.31437817619106,0
66.60242522022178,32.6778180949037,24.449175758518734,26.726423318788882,0.0744521836884141,5.627799769661122,21.983358756576813,78.13780756418801,0
30.822924756217297,25.646844860682055,23.823845930171885,30.445980696492175,0.022895347240599752,2.9939068278838734,23.187095194612077,79.82024618973847,0
8.92510881782059,24.96389197442297,31.791861062453357,36.634140715616105,0.008867008589522139,6.631245955569326,20.39362316500469,66.94965212364882,0
27.17882056295519,30.322748619603658,21.877171664890867,28.291519123250126,0.014481930627505768,1.9768226939840536,13.031596840644077,61.85773153127123,1
41.852606879548276,35.789592672595205,28.325343700849466,17.751051006191332,0.012086606570195692,3.7920591323765502,19.984380210584774,56.67367260533147,1
12.604224608889824,34.245191642444624,39.00426370709367,20.82441360799947,0.0657750258789802,4.042246064338733,6.523929591206063,77.61052160248335,1
35.28645589838463,5.0,42.819838998994506,27.955182036232088,0.0317759630068937,4.360948286846114,25.93805561224824,82.06637106265944,1
70.28336017567656,32.46599844888384,36.80710993597758,40.34456978764691,0.06165818686366984,3.9118671784993313,10.21109894617538,88.99075575049744,1
16.3495652489623,28.536735013783954,24.076600868095284,32.27837860536044,0.02691152663014177,1.7050000248705524,11.277246105369219,74.68385784140106,0
10.315923175721542,46.598008862441525,35.70229018439812,20.26585073384984,0.11024370918237564,2.0951286981050976,18.691753617421156,81.23366771273636,1
22.642402047854635,22.596334223356873,29.291245738563376,34.4837277770979,0.20528132135855875,9.15593351513997,19.224957361452272,90.61951960611556,1
26.094709080409718,35.54217254306058,31.421469412138574,24.130151611218402,0.055409274600585534,1.6637795140066722,17.56350840928929,42.07267410498417,0
52.738948621601914,52.86114539059866,48.36892349013493,36.90408005186841,0.09968615432762569,3.679679348784073,11.33923235410622,40.42082806628406,1
22.063325065035258,20.17981346028256,29.811713248226823,53.27010418328605,0.03545704679291977,2.597635522265482,24.800087961619752,95.18187541120173,0
17.61114561732919,36.5814241012434,41.89538871977632,24.411736290564505,0.1363775865573754,2.987402886545261,7.884304793584498,48.406531404687996,1
10.076311303494313,23.488728356178942,26.87994102009054,36.01605159726371,0.08906664645224378,4.390369356552383,9.100386057309331,50.721612958854564,0
4.696368361551433,25.65811783134037,40.8672488903062,20.546066679622704,0.2400505666958445,4.77909516020225,17.358103368273113,61.625058994186425,1
7.416306342059076,23.081337611775716,27.900650370457917,26.877362328087024,0.04878793786352936,6.107530139965068,10.414596108933674,41.67368758771528,1
7.372310725457293,23.787273524659735,21.745390456759964,28.29562286872101,0.07552642458111322,2.0939354712653433,25.33575165765555,60.75066168547689,1
20.302445546360136,60.0,61.418563048337774,26.063163399556196,0.039139169787066476,4.731977915889225,10.930712187522511,54.83890894743205,1
5.727438214600897,39.30367445290679,21.121647805473785,52.63013688775024,0.014995837543004757,5.5130246540581584,27.342162913261873,62.645374597465064,1
23.96325521578498,44.61186690022984,31.934836957652514,24.934069253216176,0.021906272728235313,11.778718375674774,24.21073299462944,73.99027061676352,1
80.61816178095891,47.0126591355088,33.788840839560365,33.86851538784868,0.11221836342728626,8.65606005185884,25.410334413045504,75.97055897474831,0
53.77686057071257,22.00396120158731,48.86803466508743,8.699131306765675,0.00287869865209211,4.9739911597889925,29.322635897719472,69.84466283318531,0
20.14613248177316,36.971499575499045,49.243470903371716,32.3199656336961,0.04476070636991568,2.771339393188305,18.487367544574592,72.89916344822933,0
115.27718961071838,58.02087458668122,55.15977498381007,39.42054592352247,0.023299308104567783,2.804906820884442,11.922152425080254,100.0,1
26.16438352458891,25.39066278829722,27.510995816308235,22.72402657420949,0.024444444973383928,4.863985460859088,17.381952745388148,94.27734190874277,0
29.035427453620617,44.00858078965435,57.01285634659594,5.0,0.10795507224425015,6.527615852098148,14.600006367546223,67.5290116806909,0
22.307377651148702,40.3894687462131,39.10260352921301,27.61348231172675,0.0961466392025121,4.6988160186055765,13.744852364917666,96.83481280907829,0
24.3710844126134,52.17606311002871,48.68853220643646,28.17183850385528,0.04567004252688683,3.0912222166672354,18.905120620840993,83.02481940394136,0
15.884117787421266,28.204787542977,32.71947806604045,35.24075050744304,0.015935859049968314,3.6782647631412893,16.12977471475352,49.696696747886605,1
20.380320748015883,22.080938289445115,28.43664274519203,48.10903035413434,0.032261331258773084,2.1821534299951493,13.48674189409802,50.15794031539805,1
66.89867177777455,36.418519672940725,32.55317847776526,24.199463493996934,0.026237218228207005,2.825691574207795,16.52758564447645,69.72041659651487,0
57.726596544016324,53.01469941323868,39.52875981794217,19.437118763397194,0.021818233193800676,2.940380171832453,21.29387078522223,98.21437905919916,0
2.507991660474104,12.092139940651485,29.704789165685224,16.330821986285567,0.005423020131628037,6.383702814915933,23.738503239556177,57.98108859861177,0
6.449160122929129,10.283616864129048,27.05104513585472,29.980786170315994,0.03916605621055106,1.8861093026997828,8.382456520854063,37.90447965699173,1
12.76013401189192,32.80797289109992,32.8714181948105,32.79354258818502,0.01796472559166949,3.367227635091659,16.180793482028747,64.11876366906272,0
47.84932376632371,32.751505637206996,45.17679419647364,22.543446056374155,0.05405943959940582,3.154483547767833,17.15194076715177,44.861285239858645,0
58.59254608077711,38.866160843873416,11.812439787623521,35.78682745725789,0.019224624145851018,2.7663887603386903,10.904879866634207,60.893724512102345,0
41.740914264905975,45.71425485209454,42.364799924207375,32.653840768191756,0.028208111015012017,3.781050953576644,17.281765601755808,64.5427567585924,1
8.890433786247465,25.807871606748595,36.06505829597127,28.432316896448903,0.002689049527725741,6.956709545937905,18.887973657240167,69.02312042111987,0
16.156216505955747,13.693374166587157,34.65305261267622,18.975852792558747,0.24489705862114666,1.9469594338052627,21.113007271685944,83.59367820029433,0
35.72456938447117,55.80350097967012,41.802428863441165,23.18135684515277,0.03542424859840243,2.5886880160116963,18.462948153790023,82.5569530274707,1
20.628927029048533,23.12205617996952,30.91218301105947,5.0,0.001226807942408683,4.4534537410776025,12.714303540014667,51.435913429097425,0
18.42141871595528,22.172841587272316,36.756723701426694,30.357870641980337,0.03896038598817228,2.7580595057214286,30.07218016543108,63.10859981070627,1
18.641163488640675,43.83337466052207,49.46268109845026,28.263412887474352,0.10214738072061524,2.835659377115329,22.974760629729587,69.87386652826663,1
54.84109219345398,34.381272618602914,31.34822116601102,29.884789910894863,0.07404171142311738,2.967034775824642,21.3163184678992,72.0351115719933,1
38.333984063209904,35.116199089133374,36.18228590067383,33.043190155645604,0.06034998305349394,3.921036506182868,24.028987542065614,68.62736842461756,0
19.471990152068265,37.74869976341342,48.52807162015543,31.85821486432223,0.007510029437586337,2.5181285886347844,19.46765503086286,43.05324816059958,1
31.862280072502386,45.61517304197532,21.25385260975932,26.896168193539648,0.05360880311925756,1.7522471770460617,25.717805313131727,54.08144374740587,1
7.755976215318471,27.82878950048005,25.61141500167534,28.486680431627523,0.07268550484959173,4.59596383167966,18.341231701714587,60.5070975059746,0
16.182245414265168,47.62685687128277,50.777430577336816,13.956835833038305,0.042480584223377096,4.007829166262216,18.010484761645102,21.838063958675598,0
51.31283171096164,16.338926269296188,35.2758731765849,22.162793543105742,0.11162917196777816,1.835834106763769,21.811370872747222,84.87223114234014,0
5.348327740500333,38.400121530605816,39.53961029965588,28.504710536834615,0.016216596192281493,2.639415463948866,27.45814527774554,45.47947905243402,1
38.667345396394644,27.404826229282623,27.373155506840085,20.641464240876395,0.01386314041582493,3.4071918259942455,27.072291691735842,83.036041078256,1
2.472459094127238,44.093582030199,30.58288482019625,36.60150795872546,0.10184583195452208,1.9738306583026002,21.557085589559975,74.4782318858891,0
74.34258227555218,42.57183212963828,32.299007897916326,21.413679190449695,0.0490945899311986,5.128407817732351,21.099671151460797,71.71312080842468,1
15.862740868061438,25.6503578101152,42.64420889059562,30.163054112483163,7.241343780455746e-05,4.389792116130531,22.176254466578918,83.18077305913535,0
33.55314896424152,41.661383274852554,31.637011796698253,29.16565656815336,0.0217806054727233,2.8568179204641213,23.913725480019583,82.8585899667223,0
27.277890065411043,43.02356698188417,38.020810506670934,35.462775936104094,0.09754572754573612,6.84597989188937,25.79239163647945,65.8211559505626,1
28.024995344508884,40.622690530262716,30.21941505321112,37.00791174028302,0.0013849814283730226,2.50547629524238,16.5804954959769,64.27860484102631,1
31.44681448086728,24.420059775799487,36.51021615111201,34.9403261096794,0.00016266071146187056,2.361461630119366,25.90836773902435,87.7478546811388,0
4.353727177506828,25.81288784040518,26.01534489339054,6.939937986168665,0.016512730645106215,3.466656539195122,20.057970684427836,69.35095302661632,0
28.456916643797317,34.22780912535525,32.910372528906784,39.941481480131266,0.12267042065345812,3.3488442471774924,21.9055897349997,86.36184085428161,1
21.60374732848238,32.82796557277175,19.664129164766095,43.27308224194598,0.11587355787058543,1.7998886406032981,26.291695929203968,33.486138350405426,1
15.93663001089924,39.88794925601836,23.048233812767826,23.178757156785306,0.036569660806645844,1.9945782532031036,22.48237350054407,69.66460245747177,0
12.754099009557077,11.76410252636748,24.767026557119046,30.366469126728497,0.04028633689430748,2.254045817057431,23.495973378917043,43.889683497370825,0
28.987536404757698,37.69140100624869,24.47530316091738,19.09168319869218,0.020173954925360574,1.9119555826130212,15.663488800305473,70.41067966865009,0
10.436948738212884,28.665728766365532,48.30698462122223,8.516214932678487,0.013968281640229783,4.892763507853021,26.989869262498082,77.79469287283084,1
50.6943991747402,29.219153712371508,15.195476588050608,20.61284734457614,0.08442996927456255,2.867195495449481,22.17412026645675,100.0,1
35.313975954826475,27.872228615527977,24.74748905689836,22.598609605363897,0.005618968989984561,2.399790704051963,18.756394307042985,57.9902942644075,0
30.292972890174124,32.398569288346486,33.093034653478995,24.451492686481846,0.03340852269753173,2.6691646535661624,24.606446321358614,63.17302249850508,1
49.26650711830352,5.0,19.078936497633723,18.41085909994012,0.05031039717625532,1.862368869878022,33.52698298656299,73.42030781752764,1
3.6111388836809755,23.528775124636645,20.578346396543306,20.66574833182761,0.005472905543477777,1.6955829592285687,10.986452989068392,51.10426125480784,0
7.506108616755269,22.367768046050358,21.283684502457998,27.889936783715925,0.03665754794055841,1.2433699935298497,13.177604262460306,81.1796176551899,1
36.42397265578774,40.791427991594404,28.391338576643854,20.297730168898582,0.04308081095229433,2.0440757871400574,34.1118318530153,71.2333763506732,0
13.41505673326942,23.956991684885207,27.289023115393583,33.43524332550028,0.0678360129997425,2.1393126207745796,20.560169053826247,69.51236669729458,1
14.929370775632103,30.088267614639914,47.650739761995354,34.81660651397439,0.013383257663895975,3.969285472548638,19.145218071789408,77.2884710567388,0
6.455837386459568,46.391141884581955,39.179955126298466,51.803877461644895,0.017359397497898624,4.9315675898321185,17.30768555002701,65.21549473166077,1
10.464009314874827,41.513116595385455,46.06845055325437,39.256799321234624,0.04214285387098162,3.3107986574782258,25.25061600582864,54.829714940336984,0
51.45785476226161,46.74139221377377,42.75236765213464,30.431030583284144,0.20410028000902183,7.929642260995867,33.66748385286172,74.34626737797531,1
35.82153631963039,30.37450614383604,41.060701641392185,21.797357033323213,0.012262632227740326,5.5660123688596075,14.008868755599927,59.321586871225236,0
28.752875570581864,39.743254128483805,13.497587230644836,30.93747351673999,0.21309259728185365,9.048042221170878,17.418739636863997,72.37028845086367,1
15.42753336469765,29.97515200016871,29.554396630881648,31.265959599163562,0.0626480926981228,5.655944797906114,15.895637228592804,83.03957248496648,1
27.437923480493414,32.15475641530463,43.31898595132756,22.86686910994339,0.08745858777883397,4.083959314816071,22.397189860915667,52.86291031201371,0
54.51296865594985,42.27379873585797,32.33563291234852,35.83731396752878,0.004695827321128949,3.441773965455342,25.33436062590345,52.91702870955858,1
13.705710307910795,26.085920661977294,44.534153583747816,14.019019853181247,0.017863769596479905,2.504142746641674,27.7255967119987,68.47989110037726,0
24.328553335051534,48.57931404468977,51.30284684801801,25.556001644624896,0.0029735042839506547,5.128285031663159,22.600309695721684,58.34871641585171,1
77.35960933322174,40.002640004003894,32.24801027258186,33.55858459317407,0.023224701351111873,3.446016532870896,33.11599674746171,80.94810098282389,1
41.36268328725727,42.38800815568524,32.92989510990324,25.12415852407903,0.1989339481243916,3.060711541726835,14.551482100755521,78.07858946659697,0
15.613145902740053,46.89797667798398,30.650343932357842,25.932455965707288,0.005561835234811163,3.896202009721751,12.992756685403776,35.967335746619916,1
39.07799716148593,46.17823731997464,33.43454107307947,26.622141388077196,0.04131939161510753,2.845873127061358,26.816065759897256,83.16334084717532,0
5.254705411928717,16.69901478488406,16.818893400602303,19.643987593122546,0.00030445619790667904,2.325029952690657,18.73699391757802,48.50591353805701,1
23.586127057562344,37.98687800873319,38.62524064695732,39.73900931574208,0.06235842514478804,2.947428490166571,9.744358059508315,69.38200615304213,0
39.048326687052295,44.364442947664315,26.097405232294257,17.81962328077185,0.01098202797128995,3.832109897970688,16.103622170175303,62.918930305834,0
33.10890180723993,43.884965492693475,42.38385032659916,31.18159327409885,0.006939231889318913,6.304018663921685,19.533951924583643,63.34242513968357,1
38.78597559665318,24.684947998351667,34.89860877454265,32.13647898282373,0.020550357758068835,5.420683091535763,14.12251057255587,98.16656421360045,1
44.8755265706203,30.160976615419806,18.774755404696542,18.51378098791033,0.07371133674607787,4.022532499480829,11.912035877432468,78.76411812605897,0
34.98787888744136,45.19376419053242,50.47605452683969,28.731042543807433,0.005636775896705732,2.5515700018675522,16.754225180844745,85.56790182179213,0
34.276503423840005,27.523871806749543,35.11842307802159,18.90367827255298,0.013057784481333752,6.614043196337521,11.612799477829732,74.11942099780914,0
29.241380742504298,31.3892465447325,38.553282789451956,41.91042475055946,0.0004250224137280754,2.570488577725135,21.81078623388139,80.14847976832517,0
9.365160085969832,47.16353210791517,32.79609123082389,16.61217063023787,0.17275343037510144,6.017852126808462,6.337170918642922,73.13370744934574,0
51.44253546697607,37.23838781619851,39.87438807426436,21.461029057680356,0.04484225154932158,2.4324410910015706,18.542549567792534,79.10534926369759,0
24.241814157739952,26.368530745322566,39.55855989590555,15.757749916444194,0.06363036492772366,3.136300211815387,21.117059328649816,86.4557014690182,0
40.65562807675966,27.3221706428849,30.140001065116543,14.42301273132448,0.05268909357740004,4.274784904028121,17.45675256150974,75.47870742301599,0
47.92714259059604,40.51626468444128,52.2218855477634,43.91215290882293,0.007795544004290691,4.655947069136157,24.559337382425237,100.0,1
16.279209817111123,19.110401387794578,27.996677634421335,33.427746739125624,0.04518599620452568,2.4752751563787134,9.776632594775187,82.66381555560879,1
17.49465269586621,30.15083826541575,41.186621709786095,29.40293425700544,0.0070445256692183746,4.329617197492281,13.793462991743313,51.4058200730779,1
19.478127014007594,36.254024402001356,36.84568021886978,21.434230366530784,0.025644425332588174,3.4346360002023264,16.019792122494664,66.24737976805679,1
58.05438590317897,51.69965609095352,45.364034699236356,37.07611811046768,0.04207808305200797,2.913401206068265,22.276347416455838,82.56704117299581,1
11.369509012367299,38.38090715555505,21.981704721143842,19.75777560632547,0.04092204286656698,3.1778641083719945,19.311045516276724,67.94135433815401,0
64.79306465687512,32.57830851870948,35.999753313206696,35.93639294330103,0.006339050021350951,2.2569207682712573,30.860195896454506,88.26171421595755,0
29.002703569479994,46.1345987110592,32.57403867436555,19.274887233943637,0.0017521430488229618,3.9969657157741203,13.16528461815664,82.7557912864041,0
30.536181010678575,31.58527677612701,25.862924264229303,21.55492298124328,0.08003241122694046,1.2993776661349512,9.630066608516092,50.71343141515125,1
46.48783400581953,24.61614488037884,43.79928342787937,35.58282386117921,0.06471720679978947,3.781531496539038,28.734533897598368,93.51372997191133,1
26.62751561983875,32.273713750321086,31.199323515629644,36.63827344155767,0.004268031805059066,2.585179351785407,9.414848496405703,62.873241141677084,0
51.82970336339861,52.15614751596681,32.836044358582754,33.97472933896761,0.006814790150223448,2.36403974928762,22.09837626839427,66.42737308470836,1
16.26112252560707,34.09156887949031,30.763574526925126,17.503258842432054,0.11155220252453463,2.9883130878261417,12.127979747868185,59.2653886145383,1
63.427837007941946,39.63939419448916,25.452155846420354,23.53273134277171,0.07329478699438681,3.3456392186440373,5.584089894913884,89.81421349144713,0
17.32719334377029,48.971195448594074,51.05955392500779,29.568987411985134,0.27811800275584064,9.275715991662775,15.751297237120609,64.45942319653727,0
65.02742888529288,25.44056586224966,24.610780391567744,19.507190380899083,0.014650642739897267,4.810834435861695,23.396999774862962,68.05221111199296,0
17.713977119809773,19.801105427443744,32.15484164252685,41.70962760129293,0.03345229702943533,4.133418369811456,10.669373469161558,62.1834080623089,0
19.930648924537707,16.831132629012334,37.581306765287536,5.0,0.0134894605080816,3.182948798249016,21.456568368868986,42.065754901169385,1
10.1606917071935,35.25058562087957,30.099012798633993,20.212604846308473,0.04874900476709815,2.5005855680032414,22.577181367118712,54.3996818821664,0
12.884450061222738,33.59759878033466,37.69521897031615,22.904334971301683,0.006131790516075163,1.9509019590814562,10.369859150884176,48.98313678244806,0
24.33432729439979,49.07751276695773,31.39031666754765,5.0,0.006804915516634844,2.459269849994662,16.633432267725777,65.82932550144159,0
29.815360486726995,36.90705484437675,54.32897849066018,14.037708697638092,0.003730137340848043,6.489166958194078,27.462448933962982,80.92597115144929,1
49.31618164176081,33.355855651471096,40.83338333752141,34.252895125420686,0.05914092093637462,3.0107656109771517,21.90355571978246,83.17137484235056,1
21.080863240422016,33.18007821484437,31.731179775851302,28.30283636552964,0.034068102682236354,2.8248102667344406,16.43104521254388,88.06743011128316,1
33.16058418966711,36.151161813059645,28.277794878112147,43.731360220429025,0.048081564784662155,2.0483433781449465,20.491772887523517,87.14175409738273,0
28.363849434428325,17.53696468188258,26.102813450036024,43.45226445884819,0.10572279109567094,1.945916961018162,13.888420149177312,62.74381916311001,0
35.800210647554756,60.0,41.28013022118785,32.330463786039466,0.0674168924819066,2.1917437587661945,24.68217407031015,72.44611314081665,1
14.572161791776633,37.38453444978561,50.57737021191029,31.132382490007117,0.03096909147018318,4.43168865813985,24.679560387612838,67.42609094503405,0
16.06264833628574,34.50948033066875,23.999514354548282,28.659311085789003,0.20788335401108737,2.3886416592561206,18.72543549051633,35.94673942642885,1
14.576930319589438,38.33817939072422,36.41368314261132,5.0,0.030463845856658935,3.683293959646033,19.384236938746163,49.656493010271724,1
55.81738817442853,45.46671803203033,38.03998267974245,14.054404866739247,0.005964558986093651,3.4852261656885113,12.007218749965965,73.65417747761902,1
63.830584147222424,38.16905276705904,34.32833870406466,29.00675503098934,0.24568505295770238,4.9237718795228,9.887781437593024,75.17267030233236,1
15.496294389291766,26.01203279598676,29.535879878887968,34.160257087476715,0.0011542576755236955,4.2574944424847025,15.740371536350816,75.78413469093584,1
15.758530113325003,38.35828638021579,34.414748071122446,30.896698121381405,0.03991244864978135,4.6727716703666395,17.475589741852932,75.10633046570271,0
39.36879772584259,39.762428064190914,42.889499756333166,19.075350322843423,0.018487682695460556,3.5277276907972754,24.375764984327933,46.313372013672485,1
68.53594630120176,32.18149095428618,37.74447195365396,37.37406282469496,0.03501384191543738,2.760767848541506,23.534566503709865,86.4861402771033,1
78.39539439021945,55.94966527220555,45.73115899986452,42.824440287546366,0.04090298570666773,7.705758469627298,19.10899733015456,83.35788697485035,1
14.911925098601731,35.170309128020094,9.796208754045887,37.3798960029134,0.013728151648841955,0.601406285025744,25.143233906236723,77.33298274438978,0
18.218675907660387,40.030995008825364,38.41075699683546,37.89599329590471,0.040693336197340044,2.2517530219996695,12.33908292711358,84.64671899615591,1
30.95440741461633,48.56236998899164,26.179833114235997,22.40774202044789,0.07054187720490633,2.397064043390501,24.464021323670217,69.04763689110369,0
32.052134509819396,35.02670838812126,39.18124466033511,38.759341227007994,0.015497054643231409,3.862678647340359,13.257427713903194,90.09425045666507,1
21.727599125816546,36.428659938713636,46.367442916049576,29.45758639327657,0.02417885736785417,2.3348405114679234,25.438167180385456,56.00451301676761,1
12.508506953118701,39.97654842802896,28.58070647050318,33.11555528522005,0.01561531840166791,3.970135509970947,17.919921211380114,53.31562958504047,1
24.36397026638601,26.40598470195738,28.468148102041297,31.65431842824709,0.08589564447986123,3.059588427765184,6.010279940773575,76.30437690531032,0
78.34065169765786,42.29161438310869,32.1218001128195,26.78512894559589,0.0645459835715635,2.932112760036871,22.380942984188653,75.13661715995387,0
16.256429565257577,33.69395030130012,43.361034326574455,19.399975248776983,0.10247334021733415,3.269594383597112,22.85727455700468,72.17577438233606,1
29.58886324054272,24.87774396924746,30.71132066987557,27.178633364459536,0.009319484596399894,3.0013681571789697,15.260519673068508,100.0,0
112.80436241578502,60.0,57.82663504453067,37.86761617482823,0.0038213596435502867,3.2442948010393122,15.7724425296359,93.46329858571664,0
16.064496658596774,18.33674006386549,30.6447296491253,23.585241946870905,0.006356652649659499,1.7624112402414223,17.042728320692376,71.39544241468116,0
40.66609420265983,23.118875093527397,31.187151482497512,36.93347262608146,0.008778321177864111,2.2433172660207044,6.449089124242372,60.09491316075426,1
80.52314833210053,55.220738006850866,42.63394946356304,35.37070670617672,0.038080152028326195,4.6040338701237165,3.811630961429138,55.60493256705492,0
38.27102291235443,42.873315944818586,43.69326317198613,25.010626029801696,0.1768715989975966,3.9595250006867704,25.809753828782334,71.56600535336823,0
53.202545620059915,27.720733668201206,17.186803881317736,41.88800103619577,0.02209883720246199,2.1676663295430276,13.05559399553654,91.64356282313493,1
44.49221398620438,42.746722248947584,37.781440543743116,24.44453328809294,0.1591130566646212,3.5840989686271865,29.131584657458184,69.05437269133077,1
36.16612752406927,50.10342357858349,39.48099788160968,43.09546862612632,0.0019474788351418954,3.612641170746585,26.222410806833484,78.2551629928944,1
62.45346961287984,39.06538986596212,41.42950656364698,32.341269815409724,0.13077733610272366,2.80504688851196,27.403171885618434,98.88815301335471,0
39.78381304073114,60.0,42.498387153007705,27.841340815464864,0.009992877309852646,2.3299949137487106,14.09820628519707,93.97950730660162,0
21.901406046863162,16.044592798349118,18.107961646038287,19.12198619662346,0.12179153244902981,5.4472292707798555,8.349592878416514,75.81251952339936,0
27.950081836101116,41.13074681400619,36.51110412496007,27.117397698649587,0.002893503179770957,3.657693032323121,11.47870616043387,73.14161354708037,1
32.84049191540748,46.59135714952116,29.973818628861718,25.962404865055795,0.1480370317238414,3.891679274271788,15.32127163708253,48.78860264803536,0
18.13041568660207,41.63300136904277,21.251102846917227,15.417036147490945,0.01120709399384772,2.3097870213556275,3.76062160289616,59.1731634746663,0
28.886214971038843,32.289374979199344,38.73272984356368,25.82384577282333,0.018027985427555918,4.761753664078119,15.147445865254998,66.56590587393667,0
25.91006474398025,30.982094891485545,37.025330538151586,19.961968199029144,0.033759699798214936,3.607798686546433,16.789931834933334,57.39703877728377,0
39.698730284258986,40.39626125351142,39.89523205335317,33.85991768978782,0.02395995945433742,2.105366606036306,10.233474170479832,76.66654500114326,1
94.64598604965495,52.35444277396894,51.36520448515407,41.06280475728203,0.055059977025450714,6.9845751091512565,11.757089410525005,100.0,0
30.146929700751496,40.54677381793636,30.898454404743145,15.730843237047594,0.18406097780925113,2.2741530509432013,16.67640887291519,93.79580983007456,0
69.67821284520508,50.85231083471465,28.892011191715824,45.123077283669225,0.04662437099716937,1.7413471756204895,20.137719289861806,82.59384049650913,1
38.71622620252103,25.6187343597108,29.687255529419964,26.714489656148704,0.06391424155860964,1.6686832854846156,12.655063991998535,84.43475632087663,1
28.790581371132646,32.04087741443355,30.036348568126137,18.24978615061486,0.004606052291926157,4.050896354411609,19.753515657457616,59.829051543884745,0
17.31307611052701,23.19680209534151,22.540355103976054,35.57754780208183,0.049417866442828196,3.561595678126726,18.821076047927132,90.42395548213742,1
28.95003756751531,30.48137787426588,31.553757921803985,23.53545521744952,0.030243060373245808,3.986714628985305,18.281315154110345,47.36050857432536,0
27.664363060214537,44.30186337717523,32.827904181233414,27.182633239685057,0.10848247548126799,6.589394449978016,14.087915256860537,84.22529502833534,0
13.745384356768684,33.141646860767594,18.568616477452387,23.95721755787921,0.024568399501530135,1.7867470574534634,9.999722423787704,75.18292252435036,0
15.663355688126359,58.41809498471665,39.83782446753658,19.832620681351,0.05688649682842722,3.639009226384389,28.17871187940444,56.79478033630891,1
33.03921773628014,36.88994633233919,25.664977199304822,35.23997032401904,0.012948493932780959,3.2157638466111145,21.781835498744556,68.47604219618697,0
69.22170394888548,40.98017439813018,38.24525433213945,25.136985971058127,0.01501287622007487,9.685151464759532,24.03438991836443,61.8305502424362,1
23.748244833970723,34.62406591949777,28.60134830187387,13.63348207820754,0.02359005666320971,2.179006782141885,17.498221890966466,53.37504824976067,1
6.136516875818191,24.54239060277337,38.71000803423776,33.510601242159325,0.01812484561678483,8.197743178673685,17.015847346439173,42.361493365804684,0
9.98016479361713,30.918658595266635,45.19839197624958,15.944176489762446,0.014643363913991216,2.581981632983644,20.943958084352325,78.5087414917341,0
41.37906113730655,47.48473944171244,44.42894676078022,16.46739827324741,0.0025472312274608423,5.109306625209129,6.991869897286527,91.35598676886153,0
7.499794158950713,32.264675805120326,20.49766086618157,39.926062049773165,0.09062250204776419,3.0290482035485686,11.312139183881133,34.072840874588756,1
45.98675501036142,28.9634159527195,43.62693437212012,16.03660100789788,0.003323100139680405,5.576749088827792,13.213350731829763,100.0,0
39.8231890776892,26.72263215686703,43.294816465736936,5.0,0.10918036772084871,2.2229509153938443,15.272601464749426,72.78451426598525,0
23.128227136591924,28.967215153830352,31.73721015199567,34.22861484961496,0.006703170366994905,1.7495648966557273,12.721825923179075,73.97344350047096,1
13.852397935069177,32.81649403436918,43.71000689643193,24.961365705188697,0.0033744360784627118,2.3299875999889013,19.996842751504477,45.684287053237696,0
20.613416713678127,45.02787786181434,33.59775004035231,25.823448788618837,0.041391649275181436,3.4775724631342113,18.488683406777014,88.9350695952086,1
32.45601587867696,21.463515968137177,13.655438908458155,24.854996066498,0.034902136468881635,2.5300878902384305,26.357188138508263,74.4949545732379,0
7.752197619151357,27.964566863985144,25.103551236621307,30.316699390187267,0.03378841055754729,5.986331489694372,32.84255494267538,83.63283312039977,1
64.67572965728348,41.14445964294331,50.292190785535375,20.47280758096932,0.04272502507057456,3.775343126791336,10.422898559109402,96.24802074117285,0
32.241474854856875,16.499163551934185,14.671026031881887,42.76114874565764,0.016917662659548874,0.8745015012086301,18.88383128381067,91.47141131179043,1
34.929111624782344,26.90338391405329,30.757523821073274,13.237695196906015,0.05437609180048134,2.008129824509034,18.873155269241845,62.26161068717343,0
39.625990178218956,29.14501312937098,31.93115639847009,32.44874916677123,0.03489815991967249,1.6127695373320354,17.914811581412025,69.80576791724573,0
60.58263999636863,31.12769226095031,28.34728295263763,34.421210038765835,0.020379127437006383,4.415972487329259,11.491052574206991,67.940996878331,1
29.001985050370767,36.26919320777209,30.959504484411916,20.40348239166622,0.08757907619359694,4.929265052365418,12.496815326144699,84.2268439511934,0
41.396603304853194,34.603894400710004,34.41955083417363,17.76265554722182,0.0650464178439252,14.091480334267004,19.442433671496715,78.27265910142675,1
14.056084366250026,26.55555162892714,26.124921916093037,38.171742141701564,0.025011624972871262,2.368964258692469,12.327899560156581,83.84838983344858,1
78.60562266271562,46.07046966493369,27.05171988863003,18.09139245983285,0.09406816717582678,1.3915600344615455,18.955631833002045,97.41220657840161,0
27.56368971410394,51.365300633578094,42.26637579697889,21.93336059249433,0.1264480996172945,2.6483716126256223,16.52430129272637,44.60384557873718,0
13.994709410894444,48.49177157905169,47.983641291180454,36.87308962459746,0.038486971330578226,4.171524236794018,18.84994741872769,88.06049384048698,1
17.316868605983032,13.36981257027409,32.304505177337006,28.347412335390242,0.012100549499284654,8.15256401366233,12.280197177393395,82.72628808768236,0
3.357855787306109,36.27440020644731,28.031876343460432,10.028563323708955,0.12372336047118414,1.6202830370387589,18.94481545400722,60.13319790967876,0
17.224210838517862,30.803398725139296,22.311536167034312,45.47059144553514,0.01050393966340716,1.3748217962423288,12.714284499140458,73.691733665648,1
1.3094888457019636,31.74797675550886,30.425687644965315,22.69989241220034,0.0024817454301849064,3.9409910725015447,18.964173651941508,63.40685419539983,1
43.51316839509278,32.54414492383843,45.55999004790068,23.97242710093583,0.019836692501597728,4.478469040880647,26.036376734634942,82.9434688584862,1
34.17716241805567,36.302460661580376,39.68576889630852,30.557842523263652,0.06490801055165427,2.5610033265703867,19.565903100096424,66.26448677303799,0
10.560711519250457,33.098180688607755,38.87098968979697,34.25076797004073,0.1283757885240054,5.298391975569734,19.931222294298344,74.29605092138671,0
24.08740869089544,27.823593730145085,38.24829310634199,47.61104291291467,0.05070698301575485,2.188133299925614,22.90323910498529,70.82706130806936,1
24.930302001810276,24.775869822019732,33.27648042895659,11.399318505943036,0.1516598153739325,6.864239366796387,9.578649933160422,63.50315184793248,0
8.608542122170133,26.80432449213068,31.686598177760903,36.259522089259455,0.004845969855185795,2.0331985026550696,28.313529442338073,69.57375209796491,1
20.960530324214627,35.486672193199844,39.49312405046368,35.43009694050077,0.0031338782675487905,2.1443615240361953,11.666460044325781,100.0,1
25.52426463829266,39.818603112586544,31.55811241129046,26.628350891258833,0.046341295467226096,2.407488809765696,23.277965984213623,59.82180348027331,1
20.51241511967419,41.6103520413526,25.328436725610473,35.87273694816222,0.16924109350053995,1.6825408371805426,22.481459923537937,65.35332915501131,1
13.982446441206301,27.15546673551182,36.646162171199315,37.34274017636547,0.0349302331737573,3.3293793850474263,12.587001830971438,57.774803293745805,0
10.187498836703888,34.36657049853295,43.64853304540698,14.180372150129955,0.0026444771193367914,4.504550477591922,24.053316820600575,58.58925398442702,0
19.94204466858281,42.61633261982041,28.100677533079914,45.4976650588083,0.012501248033636567,2.7553402856777915,20.986876598479853,81.22502423449693,1
15.490203693993145,43.979479505540255,44.167163661543306,12.412377468618583,0.014038163560368409,4.369553240451033,29.339871866413546,78.83627763333965,0
37.80805571702737,35.082879816238886,47.47927763360108,16.64683718761227,0.020613696465829986,3.2819741091797052,19.160272508047758,72.47365859358582,1
63.06857906555678,37.250969610437394,34.88241823011799,25.382123263759038,0.002229129062004075,1.8007606019492195,17.348740010864415,93.00816459214803,0
47.52037423489634,39.03929847359837,29.07170191150538,47.24940513187056,0.11763747781541052,8.757841302936509,14.911424832490773,86.40572427939392,0
26.17260729750543,22.42881636565176,29.955675934474748,24.917433702466134,0.03623849186054371,4.920874630251899,7.539868371892961,67.79950866910787,0
14.448242315870619,30.23114123702551,27.688184749204595,27.680661099491893,0.0555743597287925,1.5369164803159554,16.09063461149304,44.881677336261035,0
46.65090864266215,44.44350028113062,32.843559232801034,42.320786039045636,0.0034767671921565007,2.8348592802383785,16.344609634446737,86.77692684776747,1
39.42754005697366,42.33360230298306,40.398913459365566,24.996818574345273,0.002781738818456098,4.035766020041908,19.57234909534461,75.43047732642435,1
60.17276034511271,36.323238008128016,21.699459403012042,16.21563287069324,0.04415099140565312,1.5078829060603944,9.461381334705205,77.36790402453141,0
29.02504808757348,36.53093922400769,23.06094430966526,23.827651647616854,0.10914952296550665,2.878493171519793,16.565926732878726,63.81428931736897,1
75.93590333358252,33.1438820971305,33.411879881843745,41.70791833805777,0.03758990018191968,3.196225775345259,21.45750835213269,91.35691490346125,1
29.031705121236648,41.389677250435746,36.377402588874844,28.708649970551363,0.10511265697813599,2.285927683934942,22.0530580529551,76.03378481067485,1
14.388116764850217,31.3800031533628,35.300437877664606,47.3065825905626,0.08329810453387962,2.0694843285465234,6.841108943176037,64.3252027109356,1
16.751562194267795,29.753219812178788,46.90309103273862,35.37934926262155,0.003944248968873489,5.1907583178787196,22.238439651919347,49.96849423056988,1
36.552953709983655,31.865704695563682,33.582394166832046,21.551910636065166,0.011279669635435325,2.4580663686658704,16.52055652127105,88.32952727019789,1
15.454749248769733,31.689273718316876,37.461086690005104,28.510763044650783,0.05360494514755835,2.4325893753671495,16.889934735008676,77.1645281970921,1
75.5944120285291,36.86038535495978,26.939890657066858,19.467818818581204,0.029304529631813753,4.024887694270876,3.812907780864972,83.94992590488975,1
34.4370094182957,41.74698177276999,42.84229401724029,21.315669693512298,0.01717382240229884,4.806247514361411,26.96142697534728,32.03579195694917,0
25.743179131615104,29.90864138958046,27.75232963494676,60.0,0.027118726224478758,2.034654110718323,19.06079331006777,69.58022196958211,1
27.397178439312004,50.03921772617062,40.587053751117,38.18624510033811,0.029457347648084845,6.149704706732645,8.811237440863758,66.86138013572746,1
20.33980133858422,47.70307523560144,38.21044109368728,36.61097989006673,0.12070503161230706,4.241630502533229,20.2512094494988,59.790524991901734,1
4.609713105531807,21.776022067284725,36.97420270622614,21.76819684691936,0.005460522731064014,2.6972850738896215,20.066870645082147,77.23547179957063,1
16.76193485589006,33.21133292267631,22.80472073407053,43.69584066281079,0.016406508705574127,2.2556849675776878,25.335264917597936,79.07528748368716,0
69.54534986547641,33.925236266459514,15.304185429663491,38.99415601792937,0.038562443790668234,3.3596505261425924,16.14186738425473,85.46144073098111,1
29.603249875311157,31.174011849410558,30.762143163060827,46.81621289357771,0.05991394007039427,2.0135655535390105,18.071976413631518,86.48901369657837,1
51.25308955389893,57.71223810953281,46.833145299054124,46.331141483984496,0.049798808048861665,3.606743013347403,14.143153198572552,59.916140200272146,1
52.246435957126316,34.761251222410955,35.12265549542438,13.20910711902478,0.14205857338119235,3.876214475679715,21.58769168395643,68.64447633988567,0
24.261676632019594,37.24151186557723,44.75423864554218,16.901605107300927,0.07938600425531123,3.7885904727095197,13.299057949949702,70.974219274191,1
39.87925523023378,41.395101224617854,40.05702188328449,17.962121845363637,0.0407179491082085,3.877513908748613,12.642056897518621,63.64582075762803,0
5.212597640507174,20.77559592124367,23.799451713618588,18.560593566675628,0.012083371422185992,2.7702250877546275,17.593214773320476,76.95005785365457,1
65.8792227751893,31.330928672186346,13.929010235757096,31.234523642603904,0.029971388850497035,1.1408071558587152,10.644817372177027,70.34283183306243,0
62.37978161963088,27.296743528863445,29.020199537983636,22.331965479041823,0.05910767011329329,2.5069716668784547,27.612787311235405,96.95150639062749,1
35.83907014415911,26.516153182646097,38.83013329112082,48.72598540762519,0.09099627411689235,3.460018646506848,29.563600366451254,58.20042300257897,1
30.395302289109512,6.058994250194606,19.287215438740926,47.04679882081638,0.16061515416481978,3.9931867035099624,15.278459487469107,100.0,0
24.508405414857894,39.122084820164964,35.8753960374881,27.935384059209603,0.04650082074537691,3.915849343938803,9.680429960657008,100.0,0
55.2803251627025,58.83398718696607,46.9044769092401,47.5532621614979,0.03742447171017745,3.4575357138888436,20.01955223341237,74.63476783781033,1
43.11923941185242,37.94609330214313,27.056098326858727,42.88134627240202,0.0008925147959754536,8.683117658812403,15.107384892186456,90.81640464625671,0
18.61768980785409,18.62996487777204,32.43787312421936,23.492934408227413,0.0037415153722239317,1.8500135299861162,25.048086795168192,62.71711705394171,0
8.981938762185587,24.919526985328357,43.06478511414499,7.907846559744385,0.008486359845437325,2.6166112961490513,13.277120426820577,81.9956852259073,1
7.375719823930915,26.51758952333967,29.224528994188617,25.820316150392706,0.0028158171341093057,2.2962389043790976,21.267079334570656,63.83546899293462,0
54.89004820623194,28.057659458801034,22.190548408862,21.55377868921527,0.02561326955376217,1.628551492493743,18.683961536350157,56.69641116361913,0
24.102350148449954,42.21717890621906,36.35406334631183,30.065056251458305,0.02053985578688475,3.7817203799653925,13.942430936319541,16.82819721450651,1
35.42241209370266,43.41596225780874,19.571312034252546,28.89228286874749,0.050716428123798965,1.0592738291502595,19.44029897095165,68.05378072768137,1
26.51735263860659,22.423084957614392,31.664460094858686,28.630176588992285,0.03835746184743652,1.973882887282524,23.271195350849098,74.4894081580007,0
7.476493263033455,38.3722844339301,38.96710879476067,33.236847413791644,0.04531340129436538,2.6427871919575328,18.521091114332382,86.45004504314994,1
5.348655211960457,46.07042491756672,51.833260317791186,15.874780529163214,0.03193079099767501,4.891552762992918,18.583707990757553,66.61910652466295,1
17.592232097621462,51.664416866938815,39.113808406242526,32.113602775697075,0.01626830730844886,6.1284597203483955,12.76329943287795,83.56209844028812,1
18.83793388171911,60.0,47.26788270517176,23.603838469829938,0.1526948931940374,5.567244250261783,24.865228787424815,61.95846356802092,0
18.82822503890745,23.804307261404144,22.63141808547445,29.99982199863687,0.00451862330689047,1.533554679629821,24.2672794688591,63.70646046480981,0
19.274491187684923,60.0,41.14858303579937,37.5740984523219,0.13975480576966362,3.7241140742440484,15.53664486788102,84.66543347546576,0
90.6348425609532,40.0531624990551,23.819781506324457,15.756002267789704,0.018642978192063217,1.2519541822630158,17.254269243102026,46.15685124215156,1
50.729396435307095,31.68475491149092,31.115584994330483,25.187063473304306,0.03593981066886621,2.2994630885835585,26.48532403614196,75.34063672060516,1
29.915092809402196,37.75798767018878,32.66072183992699,26.814657659711358,0.00576169503222693,4.912663275185645,11.198575073715269,64.98359831854246,1
23.638923308818303,27.72522515539262,33.48368819086822,22.85731028429359,0.003678617155252379,2.8942454495521357,21.62573034815269,90.13695273454793,1
24.286099771178982,37.6333563721421,30.06456750619573,36.99829496132957,0.028066088878306084,1.8281281738372888,14.64831736121323,61.93352552953849,0
42.04055063834352,23.10531071837851,29.908887095152142,20.796116411995285,0.06768117108358399,2.649921512275651,28.668467260509846,81.15688467122013,0
23.469279675349007,31.132865930668007,29.786105927405877,22.44599600557661,0.015692047773722555,1.930680748671641,18.38068037199202,83.51661047509022,0
47.273988372619954,49.94692059950979,37.3267731334078,20.900808670479353,0.04131654755892226,2.865422565183891,25.562271108840257,52.06585776256783,0
32.32789248265441,34.278570958086604,34.35432699093888,38.92055411438802,0.01633156473268537,3.0559272661171457,13.432035909233228,69.37502387242236,1
91.1672262581205,45.0910418061169,38.360600260982835,23.07555887587783,0.02460126160127407,2.778236653377098,10.508827906054393,76.75889874033503,0
22.39311431954473,38.111553195104825,41.33401359045504,32.60045390883556,0.1184609936734779,7.594956327013202,16.594443256793326,83.67302156635287,1
53.18586267721996,49.6844956947596,38.90865400486516,47.75705101230074,0.09684144436411254,3.598928354523083,19.576100747681018,85.7634001476269,1
9.785396952059925,14.91556242091466,23.16714217538184,27.251815796494146,0.036285330982653706,4.860009312272718,14.935609907901519,63.45904893952425,0
14.761762785790253,38.05950493624289,33.777342413799346,39.12060680033157,0.01359736758168585,4.549180291069314,22.549844557649806,52.24123180091728,0
83.40015864220052,39.82863240391245,30.214140026837043,44.71354084093128,0.010732976675186287,3.6751987609214707,16.740278593137425,97.25223216874144,1
45.91731919601707,38.553976832520945,32.542301984475,38.27191560040414,0.1540507333438453,3.0010030132266765,5.511377029400366,73.1686721902217,0
35.87975092804483,45.98146433683049,54.64185543931805,27.831986840222594,0.011327253779116794,2.7364450717240962,21.316871875158004,47.90030170059703,1
106.39831236754875,34.01788034101387,26.30572205083861,34.42107758998613,0.08255684553729623,3.2163652758613175,12.704777645117055,63.293956488960895,0
23.90073410399512,23.45866570116837,27.154215609432875,15.126214068646545,0.023020110302136656,2.23769175705922,15.83041570994089,76.34464827189366,0
53.10080229622631,18.610820747295882,24.34441899276083,20.19956841850048,0.21223459066699266,1.4678081639825482,27.318787221236136,56.48306756776248,1
55.75170913696321,32.87116695290672,31.171093883207494,21.95324818368081,0.02295561699137404,2.734782680100067,28.63687034472654,100.0,1
71.8472103415702,54.081404995023696,38.98264752698232,50.40612120174282,0.021655945574992595,4.609363665431774,14.547039389443132,65.31338780292408,0
8.723395174728886,30.102637391474637,34.274975766357855,19.87415485744733,0.05073152377949225,8.23720034415611,21.46671978379104,66.73926815458664,0
23.778421354515142,20.165514246629414,14.384804887517411,19.725232487381703,0.1628766834379706,1.656385203624681,14.686353057464132,72.14236376330761,0
31.92217179430369,29.93153832339508,40.26998710961407,17.560790197510165,0.18692366923336118,3.578432551520032,16.27876212660838,60.44376827030805,1
71.07804684575581,25.78308999195714,35.373898393920435,33.59811761930761,0.06141432445736849,5.579595872433979,14.365347510608684,45.61820391048163,0
34.85126598853287,23.97582888096831,19.647358863882246,29.426213926688828,0.07024458434401057,1.7952974181865193,7.653937917621093,74.83367966194999,0
55.83240655416374,42.2630500857617,18.75260185068547,38.86758977026565,0.04143714093919765,1.2445321800588245,18.570331342402255,64.86788145929887,1
7.966455168844652,19.456235012266408,19.965916835775353,34.71259666077354,0.07048341869439022,1.6605381278286186,19.728992321677,68.34136744801559,0
19.669089580207842,44.0767064890642,35.6893509042087,14.196101532759325,0.09822701002882969,6.372170823114326,13.97398952813317,67.09885213246093,1
62.22371389167348,38.62235417544766,56.09127685970527,19.927222299896293,0.033285872274736325,3.1518261591624595,24.526750268622653,81.39411149941175,0
21.796016905112797,34.12534957521218,37.99619554987906,41.653287482758216,0.04836108128500757,2.698441070245312,15.383518697428682,92.78725519086345,1
25.302902119925115,31.011705641909828,17.94396506331227,25.96701755423195,0.03853562329591165,2.146831135501703,14.17672905084591,61.86783523307819,0
70.33422934341343,48.27861278694924,33.79420107557215,39.87591818018013,0.041330570318145014,5.445825362495045,21.159018708648638,72.03417605354525,1
11.92392848360495,39.620188150310845,35.42237576994047,26.50319052084683,0.11038552761876233,7.323132981852051,8.743908060164825,42.39782615541264,1
14.555658849112008,35.533892346488514,36.243025372980185,18.323435717114787,0.02197308728289176,2.921742201116784,23.440074190216833,64.98337250333299,0
7.134594138375064,36.71808017983274,24.169241189449714,24.96739222333294,0.011671313486139473,6.58360614451559,15.586985055633823,72.5749686667995,0
72.18372960886647,38.706662742125715,34.40274327303379,18.31950204450304,0.030466053666418837,2.0723209940458456,23.93571645836454,72.18432275820788,1
50.096806736147535,42.93655107951261,31.43350733092072,22.344472375975762,0.011665072834603812,1.9129016047945222,25.728783154974934,81.26581885331187,1
49.238341733391906,34.00697350527072,24.77272090128976,30.00925706565246,0.03449765691361387,7.200355668324541,21.84092065414285,72.18504046434052,0
19.222494953186757,32.90569046460203,35.23904135943245,33.11605090369021,0.1169148133751115,3.18734669223892,13.128160243630132,49.310505421102505,1
6.590962765679433,28.24220692118894,37.487900156018156,12.09808676745702,0.04804264190786452,2.2857583978171103,10.495009761093574,70.99796862088246,1
4.7566997622589415,26.141319571146884,37.18485804415171,27.82631992490902,0.09670055981688441,3.198066595507349,9.395564019988583,62.86385794897653,0
62.52886374715668,32.4882115848556,37.59037544301325,22.133842644402478,0.009087541161597872,4.937181703032476,24.617464210207864,79.3471400705717,0
37.587187429307086,40.31497915298492,32.147035396071864,21.515851910411875,0.11556797001297991,5.1153587231223305,17.191199326798902,64.01318923770518,1
42.76455935935774,49.52074303203829,45.52469530452336,29.32684619133077,0.046038432691808844,6.265983494711694,14.404669232814907,63.72187402700813,1
30.850159334518107,46.33854361687331,41.00785295158363,22.495481273107877,0.0016137535181301498,3.7363379837168615,17.20750709076665,73.53119398019811,0
13.057411162249087,19.39295831488301,28.82871838956931,41.82137994846674,0.05013588061553679,5.475436571698323,24.483727253725007,64.1524835518178,1
19.949127873080716,45.884399695030844,33.46021490439795,39.8806187625106,0.15120345608302946,3.0998338260135565,22.6724387121573,94.85399931215512,1
10.326807348640008,28.367436086116715,27.37196541571446,39.8182829394204,0.004123829216574236,3.2367944750206554,20.631036934253128,79.04631915214547,0
9.140235269005965,37.378365441806814,35.54244166571916,23.050898045096982,0.04366828317459055,4.620714832616738,21.82731634455843,75.00311094581652,0
47.33290943698714,28.03778309507596,50.734108973914395,18.375011650806776,0.1235375278098577,3.644990560052094,19.081034132981692,71.80436986487621,0
5.252817006362244,32.20772168969439,35.29302851660888,28.820299293881156,0.00048712362374679624,1.9175098032396176,19.81267834377855,35.66021167412481,1
10.392504396378431,34.69610748842584,28.988934977368046,26.49651633713733,0.04983613455706011,2.311524513820965,19.326151386906282,54.9645769650105,0
20.897420208113733,18.28856511202053,20.65631048505267,21.91176837576635,0.03220854614544066,2.9888510982750844,17.999632526234677,59.47008225285798,1
27.09661141476377,40.14716337565646,32.12473244901297,16.242655533330385,0.021308089624333462,2.033445929754207,22.520243302987687,66.29455648860404,0
7.043193077033292,44.51582903993815,55.22467919636778,27.584820307319283,0.049380810277288925,3.082476277919256,20.167692637202368,65.90824612455735,0
34.53662273609968,33.43401395359867,30.179552413871775,23.959305497475267,0.0027070828608084406,2.202654708759443,12.715709813358252,81.74844902950235,0
29.591597376230617,48.04042091471472,46.47113264276817,34.883470370380195,0.06993111115313168,2.3888333227718146,21.17324631313592,75.0155028912971,1
61.81325805499887,37.37505377372575,31.942595545719453,34.651060515214795,0.0002244769919382567,4.31778191185875,19.483482398275825,94.75069948304835,1
27.44385150595642,42.61242303635964,39.13444554478089,39.00799805422717,0.018331628114513835,2.555464126448404,21.668480813490596,65.81024069840254,0
37.06579570517981,13.374169696265977,31.683630070576168,15.407044481199618,0.035054798198467414,1.8495042382536058,17.37475851830983,76.27060330358839,1
13.721083865280034,56.24594037292664,37.923153350691265,32.01058307693633,0.023662223801379688,4.2983077876477775,22.870441882602947,72.90188018973802,0
14.234809950482926,47.08980394500201,33.70702834477865,20.725342937663278,0.018370614545938736,5.387453537016744,17.631548694803058,71.53285625547542,0
7.820497863791185,28.32681963703189,44.601685410455396,15.795857891889153,0.08884407844591781,2.2702358152745994,22.34327811960327,85.79245329186037,0
13.839375655868645,12.355016081942118,32.818749591943224,23.7139776305129,0.1365397770145633,2.1730389859737578,15.261170904296934,79.82448997238161,0
19.712258625066696,35.8371224768149,40.66022754025178,38.68704980134618,0.10345978446977783,7.84232163491811,15.676475675406284,49.151403432492,0
57.78266749539698,24.228144653571977,35.9894682064121,24.27681646429516,0.036952364119531726,2.7725660617952057,21.612315139260748,74.84156701318929,0
12.061753231914743,36.25779836036209,38.17972325063336,43.65454659959112,0.10777906968778539,7.489418545135487,16.009359637531535,67.20274541293603,1
93.79687088168049,48.18518782389489,55.41628163495848,33.48878515520333,0.12682783102982617,3.411810200936789,31.234696168488966,100.0,1
39.39095217831957,26.494611136727688,30.949110869708328,24.05909521019423,0.026317136102709665,2.0394296088424904,21.39866992067416,67.93132271698187,1
33.89982453565462,46.29464391649197,43.135956504204145,39.600484289064084,0.01666507360599117,2.638670674156302,18.149540916925204,57.0427063570882,1
25.858038920297236,41.93445286610632,25.166477717690427,32.45396772114286,0.005171741095024308,1.436486179966736,22.919404660553095,76.7464892262091,0
22.259999407888966,43.09723328406898,30.639207820897667,18.674406115532946,0.03260908423755062,6.067019716805742,15.115917540140899,76.90678567593447,0
15.683641287240281,32.441123229774995,23.369897293229677,46.588026355805155,0.1462142465798283,8.976110810747109,23.538088915398106,67.03013530150268,0
6.749623552387252,16.857202863721024,36.935389813617604,30.594788230864765,0.04115226229400994,8.027242567023384,23.371411299981194,63.046009665914106,1
12.44299322056411,41.64517170519599,16.2377474659124,28.187961919854917,0.055065110430979114,4.633353687823308,25.5212043466773,81.7221579850441,1
72.0699830031344,38.10678345911225,32.02423320162312,19.44467330094384,0.005988966135773168,5.354381652280495,15.355142811908536,66.61002428672958,0
37.716287269198304,21.759641658453056,4.75420384209624,39.79538267607738,0.007746196009992779,2.4017248299665908,10.663600475173531,67.42895731081163,0
71.65030535788954,54.26793946342669,35.05687262151556,33.172754273613066,0.031225222967991996,5.25270155959777,14.33907216478471,71.4978131398771,1
15.342866006612358,53.295505106016954,37.390610444551854,34.292381802952406,0.1510676848260792,2.3367830399031737,16.310216904163518,84.47699216563129,0
10.048311668770236,31.094765460523504,43.516874934561756,22.924686564742316,0.02237569286355292,3.157604238435727,28.003269605110532,71.29207538304921,1
25.665848977409574,55.44108889264435,45.3494590708294,36.341005719100686,0.10497569912617455,4.315426927337823,31.170072174766492,54.158258335662865,1
12.857386344322778,32.841755237761916,26.471569908473036,37.11813593570802,0.0064080686185479345,5.478806242176253,20.067973827863895,53.10388136992302,1
29.80602265346753,30.666344356356618,40.794247500397255,21.312217612188775,0.047988260876529805,4.200095149396731,18.056343648111596,99.06243138487578,1
5.353410366094879,24.498427013059455,29.94202884146184,13.830098603190091,0.04589121747705407,5.1500760630095535,15.900553017154733,82.31894829482458,1
2.855980282496771,46.79922112230194,39.02022331857879,33.81373059338924,0.09826093069857768,3.2357273526832433,22.948142101265205,78.19445027935154,0
32.96568833129828,27.143414435817025,21.235993712150872,12.266530503942603,0.00016611084305614981,3.588564157255526,31.131488351949105,71.77684178085978,0
73.39024593844866,48.36122999051717,31.424382284981753,29.520157778377794,0.010531833669470185,9.393346683013327,28.71510534712963,100.0,0
34.023812394053714,29.511933508515973,25.203995003842195,23.527548952126928,0.01240304796253427,1.5934628694685948,24.827859675635004,55.25369068913687,0
37.44549663204627,31.01375686906331,32.777192932858846,40.18665210788921,0.14975271326341552,6.871279688472367,24.73981518668314,83.78361200947661,1
26.500911118828487,44.277633607519945,38.334139258853384,24.071561092327926,0.008343693824666395,3.3945194302616852,22.993859317524688,63.65107962588225,0
28.425164159186977,30.46340616098451,44.53810377258617,39.07272972003804,0.0018831385802039792,4.288166016850377,17.716256125748792,66.95163303700895,1
6.400606767691644,26.912137220950815,33.845296231883,22.857905556369737,0.03822802338116273,5.897587004432261,13.580710664755225,77.16696032602414,0
13.290305796088681,43.321592841161376,15.668111587087687,37.999910050596114,0.03759800885162754,1.8374991105218397,17.87511546403235,65.50469852899512,1
57.38922266395685,54.582356331809756,43.93407843569743,48.603415438368316,0.09291001885553435,3.281654983929828,20.53403761278812,69.9573466408725,1
19.359716638013193,39.350855528544315,24.140211362077466,17.319528616337596,0.14865907343307502,2.7050993609570853,9.27819660769023,61.444578606283756,1
56.61779467176053,31.944971444524583,25.050221180917543,30.92035721730908,0.03866858480315705,1.2910848320461135,17.082295623802747,46.52837275168524,1
27.845979458532373,29.070811925804062,25.130968996510987,55.48782415910065,0.13295884660477225,2.6295517954826133,13.044405872452359,82.01725018084132,1
28.906477640972312,35.13512428354622,28.74734312532007,28.665888269029217,0.06457815404224748,2.1254128399108385,24.08304696640885,55.681844436212565,0
19.479039650889547,36.131156566890006,23.45126749043358,28.617882702296484,0.015364256686828873,6.433469387891263,14.701749587059735,96.77194901506708,1
41.372347843003645,26.327193075052826,32.15873325763943,35.884989473510196,0.13184747529261867,1.79158683973133,19.969321991885923,68.96028132137585,1
48.47967701385949,44.50233094787756,26.51451409842335,28.410808640947543,0.05504722673933096,2.5555827586872546,13.79987824238654,94.33753236446125,0
12.659321455731153,32.75403151475567,35.95495346390104,10.927740054294475,0.026729960527931796,7.690419702336402,27.586195955765493,40.39639880090602,1
7.066458585826109,13.902885601492624,43.456922857090085,39.322873748389384,0.05700955418024899,6.798829255007158,7.7954583807924855,77.38553703514421,1
3.6360863553044838,21.25614812868837,17.86758678000284,7.970515861348073,0.025650803363813996,3.3103348275253293,20.8550422610638,80.55555325873807,0
36.183897753786354,30.386297926551315,29.878436735906746,23.832083488616583,0.006062288148454217,3.274003681952293,10.336453989360406,91.79023406622379,0
33.30500772335148,34.26717427009217,13.51921080793711,40.074257491566485,0.06346624898429942,1.3350000865752012,14.944004097090895,48.74041995287109,1
111.01956357586286,60.0,41.59251765623894,24.434575713572144,0.08688846021552199,2.9940600963464643,19.23712022210703,76.66313315886865,1
26.618334726840615,36.374463270422375,39.69152252922082,21.06303507535596,0.06524607904591219,2.173493913422858,19.532142187901027,78.97131623670931,0
23.13348976239271,25.062304565372656,35.7900356770072,36.7926390516656,0.013010782124673277,4.874072696540093,19.375601046572477,71.85332763514018,0
30.543750303430187,36.78787058858616,35.33405807770724,19.488852131656135,0.1569051462820242,2.549442044813633,18.910494845853002,75.50914469914356,0
31.761425363367593,31.24333632996633,39.611441930058334,15.777742804080463,0.00127894654939701,4.1844992867393485,14.148934428759345,65.94798598553353,0
21.762668745556056,36.511982707168826,54.97322937040987,30.745139874932832,0.020224676315505754,3.6337334410074735,17.015680061467133,92.61451297494659,1
13.035061467242059,37.76093609044246,48.80281193567778,26.17076701587409,0.015061500605982976,3.6886162031136607,18.18980409707349,100.0,1
25.549706285172856,45.92476241501531,34.18973753072903,15.56326885811158,0.0024661422507139424,3.328859982003136,19.172162380553296,71.66964011717091,1
24.823826843492938,33.48070906982368,21.783451736195566,34.3695253999487,0.026021050041015226,4.32665881441098,17.60591716315807,76.76608405127737,0
24.518480025484216,50.06737727982097,36.77773957933796,32.644876055772336,0.04879073768776631,2.313261328799674,22.377542525906726,70.74735218943911,1
44.41502217940947,45.742479952273335,30.721129855970553,24.40244983394368,0.10708834743175283,2.553596591379808,18.560321820905653,93.14380542159344,1
25.201013982381856,26.7057566492354,34.29308304261122,25.086679938750535,0.2287306726915832,1.993365817179598,19.207955805729682,82.47694706032854,1
7.229473931669238,53.18297774723502,31.823642783458027,32.70392742009157,0.08253633058501576,1.7487502334073093,15.704085910130896,50.45018622678119,1
14.95692965173792,35.513484580461665,33.62281437146193,39.90361419752066,0.031619588949514214,3.5372315964964063,11.685348440313467,58.80085577292791,1
21.551294897691406,24.88144919493136,36.65669211426302,25.17206789890675,0.06431420329409328,2.252033591746696,18.924173584394822,54.17080708444998,0
26.11314538341497,50.44610231981647,39.37287394538917,34.54688493008145,0.0927745281698116,2.091967618194768,25.244676263777627,100.0,1
36.72428325633709,56.286418340435006,34.944056754191635,33.65200217084599,0.03130314479574411,6.295157900610011,20.66316738438248,81.87453340499846,1
26.269441761028485,33.610163626958666,42.842577911469,36.79307292708977,0.07686852322121389,3.6706180818781977,13.09503635271125,61.31859496055896,0
2.940085737596752,25.40451025688355,15.129956544722804,28.39309198743465,0.032952016268268436,1.0456899199648122,22.888440154911624,55.45473653814675,0
8.129387251733355,29.495658513223383,29.17590295826965,18.87674485933642,0.024428424000712753,1.5686076744156776,15.989297593236259,78.70434654485032,0
38.51006078724641,42.92382639326396,36.8362503702549,23.375008468000306,0.037336980827326706,2.0971612263969335,22.287923882881724,86.2758144023363,1
21.090301329909995,45.94211174979164,38.50411396711371,31.428534657816478,0.05632817615037448,3.200014809853166,15.787224810623034,81.18967596224816,1
27.9908569982118,39.903501858367505,37.40536919197165,46.18464378381593,0.06489257744787283,4.078313787388488,20.119838638964218,64.21481101989656,0
19.024010419128903,33.870833647587034,38.431852017510764,23.159803768037214,0.02206002407960034,3.972019297147899,14.88901598025392,73.39245675003843,1
14.903501862781056,47.21564298246143,38.60299768062177,36.04787443527399,0.04235225729764672,2.2421084533945863,15.041685021177994,69.64442683705698,1
19.58823099328694,29.80986991847782,28.979481710241682,24.7194354932324,0.12032559522287974,3.456427311623651,8.602407797425563,54.87374061208099,1
28.24020346480246,44.545223903389434,34.55737480407821,29.104687558861357,0.1871412343748247,2.7658048547715115,21.07244891496696,56.750633049820166,0
25.05903232998771,30.87822686598537,27.45916433008731,43.15396749263593,0.012889861390654227,2.622977694253223,20.22101780892202,76.19128213414457,1
48.26473825721175,41.549940318690695,42.9203227220912,35.64292581420433,0.010711121017144679,5.3792474201840275,20.558656297565655,77.59971386709722,1
5.860742877027236,29.74348578364957,26.72516647764771,15.587007272590432,0.05645650789809961,2.144688221687163,19.651983366790866,74.47242423803861,0
6.773306461304621,30.457474142667586,38.95715852913299,22.27524976188409,0.026780160579085218,2.265847155355235,13.426499800060181,78.2200068726667,1
20.895147709774662,29.3604069818441,31.896155450816607,40.56221344441359,0.001226026213850259,5.7290928801125185,23.79539558696148,91.66976887941787,1
37.019603934225,49.001480901940695,35.43055390592724,29.418780426284954,0.021298332083639286,2.248373511834465,23.95667580055362,60.765354995104296,1
42.770835166647416,29.08636489391176,36.581803683517784,16.511598803841366,0.08218716956117436,2.5254548880787944,13.270575208976503,83.0077100142102,1
15.41528886991822,24.90997080500065,24.144356924215316,19.81047555026279,0.07983273099539327,3.659586909096969,21.192743948099746,79.32104002191392,0
0.9065824094136871,51.34592301986315,45.64384153377097,35.03493522711172,0.03412867881460376,4.583374136051345,23.249947112207863,60.49936029400107,0
15.843796978663855,42.15504519334289,38.56382704687144,37.944102812176304,0.03198770842048706,5.151071395817947,15.179410359937672,69.9967071492718,1
33.380686542046575,11.155965994376622,19.691788885015285,28.178553014821745,0.043316424936868145,1.3909444597969254,16.223785864533887,67.37775895796821,0
24.704696458764943,28.053117076710706,35.45032535336075,52.753138009361024,0.012384410512992168,2.6411094878023067,21.204680449270715,100.0,1
37.97948037731396,17.577028680976554,31.403529277899732,36.24152363455639,0.03733199985787633,1.8392591006508132,8.938021383514194,74.16868643207938,1
56.06768159258261,28.90324530473484,40.821454968373594,25.565189303670998,0.0005553912073677155,3.5986534694343693,11.468896670796,82.98611294918742,1
22.05403166036198,5.0,29.72917609927437,19.842939519006556,0.03227117017068183,2.178693668729128,12.061349952782631,65.45104187831423,1
17.360888042155104,31.234237429383843,36.423887137563796,18.251156953609588,0.02047750046721524,4.156705249113812,7.222101811047027,61.27765911466917,0
11.48216172982318,20.302906067860363,19.10043481747404,31.354213204803695,0.05617644822562654,0.9557105954593255,24.50963864512488,47.76639242043947,0
6.732665191095977,31.608952346628783,52.232276844043966,23.112229550865933,0.0508544148146048,2.7346902919781186,6.071209114849998,82.84456240909918,0
4.963581415206064,14.493324623455663,14.568400160807784,44.73743753983425,0.023969245220861208,1.8616615914282755,20.058663980588197,77.51927874399023,1
14.152862619132462,32.95204792459027,40.774924564094576,42.66311802917859,0.0003649779274911332,8.387706163451998,22.87010036853132,63.31412585722971,0
51.02860779061003,33.50512838738823,36.85232189004569,34.33066547497227,0.014535909131666209,6.272705907784777,16.238424273520398,61.70017301216287,1
40.55997108188081,51.10352531416808,31.048271145818315,16.210038270431042,0.05016708505362671,11.787416797120027,13.98979425161253,75.8106221126783,1
16.691940492087866,46.617359691269435,37.652536365479776,21.27781127447595,0.0037562968215066428,2.961180669332519,19.397054704419833,60.872936003963034,1
94.3665442675057,52.00843767022869,40.17335197813435,40.556775257411005,0.005694417717299295,2.1040429643326206,18.01099800356689,80.54267032401931,1
15.009200757619164,28.98524230703075,42.03875864929649,22.36933800204898,0.05206932233541174,2.832378181535164,24.021029174498494,49.04844098248057,0
59.630006067612335,58.79830486274478,37.812834742856225,39.22141733919524,0.0704817116484411,4.143251270730762,2.228873157612256,80.18204492324291,1
69.06859013813197,24.829935742321588,27.836414245533806,32.74603923034761,0.019397203200809884,1.6822510431521152,12.487755143111233,82.36876605745763,0
35.00707324385765,21.21547469094202,9.797633036206705,28.517178848131874,0.03363518553202643,1.2031520520102537,21.369461303496333,88.42225791236679,1
14.038638166941181,31.26796472615053,46.38528823544883,20.97167187064559,0.145672018691587,2.4348747119602554,18.30268465664676,65.54660410389914,0
18.571896622016922,55.32616558251373,33.56672028884492,27.057561564752483,0.14551771014546902,2.966924483127738,22.512204955181204,63.71094216634584,1
28.749563418322705,32.28904544404753,35.53090509153242,29.896479548748978,0.018372552368702787,2.245259324975458,19.572119857437972,47.39849969190616,1
6.9347279453790325,29.207756759714037,30.871840066110703,38.325388983011216,0.08303336965791305,1.7349581611284515,17.191577620552124,82.90135981451525,0
10.510228491861211,17.15743071266109,26.078964550797718,19.142643993662453,0.04506321639528788,2.3633393520835497,16.186269341438976,80.49439244672662,0
9.71299028338539,40.91624439521159,42.84539363705164,25.37183157473885,0.18542247185846952,3.00760954762855,31.95033009525352,67.3736746777791,1
36.898726176766324,45.06657146980849,51.39672827035247,28.448231319322847,0.03246738385338294,4.112130559352542,27.209677644189068,52.44127941739768,1
55.70788565626437,46.24693486243875,40.51072330451143,34.62678357686165,0.07451764579385149,4.790448879113569,20.973030588571334,57.92367166493075,0
41.66686119386272,29.957822450605786,37.22375312128652,18.91535662477223,0.07308045789981181,2.1000360763175,18.47078336069049,65.1267833073082,0
49.67418466477703,30.384060015986496,34.78475630021093,14.83430207112785,0.034401302561103006,4.871282050474332,21.228795296120605,89.41322256595535,1
13.02189473423966,19.022061706086244,35.74907607387951,34.7396515171005,0.07939118808642066,1.8407372842504741,22.96100830723745,71.95944347547248,0
19.25748483599224,33.72734774300817,29.78760806131265,12.820508850532967,0.015125596887332532,2.660126412300853,20.512960114227056,46.451139133971814,1
20.45043416631684,22.263491832162508,37.50852116819631,40.849797147621686,0.0065198461556931825,3.646126230405362,13.49171925968065,75.15326555226669,1
34.90817045090108,23.462060515142277,38.26882313123598,26.44073902517092,0.02768350260269999,8.206489769663078,28.70706460634706,59.394435402617354,0
14.494222146127496,27.937226152812368,39.835186530588224,12.524689177255537,0.14379149127960136,3.698029848400374,19.477249366524116,60.065661031543314,1
47.61571740147241,32.2507958583787,27.619135404659673,23.195797805965057,0.03473187534749477,1.7266876483519542,30.083580182338885,89.09921366812006,0
67.81638387799123,34.79267229347913,32.570367843494125,31.79123633069237,0.05042840732213019,3.0862404024880004,19.122884921264003,90.04583803231071,0
36.18004316522451,40.091452443186284,37.952316887517995,22.672989124450222,0.04892991462716913,2.905262727740769,16.526079887246798,88.63250687542624,0
18.577755601952692,33.5771413617957,22.464120186086234,28.200297488243475,0.007111188377077031,2.4285818925443285,26.30484074427878,68.36854833412735,0
12.015799066792482,28.920809554907695,44.32768548665119,35.40078365705286,0.024739156635481728,2.6554270495340333,19.807121748466603,80.64852818135131,0
9.734677455509967,33.290330901441315,33.21792009255912,25.978096646123802,0.0613687204054993,3.050501274009666,18.800535807055738,58.15489153465614,0
2.9826354161591944,20.532124901377557,30.484273061388798,18.629423235338663,0.17875986045997894,1.8493450772909257,10.797814766144434,61.73303806415244,1
20.95554688415586,34.19611827172016,29.062411790870442,25.01016002628159,0.009197207922837269,4.178612854768757,21.96130683081497,64.29671101075931,1
20.013533757515926,34.508054992073724,23.18820152189331,42.1484013645926,0.026419099468725234,2.9617525958679867,15.04013770226455,69.3606820248706,1
45.63923783876782,21.815417082240366,23.893927749097976,44.85064345333184,0.004996199342235486,1.3582614932240844,15.313252745556156,54.83048127307239,1
15.323344008549192,42.255439144986,38.65580915906311,7.800738260577248,0.013878433266216603,6.340342865569742,15.056706927568971,64.68959525485941,1
21.901341626269,24.470864191670394,35.1757761786977,38.910279091914774,0.02364112739941569,3.6749923469797263,20.634203008171816,91.15512784803488,0
30.881104530329754,35.53526367161381,35.50843779346729,30.501477160353563,0.03889640666188602,2.535329663581087,8.78774235854586,54.78829847889444,0
35.76390194508852,47.00870269711598,41.577273208781996,37.2398267912015,0.013105062298534692,2.1722973294536154,16.734927943645157,52.212961160292224,0
42.10185844693287,45.572046344178624,35.53260754022044,22.495117397323703,0.012910219414731729,3.777207480512507,23.881673946656267,54.69004677445316,1
28.67186410055347,34.644113500771375,37.82763393027197,10.31736490498514,0.0752156165250979,2.826404008906299,10.525986783959954,100.0,1
7.357279715878795,27.478601928561133,42.85410370251171,33.844887886474616,0.1643599589019158,6.906353704678922,19.03727376560751,73.44423565623141,1
33.566153006738034,44.51004203676638,43.44233235421845,18.59022738717283,0.019549491693078146,2.243117792575676,14.211603478374993,67.65924983622686,1
14.388935564267738,38.905290112726355,42.03845115111407,14.117075685151477,0.058236325510197674,2.1816974938375573,15.5778412832062,68.90259330797561,1
57.4630502828907,32.4358073419923,35.32645413124997,14.815986175265337,0.014925724009119914,7.729953313626391,27.93091356233944,79.9072010452804,1
25.414188854040294,25.86319185808914,18.32003618643884,34.00913782415334,0.13152131271296483,7.613626080395723,8.09706489872995,60.476088134867354,1
29.95798082645756,13.77014530700865,17.150725877753516,29.39452466029197,0.05587482799442328,0.9138049156618766,22.593782029029697,63.233344934654966,0
116.80335639778849,49.06082187650415,43.26333515591241,35.824660218746736,0.08114562811649766,4.6809629020158585,15.132430387336724,85.99542429652725,1
42.6099993084589,35.56452244608485,34.138296562753254,34.69075254496365,0.0025306785462349446,2.2076741790088326,14.834016089125996,62.65067353816819,1
33.13133871015237,46.33161455294828,42.05138891296194,23.79066435416234,0.04562813052820733,4.519821783125506,11.330625945070395,65.67224863671265,0
22.413519506855884,36.95257886083205,48.19241888708541,27.295264261225444,0.03749776493185967,6.470661570389671,22.523397823641815,74.77907756132636,1
7.9963926319495595,44.54175083651934,43.624988328442406,22.885624712174604,0.017336011907340312,2.393819032596172,16.851572302295903,51.641980832088414,1
21.166805688882558,26.201378574170676,40.551641075610846,25.89672227134509,0.015219712987937607,2.5732121052278023,16.093983517232086,100.0,1
11.881904371815166,43.16378896544846,38.02296670194522,18.32745262018934,0.04337798112920352,1.9498928829751283,18.659021575224447,78.67373003765603,0
73.28437609514265,35.70349262322485,27.82367162941442,31.90484293874335,0.06129143485771839,1.4808223731338732,16.978277245549197,60.60560414133875,0
33.44806456100472,42.79317030207343,36.654338847114644,38.75120748981757,0.0016867726029556479,1.8928475912888874,5.995872721478854,34.52106027569177,1
56.069671861188056,23.822866853871272,23.091132231795406,19.833869701790135,0.04189727111257141,4.3802676675233805,15.05505490213585,65.90138509517094,0
14.9532079666255,34.59433418865571,46.304093329641866,40.81269645401343,0.009344169042258309,3.0236824319491866,23.372645345689946,78.2560513374338,1
12.672750120895088,12.054033103675163,31.14474185375382,29.13521496477942,0.007562237969529347,2.916559898592642,8.960301215326151,74.89159844093058,0
39.77247855782807,33.29449692425666,37.4818987427289,30.410789764058133,0.04879135431599499,4.9749642737891495,11.460372600861874,71.29176805633642,0
11.451186621871468,36.12121793205986,44.33603279064877,11.005704803924818,0.01861627583078816,3.5829722333972818,15.439251627608847,58.268600407228014,0
17.449479507499124,27.40773641381391,14.802643249339763,9.927376904342658,0.029069578839042112,1.8615511532839797,13.646259488177147,54.927925291620866,1
75.57095598067322,30.831267109541308,37.0376104545578,29.44116362779682,0.02231426211898975,1.8751619172722607,17.832687107150353,74.07544512949204,0
18.032157813066682,41.166008364919335,25.981237071532753,35.897321246320075,0.05225400075504302,2.97790412552928,11.441539489927555,53.4207319551993,1
6.364358844657001,29.920025928229315,31.909964783566437,21.286195563550475,0.0317552135841097,1.8619738606537528,15.672872857143762,60.28970542580466,1
4.05501557476508,25.712545865908044,27.791357606625503,44.70093900583089,0.16546555561677878,4.282915952931403,17.712032810403993,85.77526715229534,0
5.565752888651,31.253822144840417,37.79542175471175,35.34935974254316,0.02172277173910281,2.4858763403832578,21.893642497247825,54.54455358898921,1
58.28656109384705,60.0,45.82549831168764,18.91658748292015,0.06740839313984424,4.53414080099102,25.468736316597578,85.82053146454923,1
15.763725514624007,43.89958732500904,48.32077231889792,28.30848667053507,0.01487265385316803,4.494218615585095,16.43071707687936,79.60410229768785,1
114.46577379484468,58.7956027511051,38.70306381298113,52.76929133723412,0.035540420562033215,3.852900507761129,29.328361447474954,71.6991349809302,1
68.33149947784818,44.60518811160087,43.51499036170662,15.574359972002945,0.040211731179410785,2.7968377285061905,16.896572516732856,66.01572177717708,0
87.44407646524485,44.7814641955582,39.21037141341394,33.282699389151055,0.019957450912938452,2.5819826980511102,22.973250889539184,98.52296684785081,1
50.536555381679406,13.61966042394775,12.36554200900668,24.772554472766576,0.031912170835120594,4.594527293872025,29.589046408360673,61.22085048157542,1
38.31919747888661,28.95807615720167,24.234298794696407,35.06896290918512,0.01637513383615032,1.2374950468621222,18.83585045541561,71.80155325761527,1
12.267182862203406,27.034333297305764,29.61470905074496,40.67273646318382,0.00030094293591041157,1.8813545223572072,9.758840270534787,98.05319390496857,0
24.934710831503168,14.991285984250146,34.89485399283388,24.137629112886327,0.012144888218533654,3.628836472206227,18.545423143245788,84.68442602222109,0
41.05559253469743,24.584180978050277,33.54345685167703,39.18912271707174,0.06020933677591253,5.074216671364748,14.330142670770535,74.48957528297298,0
48.437617280119085,17.457277882791523,17.642904562070896,50.21203394271961,0.07369359116663153,1.7695558194305163,16.35340783816529,87.29848207399263,1
8.76816235531605,30.931985996323682,31.250264574152197,28.662747373442347,0.016439293329449264,3.6819318188115124,29.90986129497129,65.91480119135294,0
21.43419512942885,41.40278897790249,52.703567181505235,35.848886874941854,0.02621606399373403,4.264255685039435,10.663419460656746,84.56031652393787,1
23.432832653460938,44.582670084262425,38.72285471243184,22.09559229796725,0.001904082433888164,2.0695767431339345,19.80280093383515,38.992585060495124,0
22.715705342004647,37.55520042209311,32.40347556825808,28.192593090312123,0.013528984514017732,3.5645746723131064,12.733672318069653,67.45415112277675,0
9.949182822779507,21.858414011431236,32.67728273062226,26.233249072917573,0.07552926512533582,4.996843683748003,16.154052352794512,35.69473796566358,0
80.83546470063646,22.804668119895872,35.22901188461411,35.96935925658596,0.04656847616241727,11.53342112136289,22.469054011226902,83.58742076360473,1
20.865630138645205,15.561157526781763,22.575116230872233,40.04675935756926,0.011519142216051178,1.1889322459199803,19.90898366083814,65.63045755363856,0
10.643094357873705,18.90663838113607,31.583253547425926,26.903451508825405,0.014882714515467153,3.7371242210620927,16.649806386230466,87.53956657120969,0
82.13357407072822,33.431439130252485,30.741459678734522,43.336228457329234,0.08485939346612548,2.6078204507870906,14.101198048412233,92.10412534311065,1
68.37442125562987,38.65867820842861,41.218092098006956,43.30047441561629,0.011728188406929824,2.080576814841268,19.896469152921686,70.78356893802498,0
27.828698509815638,24.032662595202666,30.970610301851337,36.46853743179901,0.020335123104282548,3.4542373837164577,28.246120302920225,64.47249585325015,1
17.01763455547532,35.94240412000391,38.2327042644247,22.83973468278272,0.05458561119631922,2.172826166071621,12.591888344258258,74.11397486454177,0
5.088907685562366,28.440601124839628,25.302772080595815,21.88171183260097,0.04117559512861976,2.216592476970044,29.469983312746635,57.429372648813384,1
36.32304997054445,35.553914612991925,27.651274772613895,19.876186453099614,0.030889946522304968,1.9884721859401704,25.196984704350907,71.77901819834072,0
16.038092627083305,43.80821942077454,45.087266205584974,37.49166070238161,0.11499996743557561,3.1505764560985217,26.216120205466602,87.9580894931397,1
24.4709525407218,21.868325539104568,28.112159164557877,15.882317925106356,0.012404511326470843,2.7628960074537066,19.850594285577607,57.457237755188686,1
77.41928984484994,45.799939259651175,40.60025364065537,34.76837654111007,0.0676274866546507,2.9201182005499717,25.026778653059367,73.76874247962405,1
15.057526956908813,32.11889675877559,30.39639528681808,17.18890652175887,0.008661976612848768,3.129013808581606,11.947012305296242,63.400020209642015,1
35.22085060825623,31.948264781541482,39.96912010472575,36.235461198419735,0.047820991226638986,2.543779402895987,13.99173655290893,100.0,0
42.96295125997154,45.29700589765533,33.256322518824874,28.172195827305604,0.10225145054785045,3.680515247034645,22.594882883522352,82.71623018960182,1
57.081100112244634,47.35230656240677,37.85611270575564,41.33638561859827,0.030615404317684704,5.737859063120872,19.775070331342896,93.39724510816656,1
23.110246520201507,24.001629018145948,35.88859410888343,39.41454578321271,0.0644211019007287,2.30180803183538,17.109724449013385,81.14393498221607,0
21.259653900471225,31.367342246491443,41.930678491910705,42.35065412002112,0.08584930568854933,3.5145879893075405,2.984346656355468,81.78283876987373,1
20.8657195227958,35.94197475426002,30.186715573490545,42.60818718289113,0.007310654749743472,3.601507060955548,15.387155711770973,76.27674696454348,0
32.81012480256706,32.19145124015921,48.55405235171075,29.436308339881975,0.061179344667787294,4.090802914685713,10.955677318210407,77.04106296139979,1
66.47761998050706,45.821856319954044,40.834676077530546,16.412069335753955,0.12618717080185043,2.952040910604586,20.961205867869015,56.53435417907336,1
20.108677675932626,35.82822183049265,25.98786263772716,17.474769450026216,0.04294481429143504,3.3549537155374343,16.852988828596587,74.38970388033061,0
1.3085106118504157,48.52188899533769,42.36117198685482,7.131514706840626,0.010297255090556453,2.175364209697214,14.230196735000971,63.63654823647571,0
46.324468647308656,21.64587893779842,25.59435785925171,17.163341665719066,0.006787694832979772,2.203491158104485,33.857462895745826,82.44674727220416,0
26.31983781578264,32.723615774893425,36.561994207422785,28.688236577046492,0.01503737475990693,3.3492916911374926,24.229046860165408,69.20108006354982,0
36.38118790348544,26.372153070400906,30.206011246877658,22.403458191748378,0.005463589347872589,1.5519577131710778,24.335232848136357,83.72370197161696,1
5.3074484982560906,36.837191829128855,35.3290662531727,26.19864395590149,0.036015033268171,3.183579425241952,31.213290868093036,80.16047826688893,0
16.090699097448205,16.241885964161785,19.204007372975546,32.92715419461401,0.003612659888255005,3.0843047891062767,22.813150696098656,24.53573944980318,0
43.75077616976109,40.02574352771303,43.930787256816096,24.95934741934242,0.012641790834035119,5.044180429451403,13.374275943162806,67.24176296146284,1
7.727826112457446,24.85868960338521,20.694456904145827,16.781711995874158,0.02898292932268521,1.2753870920219603,12.672621889849582,38.68476163416959,0
35.16383033247032,27.932955888660405,22.3030631922242,27.467663324365677,0.032114600394877194,10.441784840066802,23.78941655252541,75.61693438612397,1
24.316137755787,19.182438627961176,30.611858244364363,19.01509513227155,0.041666286276996894,3.394253108618344,5.643874321348939,65.3526018833474,0
13.302234163170892,27.344575662465573,43.76058424240999,25.29213503020937,0.06114333589899598,3.0906090055551556,17.533322213942604,87.99787389143326,0
12.363164404713306,42.699479963616255,34.25904720893124,41.42776964423003,0.0024190159907922465,2.285898912345949,4.973253734661311,70.58130280795581,0
10.037082659107138,31.253675563571278,38.10924880706024,25.294946959038253,0.004202839241808177,3.6069219467430003,18.593061050337038,59.72446688486573,0
26.21354815513508,40.20883640201501,44.67025597571437,45.70957553347745,0.0031394906472242616,6.502772733462061,23.12442150427172,84.32128272871078,0
28.57479791089603,50.93263790629715,46.89053066087142,42.316359869379696,0.027508677924205166,3.8148220890188984,19.676493207621792,65.94192271476757,1
18.544807133809833,35.419276918297236,31.67804445392944,22.206946914209567,0.0021374396094813288,3.7501994955623026,23.628656153823588,61.238998088356944,1
9.455185131541633,25.830282049107836,21.60373908209054,16.888762335842245,0.06853705056563796,1.9655754569787307,29.78896164995949,72.79541824593616,0
34.44267080028116,39.838922771870074,18.27518858337719,27.474458380798065,0.01261575808056354,1.8963031575318565,17.13876937642795,96.08310500914831,1
46.90795826439465,31.59323227651628,30.534568914907364,39.53327763396889,0.14001854964335117,2.200963631544238,34.845904699673284,87.18487027647626,1
39.008771611586404,30.807088908766264,41.7475345120039,23.098090937713117,0.03331589189796325,4.5332618843839025,19.276019737020928,81.30571880153943,1
89.75784082345687,28.26474812732868,22.312571372836,37.08090298262139,0.02955893829866582,2.005665488460577,23.694990376142155,100.0,0
21.622848382290897,42.50600216818756,42.60407964742515,40.08439989136088,0.07582896691336788,2.553415726582168,14.333623712609596,58.33841913106579,0
62.194185361904516,35.46910204779128,26.586420578701535,20.259743496373943,0.062440486822485264,2.2514899041791634,27.71588387778409,66.1180695182493,0
14.461313959424558,33.990179552072306,34.44465243192363,21.23948911711413,0.04673661700973769,5.568164319741143,24.250261191255774,70.07580499848106,0
12.497589856842499,21.51501919245998,34.268340590224135,35.12662032127007,0.13678137896149492,4.3941635027585315,26.828707815407988,90.22491373293921,1
27.4515348544318,38.47720652531949,30.114919115420374,29.518475496415707,0.02743150296791215,2.3206025569819286,18.327026530643728,56.36501732646732,0
71.50512671859815,33.10635662643888,34.60642009615086,21.13938473456321,0.08265164463877679,6.476528507111697,10.467494613700264,100.0,0
19.764174920019222,31.54753902098464,29.29828491459123,24.478195518804128,0.023909286233712825,1.6204754913862263,20.762384637752437,47.36599764287802,1
5.303005063079586,39.5737110718532,41.47067370024669,27.294804472725808,0.0911147507739344,2.175602007077318,7.817881120058907,64.24233025179824,1
46.297140534784184,44.85216420254292,39.82340302889426,12.351455750445394,0.015019769191505557,2.263887447763244,15.982885178268289,76.86141309198658,0
23.52277936885227,33.308116180158436,33.77530786749752,35.656431064826954,0.017072927480665218,1.9363909502011816,19.146482619793503,56.46507712900192,0
31.24306634753242,17.00514962506268,39.2688595311609,23.213078110608087,0.05663993208198265,2.147310243103241,32.263345755064606,61.93009779552347,0
13.084727995362202,60.0,49.29844913894642,5.0,0.011958139785073648,4.630455131985339,19.911291671651643,79.56640278910741,0
27.258248389991355,51.54732696123006,35.09611585548171,27.761290316905473,0.01301334542949354,3.5916035960577606,18.837224814498235,92.07498581566678,1
6.210725857722365,38.158357127541336,34.57643164463444,20.584287411064924,0.018211055021653284,3.8148296269005533,17.621805455788245,34.52298973410415,0
81.65141717485278,34.71567476031821,33.27907962349,44.88822192302676,0.05680461395495215,3.995806042152859,9.947454571409894,84.03382921686027,1
52.28972609369337,36.70753729703436,35.32557149981544,22.145549790800317,0.11008637661232229,4.594676799548483,18.514955040078046,73.75831166450163,1
26.337172611931823,28.516371594024605,51.6026228504698,17.02356636421389,0.05613003382492199,3.044441530173005,18.617296056820635,71.87837985674562,0
45.41687881478453,49.45109121318156,42.747251626960605,33.07932669962016,0.08795907050892073,4.084691283270448,12.188349027277697,69.33187862871388,0
14.493796650572227,34.79909840610417,17.632418801603464,21.39552631992417,0.039214965717975385,2.6168538000387547,10.87952631342981,48.541454786769535,0
50.71938306495352,29.7662688761447,27.56411577672216,20.205437987477676,0.003570676804421132,7.130907737895397,15.1105759033936,98.27833128366002,0
19.06133024008789,28.15164854476536,15.801682717939677,33.09501382824406,0.005293933133001259,1.3189730721032595,18.38959787143616,86.20221002297806,0
17.969739797045847,43.907342395255924,34.92455090173565,17.595326921104338,0.04041577943307576,1.867263035688103,15.254674911711252,67.03411012595593,1
10.690470362553185,47.604549022587754,23.143337771223674,13.42726341800547,0.019860040234750544,3.276883351831885,11.694747302090871,59.8133958854105,0
34.13285053720321,50.403243215442934,33.18857351762975,45.259980020943374,0.012459496208599307,4.354905954212393,19.73563351202583,62.684960672352446,0
25.471946785736527,41.391112668400254,24.390672830287144,33.794987376006446,0.031392034653822225,1.8854393316780578,21.233200945015373,31.309590984930104,0
63.531390512811214,37.003459888895314,37.87466537929795,25.35790715005635,0.054905132063665665,3.5856234982042903,18.72778625533341,83.0135792215984,1
9.554226348439801,5.0,22.00431490103103,27.96522790298064,0.024305995907445397,1.2229797013883588,14.622103716738401,78.61569912423062,0
34.24517797025881,38.10837693362104,37.66704923343826,33.05864358116156,0.08111153389120332,8.323347427469242,21.56904612739355,73.91756733569828,1
55.76346889309672,38.3462327455235,34.50208198966119,37.7333744961342,0.0670704948225636,1.9580031397732858,16.856776261638114,74.85764725962306,1
28.95632282217568,35.743269386539886,23.142925752980613,20.44024708684988,0.06638521525857685,1.2970698322714709,10.865497755929104,72.7920171917339,0
18.76564055430895,33.3538195534784,37.44969877542924,31.661465259656822,0.21062158486678811,1.9627101431055776,24.21746613000839,55.95473839949814,1
28.40618559678424,20.998306220026066,43.77711897016605,22.932958237897616,0.01749418692126951,3.3035443611333553,20.12104811559894,63.18790870880188,0
60.179837188828635,44.60106114683615,41.114125087586835,26.110187554873757,0.051743239594579965,2.2601255429147598,17.284258165825566,74.54097201428335,0
60.16305746970518,45.346621760774276,34.731251909769185,29.606928674649048,0.09671629437892304,4.466789069796339,8.57368677099165,87.48276011541446,0
22.78260541065029,40.240778632194136,24.671774044034095,27.93321426947328,0.0433184454034064,5.8163679087637075,13.53083832518873,90.23939668155673,1
59.466061839623855,48.38567931167745,32.089735958591255,35.355668983025716,0.0779139981876741,2.2072887800306553,30.111394274297563,73.45599472333043,1
24.559771472894482,39.72448217015041,39.51411012063664,32.87086559115594,0.0267603717734906,3.9575892357961937,8.949947628715817,54.24017123109766,1
45.06737136681557,32.65981158963323,41.64886885024829,12.918307906278223,0.044639862099011524,2.16896513933669,16.491904322149846,74.54817613481457,0
37.15236633068665,34.864486470442095,36.03272398595264,14.42176792934558,0.0028637888906883095,2.7789964166719354,17.90198542587828,100.0,1
18.1551346792779,33.63451887442545,39.85290586741805,24.30283315240707,0.21261173163003041,2.685930773565707,19.922860736469328,54.26393040884957,0
11.054071857383454,32.7351052696737,38.75546806008742,46.28625262441825,0.08047651619729995,2.456919381156803,9.016974385041516,80.49842557846887,1
56.75351704963329,48.49520411716229,43.45035677795226,19.484081674983976,0.1015550774197531,4.242235619376501,19.045057538427603,96.39011175173573,1
67.5473416662187,46.56878878015771,33.359726749973035,25.91777290387247,0.059256616651551366,1.947034555442815,7.883367225169923,73.10924543586145,1
33.661508416724175,55.82266065820816,43.72045235908448,22.63653973043478,0.010292819011781126,6.128424508309577,18.58457277717307,61.22143301755923,0
24.534375138279522,55.74484606958865,35.51091599677835,22.459556159119202,0.0015760009931374886,3.961815870539624,14.085612485942505,78.53122527015469,1
8.413343018949877,32.05849727898173,32.96283053525751,29.782397439050555,0.09999700418684215,4.128966874223628,12.804784398493139,71.98092019585245,1
55.77316685970069,5.0,24.646908248535297,42.00777276195652,0.0252364335453878,6.709703701429918,23.008902952005524,86.57624594175344,0
30.896889472370074,47.00285808212818,52.231413691946116,32.559683998805895,0.01531707923836031,8.319094367192994,16.586362539816708,100.0,0
20.314017326237753,27.643339209065118,20.579479888684993,19.964690385729078,0.041239498895353256,2.6333465637237805,20.84226482944543,71.56850176589602,0
45.95303863872355,28.878116577498464,35.403307678929835,55.53229510803207,0.027313877666944982,3.138063876193634,21.040961468266904,56.30723499340318,1
6.944176263326723,27.05717368960534,42.67276220883089,28.785732209611258,0.05272967384986868,2.9507226104359936,25.619720933730612,67.3884352851917,0
10.201221627626424,27.063752775997898,36.89628323710953,22.227790436178864,0.03306239413145883,4.359361686966911,10.750453550273852,70.66359623860599,1
14.038248011225194,38.22843530273771,41.95493766369542,42.12096374677589,0.05973961050204484,3.6430321361143423,23.51409397511854,86.81517915856877,1
36.33069529540105,19.8552465030479,32.643657816161664,23.309293820561816,0.09601031150106949,7.034582718985346,18.09876973462828,69.31467312766466,1
28.641326576198914,23.51899152851382,39.79427252960886,44.62913654987443,0.010880259006970814,2.534974658236352,15.731252517782437,64.59224780980901,0
39.415725632030735,39.34394438677877,27.037752409812565,19.293572090333335,0.01998157388570548,2.094747541330707,11.104496884858305,52.31523518390729,1
53.23447109584863,44.21461096851037,26.598431059642177,42.300303889213694,0.028707407477007747,2.0897807593286677,21.63954516925717,83.85808610013167,1
40.41703569202535,42.477971803163925,36.94051559754352,30.010476642816943,0.16358542046727925,5.126804087373173,12.466652871996688,100.0,1
82.78990573500194,34.5481230709173,16.529952399793242,40.91052232702434,0.022732789690646425,1.0350871915827096,21.10683952186286,78.21911638694131,1
53.15056630774142,28.189928453498812,41.12113781482361,47.01765708701544,0.023990566360657335,3.2723793744733767,29.566984637802793,82.40943757937752,1
22.740536185933564,28.344732090010844,41.10361439996787,16.673927094787462,0.052989658233907944,3.170947877556742,23.87986224215597,61.330614437462266,1
16.000277423254925,34.798769136335494,30.452703213857987,40.757718207583224,0.02716741579854497,1.6745398421735591,26.348605950903895,48.98078168471338,1
23.287492581494437,48.34789757994966,36.37299425869578,13.910960955745953,0.15102558377611794,2.8766187135075576,13.68597133664981,76.17103760430685,1
41.408748662454244,15.736940441660632,25.715996375458882,17.528156447517716,0.11243741303301025,2.726335026034472,22.57639827679197,73.70457398404874,0
17.47954382201672,30.41464400371884,32.5820228050045,19.965905402075627,0.036016544389593515,1.7637425933624553,11.134710269181657,32.71259661841599,0
42.20974914279145,23.004677961166678,30.219262538020956,33.03636636177861,0.05175022730244131,2.937100240768326,16.599102584552316,97.59238056466008,0
38.91020404043309,19.314103832530066,32.191498388038454,28.330158769348596,0.0029891224272632346,8.009580250905206,28.44763233731472,79.02150645314336,0
10.908286778738857,41.305809470259,35.14131296403578,26.32863915837164,0.05949207746344457,9.475388231853954,14.352946761441096,68.29009060730183,1
52.477890720402094,43.3179293530537,44.872718169043836,29.46235279022361,0.06141342391413658,3.7608418749786807,24.66813710503856,69.16592518269579,0
32.808309747853784,39.41558162165069,39.3338148656627,33.91289589293473,0.022251839202254185,3.4143032813962577,24.09388039799829,77.64107360696714,0
80.1636907450667,51.23481200906994,35.638217236646895,34.68248123941353,0.01240274412333114,2.454278284295574,24.448447501325028,87.80367743525386,1
24.625823402947557,28.896684542780775,42.23957515954509,38.94166835615131,0.1233013411229307,13.808766552880632,10.397988143272364,75.9449852864902,1
19.576546317243775,28.610106784251286,20.577986824720618,46.200348127674395,0.027817734375862952,1.6699412943529082,21.15120579609408,84.9352049310011,0
9.643338742604636,53.303806978616436,40.584196304874766,27.78637627558523,0.0530233728189885,3.2354619250128938,17.06040860449882,86.3577362560211,0
9.49916691354226,28.959164494435594,39.31900500637798,22.789110378690836,0.0016948428417276563,1.971826991495523,24.53098114517467,96.9837293369844,0
48.28736393779142,44.594425721209625,32.05318544918669,34.13536129185188,0.02672750573530779,2.461864316704515,8.069997601638928,62.104840050827455,1
74.91094059606189,41.30045649904243,38.996627773754184,16.557451837353796,0.08498421974984,2.098072596004482,20.20672733439362,71.38086541270413,1
23.031407412522906,14.972125811094283,30.335567100430097,21.212958678883886,0.024516521327449026,4.240565510974303,19.3582512170404,75.02401398812916,0
21.87121469777196,12.83439216665311,18.249565922811332,37.9938094639279,0.04621125128210279,2.559055874277292,6.059299576506389,57.68788005848762,1
26.381238767221774,28.167343615684217,30.687115689521406,26.758716251822957,0.011776990957280166,3.2324232774839925,12.687477863430138,61.00602166786105,1
54.92445342472774,48.79968053040905,38.267841570489935,15.91807541641961,0.026937739255089733,2.588569398223208,7.019086721298894,83.11333440754498,0
10.998609849855761,39.532708043838404,31.399180402877022,13.101969346348259,0.13130350414633396,4.943637055644502,13.64186818846256,80.7123572946689,1
29.90592280183007,43.62666006251485,55.86406284141214,28.487166793938073,0.04178760924604294,2.799755715073331,21.295302507990886,90.12010385204897,1
49.03877234263446,27.485354062032012,24.889290797249,39.418965369680095,0.11610443238823864,2.056198455032729,19.172193453891644,71.91853826216288,1
36.013269061583394,51.56071526046065,48.66372845672733,39.28545777531187,0.11614923766361474,4.58785198934612,19.01640048356129,79.14994826538624,0
0.6887846416434507,20.45438469438267,25.039345742703937,29.108805028928373,0.14425231853081463,6.0222174303443925,11.761511346411705,68.77912296673524,0
40.558619468162604,38.21203690692408,26.59172525168738,48.089094190961276,0.11287659994909774,1.86434137065002,24.722702949063194,73.3765855713323,1
36.26352493387887,35.336005841004464,34.956916281642336,26.951796340595372,0.00016432618589057703,3.3056919546857433,17.88708192983196,60.012567508655515,1
62.15089508338147,37.58389605936136,40.22630549884455,26.61432376602589,0.13591630962190954,3.5556589105394814,18.20222287354505,63.282012678638466,1
71.02236904618508,54.03927673988383,48.97978729647896,5.0,0.007393655201748709,6.594705788379835,23.642397413676782,89.20459550857636,1
60.086562085695604,31.961879111194733,45.282872529718446,23.526370508387842,0.00203725878558386,2.3678186999540642,12.051925513844768,64.52502171887609,1
26.489402018792696,20.477357745699624,51.75291341776065,36.52015034908494,0.002849079186721403,3.692592843213398,19.37128661923154,43.64409803135314,1
5.040395117748224,30.956014129726427,34.38651928193535,43.63961336859704,0.021455845630550183,2.1222507422369654,20.54077494960852,65.53165917419682,1
21.74632347568238,29.26368117848709,26.400735080791733,19.697653663327152,0.048485114102373626,1.3635723726528577,14.726591098236911,91.1778692273827,1
25.85389928259644,60.0,47.62299461435913,32.62252329293048,0.02573425280004826,2.699213740197449,21.91424028455866,28.24802328048566,1
74.28632023804731,47.90802280010685,37.03350551679081,38.46879032323288,0.0012943233358154753,9.350690619810138,20.8627390237774,75.53230995030678,0
13.202298726350996,27.88693905676641,38.5625046615244,28.112081531958992,0.03235925383403025,2.4118824297070605,17.39293972633545,77.7686827251637,1
7.160371859423543,20.512940087042665,17.82786166389129,5.167195424727698,0.02918153245993076,6.359076197450688,17.207094659190833,39.07962787366269,0
17.5740520967079,13.833223708818336,44.47996582273083,30.472899995742523,0.07070368606873027,2.683464577843134,21.141285947227832,65.31481667632535,1
13.845698419497102,21.824663905550235,35.578250320424196,35.61430624060893,0.016398328518671845,7.134785739582865,22.730826240079143,50.677281015611285,0
6.458536241831735,32.118198153866075,19.375247119177114,18.52577104981541,0.012265059803812883,3.0949878091036283,18.377399504439843,51.18403553826306,1
23.424953189100343,47.78702949431275,33.44258057920533,25.45845469125613,0.01478161006905391,1.9124425297183485,24.72113676244108,63.648717522289765,1
26.630661624080734,45.2114906674913,44.61324461990803,16.44503957871236,0.018101593521985895,3.974804008772561,21.951155774583498,53.478913972833595,1
6.064395044935738,33.20060757320416,42.6909954786533,5.0,0.04571025458761358,2.9015090260576697,7.2692163016391085,48.118368461709956,1
19.477521107263218,29.689951509064638,21.69807958577015,38.270044117876566,0.03188803485356219,2.05117300480645,9.570619814747145,68.00702794832257,1
13.080133580231562,34.65014360115627,39.564264243926104,27.962514661981483,0.020541063728022967,3.1384608596145007,25.093411314129966,100.0,0
27.294280364762376,28.907762079868597,15.984385850652053,43.97674996704983,0.023445344207222996,1.8980300553880358,16.519361211174612,81.82500583467032,0
29.3599690420199,51.587635313941746,39.92036720180833,36.57322191906177,0.02317513313246082,4.177954860815136,18.985054936784845,86.02998531397931,1
13.082485935263591,30.07047107753874,40.92456316784114,24.457902383345512,0.1795091048824983,4.97143949777214,24.83574310595487,79.57543376333538,1
52.16184887269223,36.96089874843656,30.372233658550783,27.168193398955914,0.013263227535168188,2.3171136621271033,17.961532695768955,64.96966558435018,1
25.414973399155386,11.654021759666625,12.606230310762541,33.66177390770172,0.08520434461883311,5.793956339741062,18.223605657536094,74.74547811657348,0
13.637976848395923,30.09134806203175,33.20625759583317,37.668834167557435,0.06158618920249448,7.236653908979144,12.787624603249625,84.19300928381419,1
5.651132344805227,39.21251123137019,30.847253559464253,31.226706307420116,0.00027927879647741255,1.6254455952497728,20.219967043365124,78.55528848568791,0
30.53787125316257,23.903454917588935,34.59784889556226,39.05593145289484,0.2493670716882763,1.7599345287349362,21.51907331380094,74.02583936115829,0
36.20208030961485,27.9231087015141,24.086632022861156,25.033312633255285,0.07061946881073877,2.31133280438975,14.532708977982864,80.04111347483138,1
16.76379532342136,40.441679475849845,29.995576673115135,18.028564532143136,0.05735593450534933,3.28612511741108,12.467871730164799,100.0,1
27.951736587252164,19.42618825290729,11.60245673415297,27.3519074643887,0.025986987479370633,1.2313192768164174,33.75773553117137,83.18199557479562,0
71.02013052550504,51.23102965424494,41.85196955010984,30.051848907361837,0.0405068740285714,2.693224833842736,17.4425491809103,74.47663574713627,0
46.69924056517101,31.68344718304463,31.386139367005065,15.984646052607133,0.014602640221167569,3.8377889872499167,13.897845962344253,73.22929301906525,1
2.1941831093850914,26.443445261495732,21.070300738677727,14.63277915853378,0.0018064120564655912,2.8946361293540743,22.239518671753572,49.62656567300532,1
13.499508949881124,20.786142291226227,29.864846626627227,32.47386296473427,0.09040104617870365,1.8590382770944098,17.695235788632647,100.0,1
22.54338859038882,37.161970892837154,43.081350762287975,23.936431486295763,0.11340169289964735,6.471053716140702,11.48540206042738,93.56672359973092,0
26.517956702660655,58.5764133556929,41.70602179492556,26.34159094337998,0.008864947756920653,4.364020100221576,20.89832142990867,71.55178688461385,1
28.41027009172495,42.07651290836506,38.97594076192182,24.403073342991764,0.07733632543681705,2.8494382693813094,12.881274185545088,100.0,1
34.57184610637494,26.54292429655088,32.80365971530166,43.20600901763212,0.06757584316175057,3.9418351462440713,27.458748012933803,81.40036989559965,1
23.139034766302323,44.82706106986011,28.29618581051236,40.61761160395,0.009823559737740649,1.653847819813209,20.967027778514414,63.1651106890232,1
25.366800802278018,30.638224660999207,48.707976430060455,15.62646309960832,0.02739426324240951,3.6985855069787323,16.338717452843497,83.67014826825258,1
48.37238086106748,51.000706943435716,36.633484136396014,22.67206786919553,0.027474677625592067,2.2018876533061604,18.65608210813268,80.65412824916328,1
30.982523185512544,42.71414249947051,42.33458661467037,36.50004267969593,0.0713483721500026,2.201357307480594,23.41972872658916,83.76435631124849,0
8.748558192793116,5.0,28.153722217832396,34.01936237103242,0.09090339785824149,2.233651510808969,19.11576752136479,46.21333374371537,1
27.161726276925354,24.033462611988526,28.496624027869398,27.585420376702142,0.0049785940749494835,1.7516003588880142,30.73265674340129,58.27763289742603,0
22.592577365809596,42.832738833225335,41.98745573376721,16.623997950357648,0.041387584284383855,4.106984295962369,24.81520509837315,91.84557792500954,0
3.3970722350861116,32.02613355671309,34.77700719721635,21.17459953846454,0.07172142138348814,3.9809827261875483,20.92564420536673,91.07647682047806,0
28.225133946111843,23.99621061483827,18.25736618811606,22.832324324537105,0.07713351436381947,1.2348316063201614,12.378084758949097,91.87171769374318,1
9.912679597968378,25.15100678475713,27.402221103902146,30.769943311191007,0.008008057587395607,1.41995299400574,17.118671376588054,100.0,1
48.86478723844508,18.26735188487296,22.40653353511669,45.03727154697238,0.03727522500431772,4.268570162833134,20.873249820314715,83.43348192089695,0
34.21860736564731,34.249058229583135,30.00566296106424,21.131197652118722,0.09744126693166694,1.5044014266562094,13.06283150545117,79.44997191558592,0
8.277320491692041,53.34849533391145,30.907372710871478,17.739647524447598,0.01917431432980299,2.388292661170016,25.760561249777698,52.95736057998122,0
47.35773658793718,45.152994395513836,47.07266749217378,26.914135231720568,0.02767942806544158,3.7183774497547573,12.155055949331757,65.76357570489286,1
62.82163923844013,60.0,56.81594123690731,38.31738980514059,0.08157357170705286,6.255363742299027,14.176645811724587,47.74041401304475,1
20.463758679971242,41.89353469989548,44.58143768794547,13.531170332392968,0.0046781589999826696,5.876298514877486,14.62620489063071,64.27046155047864,1
22.48827399957873,43.64803453346373,47.623447606562635,42.53634150874947,0.09812500162757219,4.962700359523255,22.462946763798797,38.61976346741702,1
44.217666075409596,56.37343678876167,39.79229601943942,26.279686378843305,0.018637074459130817,2.5575198660911744,13.170381796975363,90.05802577803733,1
59.71989691435515,42.73061713057554,32.00219217234192,20.656799976866264,7.25684659107946e-05,4.14737665129818,7.200140577485671,82.76996241112782,1
4.648037082634291,28.824932347326342,25.301276564436847,11.998107132378404,0.013339044599853397,1.8312203949011512,24.528233014570276,35.5370687205855,0
9.265789276999374,41.71644355777003,41.839096806765795,35.065207734206275,0.004688104185437176,2.5750999741482365,15.33368228936663,64.00520247294764,0
17.858621476795257,47.217195592738136,40.70338266224846,26.28828804758465,0.004846744831904157,3.6194604392492202,11.588954207088378,98.08655863058655,1
19.496789664928954,28.12487202261725,30.632175116259496,29.70705482754507,0.0590186303276653,3.803330381068747,13.470848680784762,67.01436567044964,0
43.341362163787046,29.285513501167763,42.075393754029854,18.991882589886362,0.012038418983835649,2.2127913883888026,28.300576495106103,58.692708278187524,1
59.92667332580604,40.377561323179705,39.39055535979463,24.809039657489762,0.13647060985649598,2.0933266635031846,14.057737816362534,50.202800625582604,1
62.936909037044806,47.755525024873336,32.39294890978466,23.13418753645262,0.0363294639511904,4.686182246345633,17.25979136773859,51.25268262075063,0
4.517153384492842,38.65848349428954,30.01612276463026,26.994068946217926,0.030818405757808566,5.425862586867025,15.318489826283905,73.93713019473859,1
12.416310629719117,17.620770592581877,32.50425463106591,21.304476736241895,0.028483112093119173,3.48012295785665,10.60402473939746,60.97517279107265,1
15.192555339634538,51.3949439715784,48.89184040986814,12.658190393127786,0.05897826197100066,3.564721832014981,13.54368862651822,62.773598943935326,1
12.371024418079784,25.444004368743464,34.59104360554514,55.28499745296607,0.030097980034209257,5.462300286781002,10.193349557961032,61.02800493195642,0
34.14386185953496,32.47092931004445,48.16348170699443,14.36595752662486,0.006882728704764453,5.018097145563713,23.735287654084285,69.72517312993584,1
37.141036456933314,26.544611868661804,43.69790207331607,29.81459006942539,0.10608497026198978,3.917964783583093,18.605274387681575,54.020762310840944,1
25.12457306185121,60.0,47.528286678806104,10.279721715759578,0.02796538480102569,3.14702507589737,32.89606657304593,74.76648951771091,0
23.32760181316429,35.919846974854316,27.65929351408971,8.02952563382025,0.0038442992854160044,1.824245702903362,13.746535650056465,48.32492670628244,0
18.49750849788762,24.264875467867494,19.226050093292855,28.978264918522676,0.03768372652700905,2.046186355246705,12.846838523126284,57.361864828958716,1
20.315853883558756,41.68661358215827,33.57559147274559,29.74367587768303,0.05211351534880158,2.354829669543757,27.20255861013197,84.22558624168862,1
70.49420372308079,48.265488351562446,45.33190291195424,40.61498990802384,0.0161193672931776,3.0953805906613496,24.347862192408808,84.741915740494,0
41.07087668240087,34.28336126656129,48.32652114112002,31.99546841015706,0.08055707004581414,3.8661428175400507,20.308590130626133,83.49940302950091,1
19.07678259541602,41.26758451714624,39.84661008214489,26.50189281254209,0.05539918003391295,2.3628076149926995,11.317850909470371,100.0,1
22.979140013774288,25.193951393757498,39.427362911352894,18.50399755934996,0.05253986846111053,5.2529846593838565,28.469977606367603,68.70101784818739,0
34.710873339271835,30.277448251398255,30.14851941105688,42.99012068233549,0.027307526022371516,1.821972481211969,17.567381041377914,72.26407856822902,1
8.27465000022674,11.13903095437338,29.437765383569754,37.28851246050224,0.16339713446809706,2.7835665500592617,15.415949229029785,62.69011566229024,0
27.871501645739073,20.94121440466523,34.963340397683474,15.536705222515753,0.016023293001152926,4.488783372137769,24.85775842150968,63.92308811826561,0
39.50313388042872,54.001778138771165,25.76395704868824,28.37963728210635,0.043102617172415286,2.6154550289000538,17.86622927247762,57.741764365178945,1
36.0071019419794,51.81535156852005,37.41863020839594,29.440522315264968,0.018484764054076716,2.766702217436691,11.005979486208703,73.46239255633365,1
12.637259884780324,32.553475469206674,40.61899326190563,24.54346343394331,0.06828631760908127,3.31924966567833,18.24181559699149,72.8531810758984,0
14.80161541387625,48.849556783979814,41.73556939868445,35.718504858067945,0.0024485619313024736,5.8633724989475215,13.311907190575416,74.1218781706687,1
2.9223035797006207,28.837600670872046,21.962919883141353,36.31733138348177,0.0023490182057381245,10.39674509096454,-0.05604685609904436,66.5499181189463,1
42.460101367457796,33.93491217943959,14.132985865956988,26.095143021948942,0.08326364616699884,2.701343349725973,12.709738847099208,87.38458234579129,0
90.5130914681866,44.14207020488355,34.730582119537374,25.191307542023416,0.028481754792374598,4.890896952736937,14.833586574792895,83.54416865477313,1
11.08811212023625,30.41400086479978,31.59291480276888,42.98958462667532,0.020865250289418064,1.6088350844386932,11.066129344241713,61.078094100537825,0
52.95482380634256,35.79126033534958,27.245120535513067,37.32838892362237,0.046764359138249445,5.608865831790734,21.451479192684225,61.686142031650746,1
85.33086666460247,54.23361107118589,42.83812392469831,28.723603899083844,0.060516203862858546,8.302298607348586,13.33531345602731,58.83154515925156,1
17.028516618326496,34.055634032311005,37.67334759078756,11.707909609199465,0.011232318176326679,3.5957966608489254,20.870557205006737,90.31193099271258,0
23.003932427114886,40.57540750840528,41.59566036917197,31.44000106305036,0.010254821816910115,4.883044646145802,10.60008158179011,59.11496710311302,1
30.242596703508116,44.85019475829952,19.092726503861233,34.980834649176686,0.15868406749129554,2.392570628089268,23.45531352649523,57.16351219139223,1
35.19454750781621,39.161040082719765,25.150135250622945,5.0,0.044538984468662245,1.931822178813086,10.34110484000105,65.77583607665865,0
31.452428384889714,25.01515099865107,27.569079212622547,30.518694483180255,0.024724364321570404,5.202893754204793,3.95081754365356,67.114653878971,0
18.156849189215006,19.19486848874186,32.25533244379645,23.833080132042646,0.080833624618017,3.429593858085145,25.42357551097936,93.2090563763846,1
39.07178804507656,37.348574554834535,38.8533019303341,25.791457198704485,0.03723875905070478,3.67473069109916,12.864637177612973,67.89215106264776,0
18.50385683712243,31.06301547731902,36.200165773941016,18.92619047236679,0.01383135755288967,3.9625294315382,28.541574349196452,100.0,1
33.036617982437384,35.82940698656682,31.264419258875275,26.51810709596358,0.011579916222202122,5.439148892084497,21.38755140724842,72.56278166628522,0
24.43759882770632,33.50509943167008,30.780972274188347,41.919915761813314,0.025280236002479053,4.1718847793692655,22.74157991028752,100.0,0
3.9850202042209473,56.433489632298816,36.7467617055456,23.536015011844846,0.09826846388047411,2.3116308405645025,24.272835002796437,79.205943262305,0
58.26400320642703,25.437337924550672,36.32048819466705,37.65573558793184,0.003170846373642166,3.07383010664425,18.676076077494415,82.06836193895684,1
15.148180828907295,12.372764426124846,17.585195468533314,19.936687811203896,0.012328669999683482,8.733363725569877,18.744332507031235,91.69735816434377,0
62.17860240921158,42.65055869657783,43.86051464014769,35.58756192656039,0.11181731599237561,3.8104143793160627,25.68804014516585,94.26916739094682,1
51.533565183093444,33.965809231582064,35.249149597734,28.01655855621951,0.00649032088937975,7.331629597623774,18.66815097418859,84.82689929941002,1
29.576968591651177,37.59722398604718,34.67853376677765,31.520248287892805,0.04966206061896508,5.091175647050656,13.630938919220341,100.0,1
36.510236077352616,41.3153656344429,31.272463055565428,28.071532560974877,0.012008850532593512,3.7569920998276456,21.514551360973343,64.82615653616618,0
39.69165116673832,48.79479462679972,28.67358296140688,34.416252324412085,0.04655332381495813,2.2932927108189807,5.318139513690287,58.01462509392168,0
21.369963154113364,18.13323626927762,22.072072456686683,5.0,0.024152754863915195,1.8293327360245768,25.917352809361283,59.13053150364337,0
22.18353382101076,27.760351094579985,28.464085488832904,13.801746865424304,0.005361273593237127,3.4856035702848196,26.04263481579055,95.72080461545548,1
38.34571349328213,40.03946961279996,17.063593352469972,32.170804980086444,0.04367055090205117,1.9864245652942858,25.189000008738475,94.43054301494786,0
24.63945375914285,41.40055402074369,34.98138036562017,7.5646164610376445,0.05744941815225271,4.955519747119596,24.958631774266166,62.04896225962279,0
18.205868429363733,54.66537576728842,49.26100925112341,22.694196443527908,0.057014329027936905,5.321092962991829,17.49494804795326,33.32140437196475,0
12.821316346412717,41.480237163100576,41.12983810871121,27.456591589633504,0.050672362002206595,2.804804145423261,17.359905693041867,64.47658772360171,0
33.74001523053481,34.49311632571745,29.827599524354923,19.71859862387103,0.03467984217571357,3.917600713293769,10.622159461374864,56.54903841723788,0
14.721615763900902,23.30388483515852,29.697044321385228,21.084385973062265,0.0366435531674618,2.8494652830234104,28.488247510266287,60.53528358043837,0
45.69479691013989,31.211321009330792,28.03521184835632,30.715822001535923,0.050480659523886584,2.1827917178442577,15.089890961842332,58.3228236658392,0
48.37203240488157,31.32877663116117,33.72159651915004,38.09294955779809,0.05860099912430875,2.7514269238745683,20.039311858511287,50.531335326290964,1
36.310265905753546,41.99887617100064,49.12041305835251,18.415506187451925,0.053192682350501175,6.970323998313743,19.52427169772867,100.0,0
41.834293957024855,38.845118549412035,43.286037840763825,22.249418038126297,0.044208794531142376,3.0553694528148956,9.95748491037506,63.111835732253695,0
36.387133396582946,22.221574301065655,33.054984165968285,20.68739026672955,0.008470601314161295,2.330417220401475,7.531949855260766,93.4674437282041,0
43.923809104299714,32.22955667474063,28.948743370826506,5.0,0.011825153334294219,2.314571424480882,18.03351972520409,70.46419817315709,0
42.63624609971538,45.170912449471516,44.067872123347314,29.417117903175086,0.015070393487254455,2.6865648277049816,15.277463294330946,56.56518615165642,0
32.44202492795343,38.3829272889336,21.85815530458902,37.34717745828492,0.12607541380986395,2.6662196775084492,17.46337884453999,79.12443083452574,0
51.976874580720036,43.4829773472357,35.37436308296716,38.16643207315882,0.07122995379016378,2.0877331763594373,24.392493781219393,69.52952206215006,1
21.973310040680637,37.12521360667472,39.519776801261486,19.29233623559261,0.04024493929371063,5.377383107791314,19.349664903222138,66.28814542318742,1
13.1715524861808,48.24004021901571,45.2193857999883,15.483019514798574,0.014521420579160157,2.772251762344586,22.551135244588384,69.80789951233268,0
12.580374933572134,34.24748687827952,39.05807067303773,28.216055475916846,0.005876801490726543,3.7757837019711338,20.671968973053467,55.33288245048409,1
19.497983378234654,29.06446952802822,33.98443332488884,36.29273686566467,0.11451268489685569,1.966342735588209,16.10199484056101,44.582551363841546,0
3.3372074291951708,21.34303070304367,26.971412448546403,29.54850448310384,0.11159049791812903,9.023621746299797,11.989180996841617,64.89839726482397,0
29.362061687086698,36.90040383516012,39.06396929267596,30.893046358737614,0.005865784501850736,3.1655800907437897,19.58830720868081,85.33117787692488,0
40.062556592110624,11.602343341065751,17.018049011735897,39.41830927736233,0.07978085953025328,4.304772012203951,18.50335571607655,59.4886424347458,0
47.90581826355486,35.34298272120611,27.379774982136446,20.608634407692968,0.029587782784686708,4.296617165840833,23.490938025028484,76.8905976466955,0
5.003239740409659,28.69208736184801,31.97071235642158,25.8002991332697,0.019575664410218224,4.09991718175607,17.094599581665044,88.58325517631988,0
12.947699318797639,18.297446361646838,28.704559686328714,44.34605511761201,0.06718177368810968,4.948377971991992,16.215950729306865,66.24306655465182,1
44.74844499679115,27.429608362958714,16.366921916666314,26.03188876902373,0.04763860037365503,1.0300976340555108,16.623003697310402,75.24110457629611,0
21.431282247297897,41.31126763857709,40.16567810302699,15.326630340334289,0.07571322973459742,4.277781941758265,12.487640189967326,70.11444175346537,0
39.43400082533163,38.22221761454937,41.470714069174896,21.30643903749705,0.0038618124242884642,2.6915575110135475,26.681459668922745,62.65163377667043,0
7.861662118711152,32.19713265487995,32.260571162221616,18.618201487787577,0.019179336242876825,4.695388044281946,24.83777252769457,51.67201464724159,0
61.6900527628011,42.31698325374039,55.922523567768096,31.571625857012705,0.019232917668831236,9.083141608226683,10.72182102625172,62.4990750127441,1
7.255042831582676,32.014532304226634,27.342332071169167,19.04052996411221,0.020005455775504007,6.002301484438207,22.823688851835296,71.97375652142563,0
28.731908581710876,46.73841191583978,35.806667459240956,30.710342528612447,0.034905963310223796,2.034560672013912,6.929969616405808,82.11446714533334,1
29.283788411571017,35.62686007877214,31.09020878249118,20.639347814593503,0.016634934486337252,2.4771609760555915,23.911735398666135,82.93299125888197,0
16.63689996955823,17.91340385724623,26.555860652570352,6.76621461601772,0.02938385845272718,2.2339216812764087,13.821897293353947,62.64923718757971,0
35.405728215270074,51.61215888103462,38.015065048683525,31.06619786981922,0.022925701855672147,2.1616456034376306,20.15940334606951,88.48077375701371,1
36.12146425838817,39.12162231204668,24.3941645679797,29.48463681546889,0.06645716199142321,1.426269263212613,6.422941862749969,76.83475014433402,0
33.39505816287343,29.11672141648034,27.274302196700333,33.177578157088405,0.04625406223279532,2.335623879442468,10.807774609932299,72.74014495943997,0
16.382445023971492,19.923349570645538,27.188374262065608,21.270127808347432,0.05301230360888503,11.034014283786613,20.812217803496456,18.186139065740527,1
13.815785248821655,36.03150999690371,44.241180655257466,20.204555246406237,0.01182308566143089,3.89508730788098,13.794550899703317,55.50201287566858,0
17.882336811220387,31.510630471939304,50.22219837575903,32.01466858481545,0.019689340680457246,4.455677014914009,12.960222777766809,45.75999882868494,1
12.216401345075337,47.573928062085386,49.713362407639394,43.190195725309806,0.0010696323636276298,3.7592733093618795,26.375170184712587,76.84938287497671,1
53.59846968396147,34.580697645925945,27.62924682098953,28.111680095063278,0.005735465504965309,3.5528379958810836,31.265755267637246,77.14519391574278,1
19.172750117352074,24.50210462077814,24.234364963301935,32.24585096047145,0.015397928375522158,7.4891728358196925,23.6220836209169,52.75475422769378,0
28.127283834352266,43.177054757512124,35.996193282930044,24.78412315574293,0.0033852415666694585,3.576664520845326,11.448716569589617,75.19089514388538,1
44.62361912737125,45.946361796274,52.65501582933828,12.563694781263152,0.046144674151271894,2.767250559329118,28.5811159969062,52.57233833237904,0
11.687090040787803,33.43957718222013,32.052438455432906,37.67429419154058,0.31409394206938007,2.960678840323848,8.631406442109707,51.6809715341438,0
6.945072888906482,37.80533141008505,24.50207263973458,37.084142390861615,0.0053133359771276025,11.07896252498175,16.173051275548044,55.73569461480719,1
12.254429602626509,31.4612932329716,28.57510019756436,35.10774025175194,0.08608282025904346,2.4088500611878274,18.32866660192424,75.55293074819826,0
30.43695977609911,36.904194976507334,40.81812600515827,26.180545616575813,0.0063244550941483,3.843125586217154,29.544227063032494,92.07901714327838,1
28.939359914679553,45.99081281284116,43.91584734030516,33.970560997385405,0.05542010546784624,2.4213164088789907,23.475954825310353,61.997745257776884,1
33.34925152054514,41.2555710682968,34.90049509538547,36.937617973878304,0.05152305299141176,2.0494177660945256,15.217453831202882,91.50672992823318,0
23.053919722485297,31.765343575046547,38.17345481849887,44.20158684956707,0.1165065176164874,6.062465557949893,12.330262375321501,70.32183720366896,0
1.2694089559128094,43.71403680264843,19.30023710068472,37.88526104647442,0.006048847307660476,1.6793466375237092,24.01315592281953,68.79595420506091,0
22.488807765457196,9.724767436903457,24.720540855022964,28.638212250336387,0.018949275345590873,1.9650129597358759,14.799846256677867,68.54069318717977,0
48.74199116801836,57.8320317894221,50.01829608671788,14.917467445756284,0.0047583963156493415,3.4803905410483744,19.30044052718985,71.7886919328127,1
57.39048793319205,21.548982241071457,21.956686695192303,29.55658297671741,0.026160375344260956,7.888981160755816,9.781341064445305,83.06759813772229,0
26.75644759106352,27.74253889093657,24.406307264404326,30.565773958493075,0.12129030450595851,1.3966459850586892,21.415547131345203,81.45610731094338,0
29.01897557327959,33.94367098404125,18.645883171508697,35.09029775318304,0.07605376122882862,4.34820574948397,20.93217087448487,57.53462556011812,0
38.92070330636764,34.37329878867353,46.46848427395497,41.53891859323426,0.06416885948004444,3.159181519757178,10.55027963005097,69.94463361773093,0
56.310668066118254,48.51071061018329,33.643052427900784,27.04849487943221,0.03807424599850029,5.46931215226337,24.18973867722984,100.0,0
25.010225273061522,23.173167604856886,31.19761326483965,49.00987189813111,0.10748708150392741,11.156334866521231,21.32847484945669,72.65987486939017,1
38.54307998122624,38.389130172014575,40.18698840067283,10.407129799594227,0.029841130157119956,2.866819173277621,22.440145516680587,77.00902381268247,1
15.78254760670344,26.585261158807974,42.730648056654815,32.19341872461625,0.008107459722359487,2.4135774666446186,15.727927843499216,85.66553760585211,1
8.028913353508052,34.15574679640038,32.43111652667507,20.01479607815972,0.09088009323791801,1.9334031562343936,19.073738467718655,59.08711518143168,1
17.20998358102273,31.933774939174647,28.45807162544251,8.92778000311197,0.016400093547159704,4.266671144776656,18.38027321319195,67.93258738768577,0
64.99385094218964,40.678434168158226,37.65591485582772,25.982256237008414,0.0027562703794451193,2.1959198679973855,17.110977571474617,90.25144363741663,0
39.08835744332963,30.36400529185599,42.41824432908069,13.428273015790435,0.0067359208812177405,2.7242621011066426,19.023019668995076,91.40120495784106,1
8.795696592062685,26.21871498784858,29.12610574393316,26.38572101967183,0.04695992055768561,1.9136185874602316,25.538657842778296,31.281989915831332,0
40.361229131639185,38.926909510020145,27.93181115133545,28.347692480944566,0.04670771242301558,2.2757056640134308,24.449703832223562,62.02221396289724,0
9.458039135362133,40.85586092786477,24.01628190462301,39.1854140933595,0.015067632595669511,1.3553680796412977,10.90883593518686,51.916128231833305,0
33.02050990512741,28.97028314379063,21.81773418067445,12.924148652360625,0.06494717921007616,4.977109600897421,23.91241090144164,69.74672543014476,1
11.284469929646152,23.004995043717823,36.117129996740445,37.08445165645772,0.07428146566115225,5.740173474131048,25.146860236488216,53.416802337027214,1
8.316538651584958,37.38208245445612,32.38783717132796,28.98080450279794,0.12660156454973648,2.6846241646689366,17.0929339598858,76.62489022296562,0
72.2095615057526,40.506395295286,31.342390838748717,38.28849153609595,0.04396630822483566,3.4610708583192658,21.05068262278666,82.02806741688404,1
19.161009686891617,41.17913279289326,30.743915331685766,23.682488249688724,0.07557550447960772,3.591369816438089,20.964010003818107,82.1700544776908,0
38.59429062922367,26.731171460672073,31.372835465870285,14.677554132365547,0.0699385292817813,4.335304207202854,12.900200299954193,87.01397748644825,0
25.800797802635394,16.075730416161,24.51465141633973,15.825006737841338,0.014907436092179064,2.696548354658101,15.708262274830032,80.3464498367648,0
10.181460194483266,26.197178210909147,28.29381413460964,15.08192546332884,0.018569558340101766,2.842762567079532,22.504861433109642,61.999433772246284,0
20.82933047399411,25.460873478448956,40.9789408138655,32.77814152920655,0.03255061240827332,4.04451147826447,15.025066579011293,70.73002917614816,1
10.26508285291654,30.751878427134482,44.60488162574686,42.769220222147,0.0009611271228880359,4.658616284968131,23.852997355573844,60.13990799078628,1
106.86686888525097,39.661578190083745,22.984457892761526,22.350484733447797,0.017648218486217677,2.000631109549147,25.82983464509857,65.90234406750334,1
43.47966859672508,43.93211980287325,40.19358977029296,34.291352982577834,0.03211157083910801,2.8117408179246945,24.862031051882823,88.00275142566075,1
25.437578604779915,30.934134166491823,26.158756877625592,12.765579418643801,0.0057183417356274175,1.9365879866961544,29.87882761901674,68.82654631191652,0
37.16208996157954,37.07905848197594,32.84561448190163,29.80321249177299,0.006749530711399077,3.2341762545406287,17.455606306253326,49.89323853044671,0
41.56970082679977,37.8118007084294,37.59894736438532,34.68562616337127,0.03110990651742529,2.7730081625253193,19.063206443814376,81.36818373167397,1
41.6459696753258,38.19644637542074,33.57681921472094,13.518752247231316,0.06564569568622272,3.2332610372399753,19.923978286575842,69.96996017072394,0
40.424706064107504,35.82241480506639,36.17264496704762,25.961165310201455,0.08971280844572838,2.8503328747370613,17.63761245005557,42.18788162350832,1
38.300850086540805,40.85113441708425,41.72421541508904,35.159171404855655,0.03951748621331907,5.710962019895938,21.253073844609865,52.05423093033798,1
27.0247669444621,26.09716370341124,32.79547988568706,5.0,0.032193950584717794,1.7916584327574694,7.732775825928066,59.89578600897598,1
68.59342685682331,54.283193295062325,36.538586884683944,41.354530617017424,0.02424819437423119,3.525177835483635,19.229432332155117,81.87636624802295,1
28.328235354305622,31.88386146946049,27.71994773202161,31.53679375891048,0.010718420315630505,3.100267059699254,9.735380100702624,82.48594684661954,0
25.998440607724493,20.784274712171857,16.79606751192446,35.16727647717343,0.007924119237299026,1.8079023941024803,12.224260334354533,81.50622208200825,1
28.50922492159645,36.1571173081572,27.631484543097134,23.872807208052357,0.07848597473036706,2.4745520059322654,22.39733886617948,79.74478930827384,0
30.027946913568886,25.99238721256048,46.09350178021242,10.772775184346447,0.0312750464410771,5.524864954289134,16.80530256930588,70.4901538073341,0
5.047468461787972,37.41046561435695,28.628157652980825,33.340629563169514,0.07810869453514308,2.0902883100802514,22.185686848294836,91.84297835133086,0
12.14353703207586,53.91758631523516,32.0200040265435,27.17409674583488,0.06088381953521829,5.703156101190694,16.67534037839322,77.92677606641347,0
23.053314162394177,25.592276208780625,32.79633337827043,28.321154554323208,0.010777120316550225,6.173158351834197,24.638437898346936,72.94224337111318,1
4.770870851351408,34.03935395994256,32.732823509642145,38.876069851989534,0.03569885771934009,3.739827441397935,16.565515766272178,74.45299575622568,1
25.406650254644877,16.255941651150454,24.93763076566638,35.62063873862598,0.0293508448005526,4.211238830296597,6.270489062621261,64.09580500359493,1
29.738902225066074,38.99988762817338,46.87232278256607,47.212374170896126,0.027571401745750485,4.242006158120187,19.352355492067623,70.08912642948891,1
7.675927917473783,22.294251189624166,33.310713880316584,29.53854228873499,0.03910668525664099,3.155507946841003,4.986840925784694,35.305874990221334,0
14.86295464710476,25.981097012720888,26.15249535146055,21.087875622088827,0.20109719819309732,8.110684896576714,9.283674584805555,62.17137599225692,1
58.93793135066417,27.827824804201345,27.7353225809463,26.115831530912736,0.08380576200496032,2.0511627944320017,12.70232082600858,100.0,1
37.42937970368968,42.9359192161008,33.15367557519484,32.156633725386065,0.11702080306231784,1.992512497206512,11.953743133378875,74.71150510004438,0
35.9423667725247,45.464398590611324,45.18367640888658,38.158565189929774,0.0015043856380687597,2.9370934686292527,14.72969517350229,73.78957001492911,1
54.216395454664244,38.366311464784715,32.88134355028879,13.329660485612813,0.007560704521046376,3.5511471204059504,11.747593058813365,90.82234051817207,0
12.355838438896036,23.20910871247721,14.93841546535768,28.08537615179169,0.004428647611122069,1.156505310267315,9.564284018485964,72.83854892211485,0
7.698749906618482,47.0500428470314,38.433459708937804,44.09541657038369,0.015274043781697253,6.711381738453057,27.251014469044645,54.74249291747477,1
49.40798457168009,29.907096408205454,19.666630554258752,25.597911289974796,0.029160183421612168,2.042072574641723,13.931132721648625,75.23645959719087,0
23.557869001265026,11.913357350915364,42.23918775440536,37.310118548691044,0.051368552005638383,5.905704462618563,4.615394081115614,52.68328693007528,0
12.064185312492448,36.39351789644455,26.832063847799972,32.93117527216005,0.03474055483370475,1.9149324915375354,15.834489761944457,70.16701962180275,1
5.002569509582103,19.702638690022148,26.586137353147016,37.5586060652498,0.11674710651256662,2.0806390179295526,11.251613651834678,53.4342646158573,0
28.750844585918266,44.19871462287949,39.74510772676089,19.902394584000675,0.14055064543492932,2.1093545295192033,12.69019423624312,84.6745880976898,1
21.497530622433512,29.41325262663084,29.4560357652185,19.945983299344192,0.008927690256503976,2.068987791275438,22.26205488811491,61.64589679791678,0
18.697282145053997,38.84172472720006,33.216446679150486,28.202718921222882,0.09583652442197738,3.0087424818742416,15.311054287288693,56.36889779199262,1
1.9724557412466317,44.31087182670858,41.098967019970445,12.677782127596885,0.03286219473919121,7.897568282336793,11.084420392692689,63.70201132357715,1
68.00357611757514,28.11194777142905,43.45450677894185,25.302593933883422,0.030195449109681794,3.157724406046084,20.67752105974347,84.08159251046072,1
6.320965364481872,25.288773495748227,36.25558205283767,30.52876657515667,0.0768417595282721,3.8546592118619563,24.899644983654515,48.15421312029875,1
20.183658127860486,32.270837992608435,44.73644622563172,45.84635606949772,0.0048883878562258985,3.3530415679492798,21.22123297583907,61.217732665718295,0
17.5749370840499,48.011753752950916,30.83174863643235,32.027181892698216,0.10706292285292916,1.6374314007273518,3.2786665700974478,70.09242200221104,1
38.21699230666256,29.14872166659493,34.198389732680866,34.252284708731025,0.055564113936161764,3.110394505497762,11.310062985617916,92.71892670438042,0
5.066016117658259,24.814865458158668,31.167914599729706,39.64475847050006,0.10407682980191918,1.6947685093422968,18.28469118381723,28.08246675912503,1
35.060436130138264,40.04047117507882,38.82491880344541,18.353424111049435,0.259946934693206,6.24440908239875,16.534203568415908,81.23953528127623,0
28.856524260065584,28.556191381904128,42.43233231784623,26.349173376290143,0.03649102011149564,4.918649810047985,16.03634907636482,65.01782138592151,1
14.247035645103537,33.6623141757417,31.698612471960246,52.25412591803892,0.004895097662460259,2.5366568567277348,12.103459842954996,60.43025192558569,1
34.18741182810952,19.61273756453516,24.60106809338136,27.208777776154914,0.009107510349611712,3.2745710809984834,9.56649550153536,61.620577963585525,0
25.372631323192504,55.94919412404484,46.651524028967245,39.16430748782207,0.019549881619493798,2.570206687301481,30.04669030687812,64.61609251012466,1
78.74733595304268,28.33500808986237,17.10838141541817,37.63737877173107,0.005465802096512847,3.2804708731833143,18.16266571883347,90.06172520428846,0
21.482391292597523,30.004831653987544,30.107116268617595,13.218862856123108,0.08446244359381264,4.965545562311873,21.852730733204506,61.24468119119038,1
10.676036373738501,31.276595097639827,31.43705652477231,31.104792770059333,0.017610521311048868,5.020940441954588,18.037507041502852,92.01408751195204,1
35.30931474005812,54.423278554576676,34.40644249137527,29.467474722052255,0.1862485245721063,2.389247771791525,18.278092191827938,81.4198647123977,0
19.4144808059988,19.66371431157242,36.32195781548158,31.299587878404346,0.06063242177290096,2.428458643422468,17.627379601144277,71.85247803849282,1
24.986280635405446,53.584983450098335,32.93607084129306,20.458875202089402,0.009523555937742236,3.1205740871842815,11.277324845553407,67.50641435983174,1
7.762241939486184,38.73610450194315,34.407457413866894,16.83080488087841,0.032317249263540834,8.590222197869249,8.913063251794515,84.40026144531878,1
38.628648823088476,39.96525056769573,38.33135802966204,23.239899999791486,0.031450832910251816,6.981142552662493,20.317352242469923,92.76602506599242,0
16.95768072555652,22.69731523865392,39.90653858727052,27.02205002915797,0.03391407702080176,2.8867717090683653,19.127054443627,50.970803936297635,0
30.51025413487907,40.2879505406126,36.03072873719822,39.849844476003156,0.03836026838227205,4.828242558600284,23.629685390758244,60.573579245989464,0
91.68881170442731,36.518455531466095,42.09661096561212,46.17310819725607,0.001583465128433987,7.189506284511413,22.41216495985216,92.85721543676587,0
20.51498957323303,45.74386096796908,43.902307565404655,41.965978462231774,0.057966087619565856,2.799831094002193,13.148926843501975,83.15321208130695,0
42.35768498473424,26.643032456632803,31.64487343200626,36.601852107818445,0.03339266673376043,5.129638614120193,24.795547853531232,68.96642877230782,1
21.652258733545477,32.11625386547098,24.13039428000075,17.9565973770041,0.07826277425339964,1.8301840919912786,22.590163170927106,58.19377885102155,1
14.415533759987635,26.60959918386643,19.16719278631178,23.911038250105044,0.08446454133067803,1.7993611754678756,22.14504941914401,69.0622961414957,0
60.30884915639963,29.171097749189997,32.5204823110295,30.099260524129978,0.013102998467958833,2.069365116251763,31.49596075187285,99.21217129246969,1
3.4760327236310844,37.934603077623805,30.832266239828613,21.67560961923825,0.0024817307182637073,2.956429276562896,30.263752575049125,66.31072044550835,0
50.025942566221175,42.85847885902951,44.49748027706214,33.77205652527951,0.06074054223273746,5.931857324018253,22.139482599329316,56.046076965867265,1
2.96508400379573,42.534864589579335,42.98079798062035,35.20486108254288,0.19029940990152225,3.6508134193635553,21.391183235025178,67.23676521442046,1
46.574757315749025,19.187462515280682,26.198097050615875,33.36290062565469,0.029588949976035495,1.5734051204170139,24.489931090618082,86.05617253159761,1
25.27741662375806,44.43331951697415,28.511624415259508,38.251346045575815,0.015029099967111496,2.005686800802025,14.496277381977773,68.53482365450523,1
10.703480235490705,56.66001108889254,46.74988883241521,18.954087862869258,0.00851995925293712,3.992506522932273,14.581024454453699,86.01319823435679,0
17.917148147803147,28.171161330401006,23.1248689630792,37.32828704092198,0.01694495076073306,2.9064808321464994,22.04052844255148,81.57116516232291,0
40.78478187622379,55.06920340252327,35.959969977562395,21.04354549879804,0.019868861520161294,3.5183198477295443,12.861143465234566,72.23057251979944,1
86.12761332395934,40.28752927799563,28.279685805477015,18.590640473571145,0.027571509130596486,1.5742439469741836,21.556616913139532,82.87268295939879,1
5.295770804262617,17.070268245026323,25.7200991224909,33.321161341863814,0.05326958130335466,4.088381551574378,18.94099299921714,38.43275858310417,1
11.321743731823622,28.641937135705586,40.81831352684673,40.158735621989806,0.015952655641108836,6.844140399342175,12.862859372447287,85.41774962004716,0
7.0741289793617215,41.54315902365702,36.57693664767458,32.8801348637601,0.002616099769566614,3.2576658845749096,18.155199061729796,61.47206556581769,0
21.513621152467845,24.84527834955486,26.39236180040038,28.20804023772544,0.0233626596840083,3.8572046374787456,25.8304895528305,63.30337314134833,0
47.43177258781864,31.111379298107927,20.239632278881217,31.101538261015072,0.09676865858067174,5.919157891775418,18.494222703923025,66.23855041965247,0
6.112544917635001,36.852276060577154,39.1579071020696,29.3642691806728,0.0344927812689997,4.015822047697837,18.519285885707863,73.07297242087844,0
24.766628484624068,33.74559544007934,27.255001328602717,16.74049103864606,0.16731239375579413,3.60646517002953,19.973911673427576,53.02293068548493,0
46.40754520194352,42.80736130515894,38.06308547532835,15.573798550550848,0.03502083005330293,4.459142391874254,20.755131137349654,59.518917314700545,1
17.705129138754586,35.03406477839655,31.179876984025494,27.21174120526545,0.016141207036426124,2.1625624729061075,16.014957203512843,67.75314930226061,0
29.053904741643677,39.154338906762284,42.36715331950042,28.79856835769304,0.010741038921481354,3.866151411377154,20.10156628780229,61.41308097455571,1
57.378743661422305,34.283799691117935,32.455628740218756,28.11332378367734,0.05929428447315234,5.315319798005902,11.7055778424556,81.50425233288068,1
9.466181096341119,33.737236584755095,33.02348379771763,34.76101613649913,0.038434640057788454,2.353590390850195,13.205573658996672,58.04489702877549,0
3.9534784100528517,21.31929170454859,32.413693861463116,25.8452328383566,0.0463169181587174,6.170050689526424,13.973105351546263,89.71623964764437,0
31.714972565147356,47.64158210980599,55.912154302027886,33.62979181904856,0.07035073549384377,4.732787040514928,20.818576137804648,81.74485711479554,1
32.35520627868488,28.510533773629597,38.51178895232027,26.554132326735523,0.06471374572215671,3.0260216352382576,18.961396965337663,81.6843344414212,1
16.70204393290757,43.79378146543003,36.808663735383135,46.23358962036466,0.0022165791802426188,3.7924242229464107,17.19384253653628,59.26598247926189,1
14.065112315141146,29.773697237442516,31.935062819899315,28.807137267264466,0.08111904191882123,2.6246137030866077,22.14461993751172,100.0,0
25.667207801156696,35.87007127774672,30.14915282850321,51.407226115256776,0.03803954531178841,5.148215106217987,20.273172496454016,63.548276346116424,1
9.303013434337743,26.445806506243652,22.9783569743399,31.520115910908643,0.02485505608897076,2.465708339437399,16.26013932010277,56.153448527515806,0
9.317255146680102,21.237633960321723,24.073047287598115,25.863228294117842,0.038557536282678544,5.833238171493871,11.788614943081129,77.46458998366624,0
40.59868355286086,18.64219865687611,21.279687753054905,19.005520237403253,0.04739570718668669,2.4899009732961215,13.081747192639483,76.04815870467714,0
8.699914283812229,20.75174555664724,33.52764529302598,13.571114259423064,0.008096914309527586,3.8361697600807676,9.19914320764265,54.46421821814478,1
4.25996888820448,27.399906801071452,22.39040385747669,18.085577156038433,0.027014043000720418,13.308217351420092,18.843417300904953,98.7897012089696,1
14.040624823862036,34.224885511868145,44.35563869578761,19.203936908360102,0.020442507308634478,2.535693307951969,12.827167305277968,82.44211743766498,1
17.042105291919913,42.66010892662062,43.080414639598885,31.94820020412177,0.021570612998083726,4.823164580008327,15.028062108096776,68.46850057740306,1
35.057724322452025,30.801084050399314,32.484447455101076,22.738346289398123,0.004788936090051198,1.9232471446180148,17.234455916226818,100.0,0
15.12255775909938,23.448776021193165,29.382059300197813,29.869270525544977,0.008708354034582666,5.120145428951725,24.263971147984115,80.18621371614366,0
63.89809645444659,25.157566608139863,25.60477616633952,40.81978362376686,0.008826840095081603,3.0951653319015646,23.572743589900917,77.60110474399592,0
26.688841909568787,38.80396246547635,37.682260276972656,27.121916483651464,0.02335836223723722,7.450508552647207,17.671749172476154,100.0,1
12.387239022198116,45.69003100662315,46.98075210831797,48.79156698466804,0.11244820929552096,6.368220936178805,25.593020936401796,77.36221880655272,0
34.00905107700808,47.7646603411141,33.480612438399135,16.241890196608022,0.011535314589064665,1.829677048251898,5.925908944074834,81.03048915020716,0
63.14911232940598,46.57169433088327,26.36154102100346,26.49416451625072,0.026909199346270004,1.613459489239795,29.263323298599076,71.83460805847366,1
39.829763948382976,42.359897764933436,42.569705144827324,22.606870763890214,0.018669944590715654,3.9669299499950927,22.15499828582751,73.7071550751713,1
5.727892474648793,47.83542166829073,41.72909646126669,37.36506606057008,0.07741321619609956,3.547383139159243,18.61681971011958,59.98518355696653,1
18.277236744046597,36.0624001257751,25.463369638780605,5.602083696338791,0.0025713194948927855,1.642373106893233,12.651841915487623,90.2514835394311,0
30.164846972627327,40.98602380613581,30.52727855514138,13.568847108221888,0.010941605169866857,1.803415566162472,15.371595803217215,46.89175724326352,0
38.68581720941709,32.59503396289257,26.165179392755903,26.92653177549037,0.01182673711829535,2.968442763560082,21.656105373468247,93.22521993785614,0
21.617571947953824,19.6222020836455,22.052622681184207,43.51377721009493,0.24782724798550815,1.2029485852518242,21.792476301188483,56.16337645912161,0
19.29024721820032,26.055048077734284,27.832557198764214,30.258418340373073,0.04228870319382023,5.530377470642332,22.010360223544723,67.98923139618739,0
78.36775388610793,41.663572697569634,34.53305064478188,14.484525457357663,0.007480615115352113,5.017642169599835,13.629019593801237,76.24530495985815,1
40.23992335717975,36.64384222858999,29.451187650888315,16.028334073097696,0.015886390558373327,4.550238446115255,12.420913721908741,65.24569737400785,0
34.08491104737274,54.37559520565985,35.68492752626452,44.72989702844953,0.00918545159199757,1.8164993414837187,19.17123146611504,82.16374443150694,0
15.672149634572689,33.16359412109659,31.435162897083583,21.78865201203759,0.006653978713744534,1.669384454888368,22.61912374662884,68.0565917269824,0
9.174289403463133,43.164577850775906,38.60736341918685,18.57036627550236,0.07977231969366538,3.526668674068925,18.01910909702915,56.81937647845933,1
34.51324423034498,30.826214218788586,29.80011339659668,42.7737256063086,0.03423441575857637,11.869178745296905,26.888905481311003,74.21258179873591,1
43.32113140230231,33.381410852693,42.62190052780761,38.110970055869906,0.04987641368549668,2.969157049882335,18.198824773140668,63.22292538046282,0
24.89179006307185,20.443692137226297,32.24217857025681,40.74059643266796,0.020117342271729396,2.456440968116109,17.99574813700208,61.91172552759304,0
40.31490339622679,28.6239553806683,18.72281529739775,18.499581197341833,0.04033764485136776,1.224523564559503,22.023359947156013,50.60403434366327,0
41.03269351619409,41.424717941066646,40.75970929973748,12.748943589856394,0.014891269286171847,4.281762467638064,25.315380825552232,66.45190380096737,0
45.311104348989915,36.87226745628982,39.59325884320059,29.331664893627057,0.01841108725774949,4.060406434207639,9.904468441172732,81.475288765716,0
5.621296434526671,40.27258066415134,32.63115252066701,31.35126133073664,0.052811839062516255,1.8452195215249407,11.29192975178641,66.68113305627588,1
18.703923923770688,34.618128072016106,21.885670530381198,31.646018037048318,0.008146546360166424,2.3542988782046486,16.12043137353577,95.96673981935128,0
36.002687409680085,31.875865795074596,32.81488039331893,42.78183935639002,0.048014986219853624,3.840419551114744,36.95365070753198,100.0,1
25.976303471648887,55.379414158616925,42.09009645158882,10.662329099917518,0.095606543132511,3.4650304511483587,16.43118862475441,63.23198474951893,1
41.12142378280025,35.22917788028957,25.11850125985027,36.596950512977656,0.00641572130199234,3.4998726665899147,17.269302341936587,60.724518390995726,1
34.070301596244335,46.74055493648969,27.08646824451639,17.03374955852682,0.11387574005983277,4.742903719187294,21.71011157884751,88.76130851463303,1
2.1883463488617942,26.31615988688249,29.82603558312548,36.55735320860841,0.00413896344839776,3.806851125457189,23.861573416880844,70.46579290026054,0
52.83332621716227,45.020993726410005,36.143779954157424,23.250432954786227,0.021455310508710218,3.722009517298015,19.018710698728533,92.60477939865706,1
16.826532819935586,41.804136514507206,33.38353168322374,19.860282041094884,0.04714576649221722,5.511868841648682,24.98608497024154,74.34776753205476,1
11.737955427962861,33.845613019950235,32.8709593300076,21.900972930507976,0.04098256726085526,6.260524287625517,10.836172901844481,64.43222338545596,0
51.655344916534354,14.20347251051413,16.8591780136431,13.543897992234374,0.005067930725309459,1.8279038471055613,13.40346945154365,72.50079326002518,0
38.952831928214756,36.025449397793345,30.931614856188425,28.404289398334672,0.08020092315716243,1.9270863254415296,24.974921703477836,79.2822180611337,1
56.57927427113711,50.79149161827032,44.583196892222915,20.273266093395428,0.1808806057639721,5.635123594537413,18.065658688700847,73.14914641850453,1
30.408027150922624,39.8360124029157,33.13464431835597,35.86298230900278,0.00999749876783946,2.1377010619688246,10.425296369948011,89.37412407815256,1
18.50913690197714,37.234759287589036,21.518123940695197,34.400560810329175,0.11275215194829835,6.364667898896415,10.064772410296754,49.16676878787749,1
27.880775654687923,16.959547008627997,23.002280581662625,44.88157052902791,0.040687772408988715,1.1964014423176348,13.134355167931771,88.78830967185404,1
9.894960405028915,24.27969335400375,21.150609633546615,31.66327483541077,0.13739189531961327,6.1410225278802715,18.012753252947498,38.87798086226523,0
6.8891650550830414,35.14695106977685,36.195870799604585,33.20677767080074,0.009684453649057909,3.589008342245198,20.804277418360734,68.55436730643494,0
14.68700276892257,36.306883183207304,37.073452500326326,42.00099811827814,0.07851600281972937,4.834691393562716,16.025640000335162,62.97175959443128,1
68.01467111341485,52.34886846834125,27.669350386648254,21.723373039733037,0.0030821532081746097,2.4001003584541953,20.309995135437113,55.857598667915255,1
15.993471904911917,30.950353234275845,38.45224505836785,13.117417871769675,0.10736308939205962,11.509541400402984,15.37760107983831,37.298403130801326,0
4.370721383254932,34.71384907422639,24.988049219462088,30.000940591283936,0.05606735211897384,1.7657821516284191,25.343521209701507,49.41142422507346,0
22.10093545475033,33.47888273752549,45.865011418869,13.77366530785596,0.02312199801602195,2.9072349754088336,33.311040567434134,70.10545198935516,0
15.814627330056561,22.502766734492916,28.610896577792232,52.5393867292539,0.01056487613804531,1.5361493651794709,15.644323607493456,59.13016353431554,1
53.48161770105431,15.46432934421067,16.21458374937097,42.55498292078943,0.08478605007100196,6.453391961407533,20.879596864793676,60.08209002264319,0
64.84866703462643,44.03739697649473,28.47907022505644,49.63976333301581,0.046221352278683785,2.6416733122256213,20.390464944900675,98.25394965076107,1
17.81763153537459,34.4121168144343,36.54960906007248,28.624469766631293,0.02234685420259188,4.074432635348899,18.832172557559552,50.08075613814649,1
30.38662805994209,28.376243787989626,28.22009839600883,33.50573593701598,0.02933458745928464,3.736927231144948,21.919505672047748,81.2640855852301,0
32.265859606249364,18.648148375778753,26.686028073366376,23.40524568047356,0.08759117830738905,5.485233787917101,20.872927133878964,58.11821679551681,0
24.069636961537853,39.90784068831806,48.86537813690354,36.829248055867524,0.02069456494943185,4.630072186142424,15.173678577690632,52.971838394929144,1
20.79846854308958,30.46056953950792,26.590275301970568,15.84456787948943,0.004695355524375486,2.980683227498983,25.899274635736127,60.10211430477455,0
11.0335958213101,37.22378659687797,35.36921750031684,5.0,0.12111472100240316,4.2464075128552015,19.209997484920656,76.5054598723237,0
3.582885289473584,49.17791809753862,51.02992313799987,20.092893805114333,0.024497562508744825,5.331866389527126,15.69119748101782,45.144590708923516,0
10.974457524312244,10.231859825449789,26.25685173391112,13.445265243826842,0.02141526179740357,1.724255384245229,32.65921514308441,71.50672041246298,0
23.418790163124314,26.516810437445006,17.753902292113956,42.77926736159536,0.011432912648132001,1.1200146600250884,17.3027197370664,55.272358067554066,1
6.124140779061153,28.824864983740042,35.57305808735311,46.15677455080316,0.11385686814631822,1.9342492042443813,19.529663048542496,54.513325102121456,1
29.232345040900178,48.93311349760153,30.269222536773064,13.970709275868892,0.012263408640277173,2.4504418589233086,19.05264206748202,76.856092843796,0
26.36703399265713,17.59102490683372,38.29087019259721,40.9171560752124,0.0506225830233216,3.29285478373977,17.220632334292752,100.0,0
15.837573559818717,51.734246290778856,34.11075767632772,37.513849835007704,0.10633295203218923,3.6179407209325367,20.691988230264094,54.50225986214976,0
20.099776964194266,34.373525560292045,57.50548628608213,12.302233152811237,0.0017768831551904175,9.217090106330636,12.93000054545025,79.81816414769386,0
7.33374960546972,30.140055823481877,43.79503023601418,24.09732469068382,0.0882437183049426,2.9930597308159284,21.579260319138346,61.77606426259954,1
44.755798653542584,34.73277216584233,27.5202083093131,22.198362778754802,0.026432461374719315,4.237540189663644,7.449875829645421,66.83000790875657,1
44.234329302694775,32.27251907360393,33.069118069454454,35.479953986272,0.0536435101676461,3.169286536524866,10.211581492457226,89.91750600679127,1
8.70500021658889,41.78691762517988,42.74392130313966,15.712206490949862,0.023292976453178866,2.634349392143187,28.954347283011092,54.08815788041942,0
8.953832270966508,20.65786729982059,34.5324307137419,27.011273743405177,0.059456879013850376,3.637232699594029,10.462919839669281,49.47906805227198,1
11.109318703611283,35.12053962198023,37.58690592860167,21.14065496050382,0.014671254238317777,8.71254680751867,6.240246887778836,74.12450066900854,1
37.27209703283792,31.74899789785593,42.71687145487125,32.733411833851434,0.0011087295732206783,2.40132595229485,10.611502985602876,96.37617635386879,1
32.19248872184928,27.207538823136414,29.89926395617961,25.832079683120707,0.1476216816192595,2.910590677297564,28.440343615180403,82.68841832373712,0
51.25994653449862,60.0,41.066258651391735,22.64754296059605,0.0008251597866365838,2.1592883995856136,7.24882955836371,54.14672859585172,0
55.17721673325846,42.46708985752337,34.21192403961247,25.86703424367922,0.086891779438947,2.4855017164776854,12.265114904450694,66.80544768711792,1
5.52706689257912,36.961715480498306,41.65167204797634,48.36042832840112,0.009264553671724317,4.020926160297688,9.250845094098079,80.79938700216795,0
36.33931484760724,46.828665033827704,41.652914335952254,23.83100363880611,0.024897134036411528,5.761064175066712,16.35522481745995,95.98451623815045,1
53.705523700129945,23.842329101834018,31.86720096625566,17.58994781716213,0.0864370860863651,4.2144609225800975,15.38387461091558,79.17177461914231,0
19.072615072721938,50.38381135212861,46.5153985349089,33.83433569155965,0.011529318418938991,3.568750952344584,15.1154609596378,60.12693500292749,0
24.546682456485755,8.592430583522107,7.028552970578003,26.564753305770434,0.10038679039602688,5.150120955904607,29.13680279643082,94.59961908182643,0
21.773360478887057,25.578339971447853,32.711886579580344,13.847660691335275,0.03443375367788895,2.3567154812399247,10.80554809417471,68.23576831844989,0
22.53949141707479,28.790606980772218,33.26479390329861,50.31496335202466,0.022797420430200194,4.467952309594014,17.386873321697333,60.42076967109955,0
44.650663489951796,42.51483317319783,50.356397919684774,24.47521054413352,0.054300266578228076,3.802762331990326,20.031607477924407,62.306144625364865,0
76.49042888486157,43.66074699414412,25.235594939548314,24.22130546038649,0.020881165165109003,5.839849467361031,12.118744427567137,62.372810572139485,1
62.42834090238259,37.69610372837345,47.53593455036344,29.598353519080973,0.021330991917405652,5.57016413258021,20.919539887479615,100.0,1
16.47009628758471,32.35054099686047,33.54348943014151,45.30116769208839,0.06612400340954533,6.311956013894988,15.601137032680153,89.60838723942578,1
30.457407487572116,24.788380887910137,33.82726860044441,11.202546734810042,0.01854102790529102,2.17359116146733,20.245854397139137,61.24708175676025,0
12.686699565793381,16.930680990027273,40.17962269688592,30.759858494205396,0.011205491422633208,4.215128177912719,17.35200449084608,93.51472881398742,1
13.870264167523402,39.34565584848911,40.22435248344023,48.87272161793628,0.08242092599986056,4.69357977299685,5.696812646602176,75.77358543455195,1
23.72153215655112,40.49529094884452,39.401062695238295,29.287286807396484,0.08183301349923962,4.68285846263223,25.83659227659445,76.85592645109745,1
13.543129812178915,47.87641322339742,41.08889477577752,15.646660206965203,0.03441651041177694,3.456805259704675,30.42274989212443,56.93987051069535,1
15.365640134780989,24.404675052065066,25.894044940871012,21.816031470393476,0.03739660355964276,1.3173308234268344,16.93947490839112,60.36122035476701,0
29.928525522387257,41.41743093136731,36.33905937646378,30.068825297567905,0.05954898338970821,2.4230338810369396,12.612287688800375,70.34934458572883,0
35.97847646919012,32.559704186731196,27.29977954571049,41.30803915639862,0.035593497315594726,2.1460460348675627,27.03607632705413,42.712460377236184,1
35.29946714253579,47.19966992331519,38.52333277392222,24.606641555839392,0.02698183176183044,5.747747538487886,29.342297417204826,64.75759127752112,0
35.54979437255071,45.55209692266402,19.533393192624835,36.266517974324316,0.2638688408832369,4.6529360657810255,16.987227530460014,72.17730334301154,0
7.875962702512289,33.29348839762141,36.74971189958895,13.646311729531108,0.007987340407340617,2.0586339928044612,16.68791630867691,86.21797613751102,1
12.940690354594828,28.545801986529355,30.44442276434274,13.562816304049454,0.04491369805568554,7.507131706574561,17.520533413971005,58.3399248798904,1
25.74188291864254,43.470604223879,34.69861179621749,23.171993113150503,0.10851780130949029,2.137835336744593,7.95270666452817,82.3304482504456,1
52.066128569267164,44.27896451795573,39.46965047870344,42.38028721873262,0.0581119678542253,3.043580675405492,16.25324472784063,44.50581841278591,1
104.39993725199376,38.815586566937235,24.05772324305137,28.68874639513769,0.10639937240119211,1.6874292381980656,28.28965132529547,100.0,1
31.357018802578718,21.425566085592497,44.004386407207264,30.89811195566619,0.020498867676247926,6.13720023632302,16.98786803537664,57.76619925383928,0
41.73792841727662,33.37536025577353,32.52800441040861,30.78079595573527,0.01587222914189079,4.394210909582709,11.759792832766768,75.30168021957672,1
7.005143833202892,46.204909728462525,37.315208427607494,39.09207982586731,0.09528193730324518,2.738213701341907,20.98011371582688,72.49617555432886,0
40.96216180059987,47.60919585742036,31.320508661904768,21.89779307462146,0.025053219020085317,3.8566700128143894,13.996807209035326,76.34512572045787,1
86.8396268381446,31.902669329015882,32.95263879120044,34.882851084882326,0.061838975891115616,2.055213215719149,17.60128725799244,80.76622898781945,0
12.89865816540591,20.257224565811676,39.19856894851091,19.691173361448698,0.00799368499634644,2.9234237856517917,10.386907316716325,48.95698735248183,0
15.796513462493492,45.11631551616889,46.333855881923824,47.8327265592076,0.07049619265338465,3.2634557322354985,11.780255032879609,54.81618891815631,1
45.61362614826593,25.485684874661597,37.029775958989084,19.996088957033102,0.03981247339954125,2.394940061737191,22.425955529181557,89.06920437797724,0
25.494874551453954,38.917184419138174,39.93806538099344,19.17610696921379,0.015640534397762,6.1768900971547165,18.69520067640653,61.13831302838959,0
3.2071314983615884,24.320357571391003,26.859802808055527,33.496698134880496,0.0341107541105956,3.6146575333224558,13.343655678943101,64.09199239921993,0
16.614965970883592,48.66269414084937,27.86377232004613,28.797884314323237,0.05969182187221156,2.050028175283708,18.71721078182942,45.94169933781799,0
64.670890706647,31.996385614618262,31.190244070914225,31.268524062609345,0.0005978808520331077,2.113974645237215,14.357119747636446,90.81277856420328,1
19.9776656065,44.43026514303329,35.8851343409439,30.27313795492318,0.05073199682895775,1.8304898967985046,13.297438983778983,49.20328751919865,0
19.964374008599894,34.84324264189363,42.32765257412738,17.096078011925613,0.03899964982895284,2.967459869491714,24.984206383489834,82.73231693075158,0
43.64139460924995,39.06815773373036,38.10238663317071,44.133589290794845,0.012441415417132305,3.4014722568033378,22.697265319132633,57.78760251219846,1
32.18016082320517,15.123938309966768,38.948067547215096,36.93542205889109,0.06991451608557227,2.5980631028474646,17.872362902213432,86.65365261955766,1
19.1174174737596,10.838479089006752,33.9152999559081,41.58949951267116,0.018081573550562433,4.106768118550314,18.86602402349822,68.97637722434682,1
14.919500216596724,30.032265629816372,28.360941375893788,22.71669110889576,0.01620768630726136,2.4792519702229994,17.94961189599394,59.602539096612986,0
136.63221792921684,52.963893323548646,26.824523756460515,32.165235447151716,0.031858984518231416,2.1017504745154394,20.922055555041233,100.0,0
57.67905728697486,27.399880315668995,42.04455399779945,29.973684622346912,0.056373692018521195,7.697881875665365,13.202990049265834,75.50298656512147,0
35.54041909881187,24.444128760058362,40.6527332898693,39.28002626201508,0.1321454198867895,2.6424311509224556,23.175028400211858,66.68089942092269,0
37.16576455981063,41.18959098223293,25.546143665675363,39.602481318296185,0.007620116303811624,2.293158914535404,20.121395027344875,86.06992182593227,0
22.648432870499906,39.02580973514629,47.68424405267852,29.930508029581148,0.025247820794944843,3.347687130326287,16.42166197266269,47.32282990130004,0
31.902053212767385,33.40789737803584,36.42009631595448,12.820488681567483,0.0034669461666901728,2.3730345372635053,15.073331810948748,33.47292658230458,0
20.808766469031195,40.92333218221543,37.6548168578914,45.79661887087689,0.07105479812147046,2.3732041059500233,23.04678565060085,86.53145289835939,0
11.871458541627472,20.03869582404266,40.93374436359568,33.55987433690139,0.029686172711996757,2.766848746262879,17.097082103099364,54.829760528545016,1
32.812821244255154,31.362574015768566,43.30251099215235,21.915629586088578,0.06136704198911781,6.158802442402433,13.806641425020976,84.53190062964852,1
19.406765135935157,49.38979082822701,44.96656394725244,32.06542138266695,0.01944473965962596,5.16247345313889,15.692581398154058,69.57378860385734,1
34.04939565349967,35.79063064742313,38.10198878546512,12.889064515474766,0.0929967470530327,4.190224745651679,22.61522789333496,54.35003716878776,0
38.68912137721467,37.06649335245219,39.75775166522375,38.553530674710444,0.03826741087555646,3.2095588840876452,8.336680792523758,81.84706057055588,0
35.33920457827162,58.360346546418135,40.14367914750705,13.28788255720847,0.14377124074561662,3.4247372698338365,15.867546566517165,65.91528806218817,1
11.009501464641206,17.65800356120847,26.622389826624822,25.791655079629173,0.004104700127353162,1.9527175231354126,24.423496018054585,51.04179524833057,0
17.757415202404562,40.62791594678178,29.032629141956374,30.4445444960555,0.03610582075936542,1.6060759814861574,16.99069936738045,52.78203745752962,1
19.70994093399985,49.596353938180975,37.174223369361044,38.38839711982094,0.07271907771380062,2.662774855652297,19.636900393667048,42.949406874224046,1
49.05756079288155,34.11005485394677,30.710950912227247,29.06544676434374,0.04583362124468526,2.9042544872019054,24.52061378722317,80.85688539131738,0
47.33699462795537,45.69685706274177,33.19629986812339,34.3496287361255,0.0011733678729808027,1.777857033805891,23.35397792038302,60.43638775891319,1
13.622815943394931,22.22322741940019,29.98326298894778,27.71833091550447,0.17938600858350834,1.6839054200330068,15.35964736176047,67.20373127310616,0
7.690566154417237,24.28626096748907,27.12265758139101,27.678140490557173,0.01770987883428157,1.9665361284123564,17.217638686776983,63.81227581319785,0
107.5877165896638,49.987821648925916,44.01300642238616,28.854772503482973,0.014335984542236386,3.115473995919437,23.42858341037408,72.3941931002377,1
34.356427782217025,43.13913089843845,24.27708745302526,26.109420791476253,0.03324352558788759,2.2133514797123413,23.636816923703392,49.02778984436109,0
6.686607015474381,42.212356176383615,35.978104117695054,11.134297569185645,0.03906156837003649,2.049773315432163,17.471699248110355,100.0,1
15.580524415232151,48.03336453167975,40.26575893409187,20.316765063033717,0.07268331397945675,2.5251931945644177,17.67872608624544,67.3881169933727,0
50.453653354682984,36.89358241765063,32.27239904836521,30.447748411116983,0.024983871296045027,2.220287133104822,19.606102167203108,100.0,0
91.17034919572598,55.611669931084776,40.865526373960066,25.50878996511281,0.028987387071928706,2.183337873264707,26.201404140103758,100.0,1
81.55202270184952,38.80975497078594,22.841933902475517,26.441909178180936,0.03828158374085741,1.9314429005941949,24.40539672394774,76.49292501801378,1
33.329293285989884,44.02030710878116,40.4599396808684,24.766463305612845,0.025075713773512677,2.172921660942812,22.16032022279411,74.3803282172951,1
25.065423390953868,35.83470148716489,39.51472845540252,19.36401607268182,0.12299006949369883,4.406868200562761,11.52798434361665,72.291821407698,0
10.057392797629051,35.9653879904636,38.33445354981558,23.06900539023706,0.09527507278572,2.892398976605143,16.35099956071046,94.6744888935124,1
26.69630693237228,38.239524780076216,43.60562638756795,24.931682556114055,0.030346060978575243,2.971565512013811,16.66627995786058,82.78676676112565,1
11.361047812658965,15.657107073920722,27.875079675828303,28.051431405418494,9.744066272457174e-06,1.6642990479995547,26.510910195620838,55.16311837213773,1
17.90064407271857,21.44387802230005,32.407000654127515,31.933783444697124,0.11559869931642458,2.134018702366537,16.566813652922175,73.85441136286458,1
45.58076466979917,37.8625290986451,36.39373754711286,26.19449709114261,0.006638673906541,2.349455294319561,25.52065693846568,86.18086805526363,0
20.726268478303147,16.236149475333786,31.994865546873466,17.703447443075806,0.01401959652435776,10.026569132361214,14.575807976813493,51.515467962084514,1
19.634235711503077,41.25724638872302,23.88506146643223,14.019179600812167,0.008265038842800663,4.802112076558387,15.054696254035447,76.33908731438089,0
24.04033983479426,42.32161063810056,29.779996511416137,53.97437207375224,0.00991130246780299,1.5197597439562174,20.888724634878844,89.99040231003565,0
117.84064719997592,50.94780260877429,53.07431829977445,16.70184969735437,0.08119650541511082,4.572303364661305,27.408880233430544,75.706039665618,1
9.057535427536113,20.147290186551196,8.375429497850837,22.81374998735617,0.04331571140157153,1.0099583015061615,16.729337224392737,56.02172857173958,0
30.83779575852297,48.427058752463594,38.24940006238269,33.17000302513935,0.1562865392796643,2.132941271126712,2.623392828832813,88.57464673191468,1
76.85982778640012,60.0,53.37819967686455,31.60860609565681,0.013162711319348897,5.11454015885791,8.614899585966679,75.05842086368264,1
23.985367491508484,35.06857339818601,33.28134403494029,33.20865692561573,0.033241098510144056,1.9462856646474673,19.787769336986738,55.06694729701522,0
56.96820788096516,43.650584966657135,34.220145415057274,23.572829304678244,0.1895530715174985,2.884049009778367,9.151223839309392,89.62773722170417,1
7.166897507665641,33.092421174110285,34.27234188416652,30.385580706395473,0.08756260832203616,3.7138596123317673,12.806623041621524,75.08619305242073,0
21.271703678005633,38.49444744168884,32.57281753665597,28.613436642408637,0.0652109652256067,3.2457333997221474,18.074051703829543,70.6702493480423,1
12.487266757340544,30.677502447337123,32.517796920990364,24.87868632458713,0.010472832374651157,9.225878237982034,3.303796525521234,84.36619277819867,0
23.789918446662224,33.2228453685613,27.822089855263485,30.4540974177134,0.07335470462695232,4.472258981277961,15.721645264047273,87.69251233725079,0
24.179864202197592,42.68415563530329,45.94305761376711,38.55365546750707,0.021352197475540756,5.2733054658206555,11.011148652838385,68.59362920809782,1
26.14052267845497,57.377320020732654,54.33704737681835,27.777997765646752,0.03780827856905151,3.5957093290334816,9.004921692595497,99.84300034898155,0
45.29178463302525,22.7930553509364,28.05009956348158,27.844528463564252,0.04697300567918862,1.4193668436307,13.186893364691638,97.80920622801003,0
1.850291151438109,29.23941882868605,20.603852165944474,38.68161034875985,0.04699891802055575,3.6818026344874917,11.584746449583413,35.60558148192848,0
14.995625029453045,20.444738902097136,23.98715019833169,37.613603598188135,0.06482697406638166,17.649033835959184,20.816881307953818,52.54736365439289,1
29.31875393252548,50.31806207563966,38.65531554943215,43.83936440963483,0.054191419448670834,2.9741106934920154,25.1791607200973,37.03437349187151,0
3.4242526441885865,24.636258203429307,33.89881429659739,10.437697655204232,0.0035410241334901667,10.164707183259317,15.813438890333623,60.8141256079664,0
39.02328884068202,21.421485388244363,20.50448836993232,37.0511918316939,0.030564262674952266,1.3308464958380284,14.423245325718984,54.63638479363546,0
14.753907718748938,38.594956146298074,29.284683909382025,34.01580045402179,0.05453542134004289,2.167644115449293,15.514769993052607,55.73600556265467,0
21.59422607271707,50.68224505833867,44.35830712620593,19.143476022467347,0.0175483477179595,2.592326922957476,11.350877352369226,85.6773674162865,0
46.70590475971354,43.64186439956465,44.96801641614232,30.51587917998845,0.018775175215374168,3.537785339017799,10.26754862628193,48.018745055916504,1
58.70605461100106,40.853886964469325,31.36880242442226,38.51121747757998,0.006651864178946147,4.757355493113128,8.126673282639977,78.6872470376624,0
39.85808552838437,40.07012205701759,25.36231239119907,19.708410775146,0.027117103343005284,2.1011526391606252,10.02287425009096,74.82676374288309,0
8.806775173119682,45.46942290422349,64.46071477199247,32.42562429022807,0.21649233703505988,7.9568336765720025,27.791946042675775,65.52551572134178,1
38.48076950606329,27.030122725767995,37.078482987016905,36.71353675731017,0.01679597476070733,3.4280945723843526,13.857473787819252,74.65783413090927,1
40.304221391960226,34.9271621679309,31.834834773036107,17.28980437468512,0.03790422427991284,2.844306025904344,0.35022916941742466,39.57661862215563,1
34.9418720052807,30.71437931569677,39.23800193052543,26.57714307554852,0.06798013915142193,5.055162897825268,14.477658369113959,59.84505666409076,1
65.11675769282583,28.088860581006774,30.23989119468733,31.00968376642411,0.0006794593530157053,1.7259259374569316,8.45751277943507,100.0,1
26.658683670603608,30.715049956422515,39.2232750953705,20.038684944570452,0.11534951890061025,4.93341499264827,18.356909639982977,52.378670451475514,0
63.46789198853014,50.597394758104,41.51410348545138,19.20846800906454,0.02443284094348382,2.6323624134585053,17.70987806857797,100.0,1
63.21275631208606,45.14793493074016,38.78934915763665,26.649553981372257,0.10167218713573728,2.598733941891375,18.335313826152326,56.540215085741124,1
41.096464952579424,42.60757474396892,36.134374951741265,36.01639716903692,0.0019863203124971043,3.636570941012274,17.755643527528893,50.31368350433107,1
31.194171594853948,36.14388185576127,22.87850207459979,34.437340011921094,0.007871509770279556,5.788162887528205,15.763738172281505,56.962152060009345,0
35.08499855146257,40.495987610005265,51.703154239147224,19.385872708136578,0.01946946012084934,4.312587244291555,9.264623270760081,88.95324423459628,0
74.48286792705558,33.16652676557728,25.734339344088966,34.521678851156864,0.021191264450866772,3.38036648820142,17.552075568171457,71.70476113917044,0
52.020826285008575,34.708025083478994,23.00302142290684,19.640602238334914,0.09412609389114757,4.147685419588643,24.113547534814163,80.58527008358885,1
9.862088555773276,33.39935565305276,31.656863199170164,11.898302020065657,0.0005632160150714738,2.1832292019582766,28.882038502771223,68.07697154141272,0
33.52466911601957,37.80385895622184,27.429769074404682,24.328564289527687,0.05123721470218282,4.8831190684516255,16.57205203616396,70.88800108224912,0
11.915979416791869,34.98927546173751,33.58200786021284,39.22969371585736,0.007038587683416907,2.761533115413868,17.22234032829789,86.49496727247198,0
14.379129741136916,30.773516641006758,37.81151744489685,34.55960552141374,0.08664123274091143,2.2769098495284568,21.00256307453336,79.44859506303297,0
18.489635274364407,28.999211279851366,39.56210771617433,27.984281926268057,0.07538317580165142,2.840034572417082,26.95944935683263,51.554379097437234,1
6.4644327611318735,60.0,50.51784577297345,23.832945164089423,0.03464946239271864,3.0909659172785697,15.082220336972718,62.15932479835141,1
11.219591142581052,40.75081140071114,33.85526812199902,24.102378638835688,0.011956484161547641,2.212154436949103,22.155907901702026,93.39551552897869,1
67.47103157502319,44.252129495779705,38.09758641960457,29.08784905860796,0.05032381948272279,2.569020155112934,13.063084406853669,83.28763315252368,1
14.302315326189275,29.813262316864453,35.18833733392571,17.315625141541712,0.008495444740430229,2.1585903135213247,19.979093941593018,45.24277360386806,1
45.467397394171385,32.30792133968694,18.860869144338196,24.51892654798703,0.010537520265912075,3.146488239767269,23.823625059710224,52.53789594318243,0
28.477481888764913,32.96361634604518,37.75012413937695,25.84430538640231,0.04926729217008072,3.622468090549745,10.25483636071322,84.04767600624635,0
37.31697197453736,38.52583423204744,23.751939392148323,14.489255415485024,0.2368120651707969,3.2783575092567676,14.849131667890692,82.99995415254843,0
38.44035177374399,16.961697325430784,43.107451721424226,19.61551749102425,0.11084828462513419,2.997722485564519,23.72869858017001,58.86758672768883,1
10.765105528865428,15.920869875582977,23.132227273099627,32.10506791486382,0.044960295321383736,4.0936464078063866,21.69696738308877,78.36747379038829,1
45.28439846294274,30.423835880051836,30.690532934464002,28.09511839940994,0.03866764502576733,1.812151537498032,24.21567684188913,98.0477617433773,0
7.922129073777831,33.25971372885236,27.1462286976381,24.91238208806617,0.32141730133413515,3.0505455967085413,23.0906378787244,88.45230840966458,1
13.788955595244618,29.67561186776818,26.830484492261753,18.885725624620363,0.039637012181189986,1.9859414420033232,15.953378832499766,91.82196167138578,0
38.049516664790225,50.488639760713376,58.38820445743127,43.76849825589217,0.0272464047777421,4.4193105292146715,31.195140890368144,80.94223495890012,1
10.113864997695575,16.693111879696648,34.20020226086504,19.620207853206814,0.1201509635807842,2.4920613608553652,18.821459944520367,64.3578757125908,1
3.0001790128883057,22.93657215589954,16.781009301177107,30.515928072617374,0.013340686665940814,3.9652258633599318,-0.33425369486520395,59.56283459557512,0
32.40061500258627,50.06100966029896,52.05810706960142,23.121309119262047,0.005130769365129121,7.040714245643624,16.3059217657362,71.2193196713246,1
5.291910194049701,32.10497977585892,42.38793011147502,28.362792926383353,0.05026839856833796,4.8334985839866995,15.18497245800403,52.91803247195695,1
40.59251675045025,44.93730334057912,35.725221637925344,32.57609741940372,0.005037979904768789,2.1724204294798795,22.77149500420367,67.72902248230459,1
19.595213232436667,53.45175141756013,43.83427610326275,14.297434107921141,0.02335228337280522,2.8345139102589587,15.292888108811216,88.04583887095134,1
32.06587712983998,27.87183739045777,31.029182320814513,27.93383755846512,0.027545709086465742,6.586932087720458,24.593819974914823,47.2771102994056,0
31.635705739149774,33.752212482952146,49.28152422875632,39.90728648979845,0.03965258227283032,3.613809647059955,21.348596234440247,48.21709526245868,0
42.7053159868082,33.681528388712515,27.102289843548284,45.61501893492003,0.2393318798711777,7.021675102648619,11.999457231179639,85.99902226363807,1
38.834865148125544,16.279299727386075,27.679804769160246,26.69986026744869,0.012486038584168817,2.3806374033035778,17.15775998633145,67.514379159373,0
10.02800816712323,28.400233187508796,27.934930627061085,28.416812072169087,0.023560728387348177,7.460487895709196,13.346799334347597,38.120956265049635,1
20.565020819972727,41.89537499680256,25.293826761778192,50.11333028601533,0.007092012181003893,6.465029735970619,19.10855188112202,68.19299181888793,1
32.03849670358213,40.211669923659734,53.61777400990379,39.349242815991985,0.04677540109491869,4.841609780082456,13.311054796589273,68.34587556851231,0
64.22434288877098,45.82448312719575,28.877260618059,21.827154307447813,0.065037619915971,1.4615955061844268,18.44661138305437,71.37860143038418,0
39.08477965229972,32.10762714144996,34.60408435648219,21.81016549113877,0.032896417756322814,2.752971383202815,16.366165494057533,83.1025463276822,1
60.57498172058095,32.52527489803073,19.08450510816961,37.56549461787269,0.01410695769504352,5.797753879281123,17.086660471921057,57.11706281224224,1
33.2635242202392,47.682085352022085,35.88026982686409,17.889628699542694,0.048496215653807795,6.121578784364441,30.305642278788593,71.84748606694177,1
52.63673343869203,32.9223385522271,36.5446859923585,38.87726751338853,0.03873497138237632,2.2422368638633143,15.837088639756772,72.36275926855186,0
30.14528237035387,37.462612743485224,28.38717326137519,31.342999637510083,0.009387959100117518,2.438286751904434,6.393401474296859,71.59643489274633,1
51.19030532252905,39.31189260515474,40.41917184794714,33.17720764027072,0.026017029095976377,5.630768717295053,24.094956868406086,49.255268692455004,1
18.793677388461557,47.43622177084042,36.82215997323151,25.43266196519947,0.028563922172262446,3.5660291177678825,24.04773541081205,60.91900215559218,0
69.14114093978361,50.085294717691134,49.31477798626536,21.7017519575359,0.20261529626729666,6.224288992856197,6.126358957219043,79.12476605351515,0
35.982895437484835,22.44484810895152,39.872026550302394,42.6199283086832,0.09461850821010707,5.497533603563651,13.794602272751597,80.31397363196541,1
6.513766458874282,19.101533301080742,22.946655234592203,25.53262719446525,0.06628269417589916,5.908037029624798,20.61486334107914,93.99870087296235,0
32.81671271547809,40.71160508801305,36.898504910348876,23.89064923426138,0.10981091566581234,2.094285098202416,21.1452195673024,83.65256837418093,1
39.174529851817354,35.23280300398094,35.56075501337024,27.19862932120191,0.06649275361261846,2.091848688948278,17.971657419283677,79.7522339798647,1
46.35912801338101,32.40215136246951,37.91565490846539,29.930221327179428,0.1168597871074103,2.0686618896308904,18.106952273599706,93.34394748688186,1
85.14705892951166,52.92833767937145,41.286391041702714,17.691748732805515,0.002804878448013493,7.539344757914822,12.368472761500893,77.47207508775382,0
16.429488254177585,34.339017059015745,35.25729449834903,22.351285057930884,0.030446387387224175,3.0521974605407918,3.6009077192658783,91.59482010535835,1
85.51712439196032,43.352142527688486,35.39360521271444,21.819679260939424,0.06869820169903387,1.9026550366226587,30.29704390910122,98.89251672932379,0
25.071634689272013,41.559031610941304,37.54553158015267,36.45280304606848,0.04376893266378124,2.6531063233682204,12.187996333759715,63.32616007821747,1
13.202126068811015,28.229228960886008,41.67521313263546,19.140374320001108,0.00962866620126283,2.9496778069703504,19.059034140386895,96.49975284976156,0
16.730514754658383,48.1947670679243,44.446572756864555,10.442321422419461,0.020813065384908708,5.539162973309445,17.046912026043984,75.05013267453185,0
37.561060737713035,27.753682878326874,36.711518266877704,8.329054370938458,0.01911974237218574,4.495229247957293,23.383185313641278,100.0,0
11.539761492690577,38.30025488732446,41.10466454801441,13.296198653242827,0.015146345211344414,4.3936485758646375,18.68938328089295,71.85568611278771,0
19.055472992356023,47.19664933545185,37.64818951113246,41.615382028481115,0.021013880186194572,1.9266216793589206,18.920645718552,60.38214670581167,1
32.23258467248013,21.06193280815102,30.97538947189665,28.162065994840518,0.03616519678848238,6.380182913024032,2.194090511946424,59.933467284194926,0
68.788699538355,36.88495317222876,26.072591842205547,33.01249086807203,0.09650593334571694,1.7891879078636759,12.999965564746482,73.4215880866769,1
45.45155178137677,48.2398066960621,49.4463839289605,33.36487727121329,0.06774611502500943,4.4557566791964796,22.467798279593985,65.52088622583037,1
25.852161024462596,45.45026963097964,15.916424393646093,28.561839183923205,0.09016621545190305,0.9234460810501114,21.928009350431577,89.24126055927293,1
37.44074617621836,33.90115592255036,32.86327523033674,27.25218703348692,0.10753774569941117,1.8132473250703869,12.29008305829673,72.0535355669899,0
29.970408302029572,27.14885030853584,39.986707940616526,38.44526429818141,0.02690559798252099,2.018582303780538,8.531828503673268,46.78374157196977,0
8.678661910943083,40.86115750994909,25.433519534944907,29.4599591431264,0.0212344058987954,2.9407640590274173,18.759475840337583,69.93079712026395,1
76.73114006631148,53.34516203576277,44.53630415523992,41.99097479263414,0.0029675138589004162,4.211969424988277,0.5593557072251087,82.2289236599166,1
69.50831584799236,28.779613892074906,26.06571398419775,34.208299452898665,0.13331539925681343,1.4068457948401427,11.107954485973424,71.87254885206332,0
23.595178751604365,21.500140323076852,25.649630007719793,21.82203726518972,0.003404468520750377,1.968828457468729,28.560966450931865,73.73291608008493,1
17.23398387637506,34.83766440129226,41.50259344563241,23.028659761300638,0.06757252897906849,5.888856457510477,26.67040397324261,67.78515527834156,0
8.875244442232601,37.624893000623814,36.63441260733073,20.725351935457205,0.02374946621695717,2.0453512589239566,20.92349615259087,76.28152939909502,1
39.101508741325254,32.87453545889824,16.874967240484395,40.17548021950716,0.1485820159677831,1.3318371945405079,19.84401788688754,81.44498582851337,1
39.27968770245651,42.68489135519197,29.262552224224002,23.94949047054447,0.02720206199729986,2.5677816720314874,6.298975292853607,78.32948038647737,1
12.43519666651496,24.763913431603424,37.70825125175145,20.015272032003676,0.08480656282409198,5.579205721190977,13.555996580105301,48.00420077675202,1
30.229969513197645,13.387559436242292,28.9465655200409,31.1977804112682,0.01660990742957853,2.035665215367695,16.228988412205343,100.0,1
44.48828474975379,32.4342319891371,46.95877737584912,27.028328936274967,0.017768697903958252,14.059720106891742,13.683517502992867,50.557871399966096,1
16.273610604369814,33.07336305578648,46.69052597442097,30.945685125751638,0.04525757642506202,3.212348211588161,15.898539990552814,66.32408446864761,1
21.3851731718494,30.449376376812843,29.441789509550805,46.89813903893843,0.3102981216928575,2.449072139636354,25.795346546077766,52.860534364137834,1
21.221685606247682,21.5972202043423,48.66479052229283,37.130708059288594,0.03644622292718217,2.693698834518537,14.749061632372065,75.18940954615141,1
13.150395961895821,13.816069635496197,25.722265213013763,28.270105543019064,0.1376853152384121,3.56621909000675,15.954364916659408,69.7061650644888,1
21.730651408901586,28.118709667656262,23.546135591790303,13.915766157939915,0.07714736838254332,1.7353202250577668,22.437187720102507,66.81463901247719,1
5.404009806057088,39.787159187406004,30.845744747677784,23.000375027913645,0.07944851898271953,3.524680025476253,9.48314568838318,88.8473937202792,1
20.360005769521067,45.61597525956498,20.192589261510644,35.110461025453034,0.02863150443696169,1.5146653548328584,12.958772526966921,85.69943991156096,0
20.608966201143073,44.96847877155601,50.84354357461666,16.289589603381838,0.02443219423199848,3.5238057878613125,13.573664473458944,64.21506309385566,1
23.8229141003625,25.414341763568846,42.92383261777845,49.40970296330354,0.010654822648916656,6.03143205193647,18.333552879310485,81.82660244881632,1
35.48109121630338,23.78510044614187,21.38998066795018,28.144165626355488,0.16613030986277771,3.7552479217669434,15.930227595038007,95.56642211083748,0
8.188997935300698,36.194695840094056,32.654804028982376,28.488483932094848,0.16019149478897024,1.968609454860104,16.119954543917196,83.15797518020459,0
9.763254809965966,37.81548833747415,35.89105568789028,21.33354807042022,0.0687316775322704,3.6660512747711174,14.01087607738503,64.90937217998064,1
12.857102492807178,35.93026142592605,26.68928015323351,32.96737756775718,0.017566779033742836,3.315634190237532,11.57501843871147,43.71690697711868,0
7.363409794587412,10.963878726810478,10.344735240554899,16.41998193477768,0.014063767989514784,0.7071079036898966,21.654857545263464,71.34240053271537,0
38.383656973767934,27.088702697230527,29.152620248676918,49.64892589101457,0.223752039121552,2.7116221385179853,15.973175286226473,82.70588642566344,1
15.684616698081193,32.055804601852394,30.253686405066983,41.173513046520114,0.0034430091096092027,2.116701796927888,21.714113880884238,56.59266983536342,0
24.396111818153514,38.5315987190273,32.305349559700716,37.84296445197046,0.09275550829064966,2.874223587822378,11.330236017113116,70.21740136950133,0
11.906591534641342,39.45906235622107,37.56535344329615,14.095709942101905,0.02196076463393734,4.880071482053705,14.008547053502145,66.13800117543789,0
18.662453196675024,34.24190320232165,45.1329185491366,30.05413270457751,0.027139015635918043,2.601213083599754,16.672901832919404,89.54815017641366,1
31.29599478584351,38.00223728325889,32.77615315576975,40.09086398014004,0.08918291326333257,1.901998092719336,17.232797779102736,99.06644159102005,0
32.40406748912803,35.70926470698024,35.647249872563,33.93105399357739,0.00474867770375088,2.4099122432849533,22.52621235559326,89.10903055233614,0
10.16160730869291,38.38043483848877,41.167138125354995,17.978908953662252,0.02186092349744279,8.142975597662485,15.416944262445849,65.74898621409693,0
23.47144884195032,36.64937384120166,39.09289294858266,21.49906244691345,0.15185300851936748,4.709902367429127,22.480453456865252,86.91003347260732,1
12.089064873603531,32.4707363315134,28.072906337022623,23.480638619940095,0.0600432008759615,1.4429405556138608,20.249664051358167,77.14963606217475,0
22.80632406312589,30.737260618095075,33.065921232150316,21.965621655113925,0.07031243961728684,2.678299591965101,17.358884339502307,68.43777116689907,1
14.601668064762615,33.0031644601392,37.5815843454081,43.287788357103075,0.0708387714226868,2.4742692489346476,12.292207221020881,99.306187948002,0
79.92699264375251,46.83496268495563,29.70717437389603,8.789868611767439,0.003124102957364575,3.518379732826787,22.541251592779922,69.915121930513,1
44.31242701961762,39.32161794192325,45.83695926314137,34.55919139658837,0.01135805512257363,3.521601414851269,12.441975196118097,82.92112003806668,1
33.42751320455301,38.82239116413549,46.98166770736709,15.076966250715488,0.03379122993720433,9.025445445839647,17.872317719056326,84.27891232421945,1
19.978991961563718,46.42406740774641,32.78738491954262,18.38748512548932,0.02295518113528116,2.1336743218843592,17.676357342383522,64.68331579945675,0
45.197660347604014,39.43128827960648,37.32187545862794,7.902666331312826,0.026459009916131634,3.6388607439101626,16.757429144296303,82.42660488771092,1
23.99886137949826,27.109844002193164,35.98216365424552,22.509455688411343,0.0760364231676474,4.2084543815977575,15.664081662088114,83.98223102921683,0
74.64931264749247,50.03346475706556,35.648472652196205,43.107316515392135,0.00073940205724848,5.274823976800498,13.067539830229972,83.5993788374172,1
48.32166127590263,23.58626581469622,33.28741709138325,30.64824242464778,0.05401287755899813,2.709394911791284,8.298381375779531,81.75176570532224,1
18.553072998111517,21.968827142323857,30.093575867266868,16.01638453000903,5.511893889701939e-06,3.8272840398814116,26.42282839704211,70.29208144385761,0
69.1211273486395,43.726641749496615,25.747311278688237,38.17147674379312,0.0032567229644051097,2.0098834940879904,15.049659214456504,90.78702714262856,1
20.060656227261102,38.173065111954955,38.942516572610444,40.313042635686855,0.026236603573342072,3.0906709174421927,17.231327429295185,65.57745120754514,1
82.9730914385893,29.995451480748443,23.19704126213109,29.040464810390855,0.09192636771766077,5.6794230925761235,17.194635696396357,76.91765153682505,1
71.55510099617342,36.90509033955851,42.27565894911979,48.3474915815259,0.007832442875072707,8.101555278016122,24.57362602337249,79.61942250697196,1
31.172830740366194,28.61508628885834,26.076345914472228,36.21564124624614,0.040441529625452076,3.8413189154816045,29.59916532910584,88.98959926104789,0
5.630117098542247,25.97775433596537,29.100818265096986,34.82652507292588,0.05673869965312868,2.392975296803955,18.95908451753212,39.91557618964369,0
29.437182598856243,43.85155515255789,48.51885336859576,19.9662129283371,0.013037915206809712,5.856181738541888,17.057983989258496,57.24689676910899,0
9.202624311401332,38.445448282182724,39.349232485103855,34.27398485621341,0.03590584274155025,2.019876660753769,11.259257957043527,100.0,0
14.979447915681469,32.055695388815145,24.186486798929696,30.167912776044933,0.12118528136062884,1.4261567223328746,9.33846930352341,72.12371583475078,0
15.94576819996801,26.93224595884592,22.653565817145697,33.19829002671027,0.03589541362471579,3.2983947847565194,7.356150422135395,62.08361293555308,0
9.127631951731825,17.872648090558368,22.354636927233543,21.154143808586696,0.008558581156175476,1.8062326738441143,13.224930242859191,78.74830392267067,0
29.518575058567347,48.62963564660459,42.609006925495166,29.280988843589867,0.049418117340812306,8.17814677881076,5.454871216121312,59.12831000868309,1
13.515366527826979,37.948443982023235,38.04577611227144,19.83138499785042,0.04484894311277987,3.047905808629515,24.472979722440673,36.161239622640586,0
20.796346089518963,26.05276087269644,23.676285911775622,6.528679000339679,0.001366235114720957,2.3058246723616214,20.538577463960547,74.48126843411463,0
16.059514730501768,39.60492218582418,26.5042929894148,37.983045685783836,0.004748204301200518,3.592116029446301,16.49015691189132,57.250145435427925,1
35.589667774359185,34.63621396040762,36.10715282484972,12.976110183104828,0.00852644947075442,4.723677619409168,24.656303884564743,73.63878022682033,0
33.776803813742546,32.195425523437954,31.423289683053888,29.07186464782416,0.007325857333702609,2.862008176584925,11.573063535580351,76.69637261032555,1
19.500494830092332,37.27718950740987,52.16860290254585,31.330021294490397,0.0150191710788413,3.090029412666338,13.080113667812672,71.03184150950511,0
36.85267044839024,28.112918068131286,31.537996479757147,31.26563015863055,0.030266461077180718,4.545231516509406,6.397240318189532,46.73560290799831,0
57.14987055088667,35.1349153875319,48.56798877661495,25.169209264017496,0.023238172979327804,3.2007578287952927,22.646122170121274,76.82418674898847,0
2.4514081432461716,31.582321863482385,23.269859960558236,30.712114752799735,0.11066002693803015,1.5485053329732188,13.137952282144358,72.15931074911533,0
15.301831499462072,27.300762796067175,18.334601601933215,32.70967069785162,0.047351598106478515,2.914120227547252,18.094173679654943,47.05947735152874,0
10.896397004035531,38.325311653280565,26.36944360110795,35.34964815751985,0.10443192520389942,1.5080908579262766,24.015458403448065,44.391676018109095,1
14.17000693467705,50.81616607698416,49.83950468242139,45.33441339384263,0.03743715166535732,9.597365656964598,26.225104532996525,51.798632599119465,1
1.8800042980414946,22.739019318634796,43.14442044500219,30.341941514982054,0.004708417484938987,4.158725915803636,17.82512189105658,76.57747194101185,0
2.3153465687825014,13.69604902227693,19.220983977289702,28.640488450177017,0.03111463073462828,9.483574932702876,20.305424617628137,35.48833311644294,0
16.517713598541565,12.460255365018618,21.299573907930988,18.932710346499057,0.08630772964188488,1.8926591290875883,12.576898523738036,80.75015048687364,0
16.131222719294843,30.915001992944404,23.014153515477766,32.35946323899337,0.010790014407357917,8.245825907573561,28.100240058045202,74.10708076821241,0
62.67401963421086,32.7694570438698,18.61466404060082,34.67383103140568,0.004782297139716203,1.2453564541130127,17.003096638203804,73.67227466886345,1
27.83641357970432,36.25406704762646,40.248920401263625,26.076968157183728,0.019981712408404614,2.0955379755185497,18.481709711208723,48.35783777993467,1
36.190769438206964,36.754592135992056,36.48599927809413,33.44612504184037,0.024624555858071717,1.8913805642322385,15.558881566420643,60.29114071427312,1
204.1534902677308,44.590855074018656,37.920245890998466,25.074838064506583,0.018282733953615165,3.1465048215302573,25.19549399048254,100.0,1
75.47920588772246,23.17304258834431,18.068764738030684,34.70992652088924,0.007265208784241659,1.0767430051799267,19.197563538499136,98.94671920519491,1
24.128975413458377,36.57867871547971,47.75112494082117,37.126023140297434,0.014440125643653521,3.823124161546565,22.565607464481744,54.355352818072724,1
17.651724153574378,34.002046970235725,29.573964883698505,36.98627866730486,0.05732961777758094,2.2722060766220107,20.123748839873294,85.65829748497157,0
15.509156302989995,28.068193461782986,35.496288783245,29.17844326141301,0.02438219673181601,2.5926435177069664,16.67754370070397,78.38995975121993,1
31.939185119363913,18.21944191658154,15.651285524674822,17.600318483829486,0.05005832562803674,2.8016198813420394,23.57681136779755,71.28527905740101,1
17.775495344459653,37.380236929318855,33.42789325476724,21.880869473581793,0.03842628196324934,2.0274912777880703,20.071897167452285,57.48727212428591,0
8.88054658828357,44.05107744248197,39.951426626901466,33.95157323884728,0.03982026648229214,4.907174920873059,12.234125634916598,58.05525899845686,1
16.00017817512019,35.17985112845725,36.68854219580936,52.48812305740227,0.014287500866829082,3.5791227497017415,12.064731697143717,95.54387487733852,0
32.60368937646399,26.415814500818954,31.803514146220582,24.59279228467918,0.03685945023865942,6.51908132581862,18.892960374189805,74.19736508848867,1
40.76302914793119,36.55997602790119,38.58017034755066,32.5583767838814,0.0011938763286516007,2.8367672626186833,23.444747414325764,93.10063095974986,1
80.60348464373425,28.429381887223286,22.327589106625624,22.439474425205965,0.028259140206172536,9.232210948657416,27.83652329103842,84.74406667806896,1
26.947561811274976,44.621741410079174,39.42767740754895,18.260329557508992,0.04250441687964587,3.6866146958720836,7.3367192545151845,63.5990434783835,0
59.4273274981605,39.73254247001947,36.803078455850006,21.236841364226375,0.010044379476293976,9.093989136359452,18.153959094592327,85.64681820615914,1
21.416062241061482,15.530840218626903,28.065717561011247,7.175280232973286,0.014823260324641738,1.458152949829248,20.93788597304998,100.0,0
23.777488098770338,30.559879610378722,32.80271358270494,41.53435062907751,0.012393014166710736,4.243868012175869,19.774014809968577,60.093747712462616,1
22.816104521138215,38.055430780513035,25.036470120898034,5.698697470853865,0.0036585412388148125,4.6442296832511225,24.055962630202256,83.27125445593794,1
29.392671370620306,31.07842449583782,21.88897178146334,25.361717695993672,0.021374595419431135,1.203726963902544,21.933203858949014,73.73616900843847,0
45.89080412029856,34.12466340364304,15.935719874380805,16.218721046499454,0.19308019997932965,2.526886775573434,12.08699889851796,52.43539057847502,1
17.175416274800444,20.33229037074735,34.67319222706132,19.156197846377957,0.02183853315102774,4.972053299816967,11.911249867855613,46.35697561236134,1
11.431076969814892,37.38007141628879,41.57328864439711,41.76522659738668,0.03085901888287177,3.725352596522146,19.874729136910346,60.50645918988478,0
48.437477323184744,30.78092959828634,39.0607741690915,30.01066990031392,0.05293409871654273,2.0849200420219027,23.94303254653515,79.89982422675074,1
46.09118748373283,15.349224352509598,28.59400944069545,18.346038408182995,0.05227695849699774,3.7944312806730114,18.86050531771617,87.39383204207427,1
65.73636141193019,36.14788050508559,17.39419846028935,22.10482867503489,0.14968170383409335,0.9947311650860653,8.53240158259033,54.583576472667524,1
15.033114524673854,42.066464334404614,28.612901799479715,20.345187795579143,0.09744317443332551,4.832314454406889,11.716971508102363,77.79708570729183,0
20.81306724946625,29.252665621420462,33.06438958931308,27.564543279211193,0.07898198779276966,1.7411946942674046,22.149095135191985,67.38690961694017,1
49.690188064410464,54.83337806089678,43.01749524669307,29.728916847876924,0.1514409069805938,2.446477079565267,15.908129454497205,74.98774433587033,0
17.010759230585183,36.841293370072954,32.95453164281301,46.9557477322856,0.013117963280405424,2.2911906538640276,18.70774381921973,77.23132953660972,1
39.56697246032509,39.32262749185242,38.680388620006944,8.836992340022931,0.04799309000658009,3.9407952502392947,24.392508234910544,99.10497429382488,0
21.489405229335443,31.939428125224225,32.86898491157166,27.651876852420475,0.10910551382591534,9.133003246593251,10.786745714280269,73.85250805195855,1
31.815046416128652,34.08939488477639,34.601921678321446,24.844323074654778,0.048926682267233686,1.9808208754616514,15.514544064588275,51.011954542590125,1
8.710482715998724,28.67233605620477,26.35641175982578,37.46548527716782,0.1895355869693142,1.6257732062185284,14.862763119756337,63.93570884926138,1
26.686643384160227,30.980302586798768,40.24820892369223,31.548181181783935,0.005287624840641171,2.9328985342455267,20.1324152191672,83.11933902402927,0
56.38090982307989,43.765808094133476,34.060150368210316,33.90362208114946,0.028931183930214755,5.321459419414724,22.637329069631953,89.55183291836417,0
43.278424668634635,27.13345140238954,20.208187896790804,31.450861860150827,0.18940827375453057,2.269743906731115,9.11839525860731,83.64305054508154,0
10.758828898576592,20.854886047543893,22.17396231646773,18.680088747164604,0.023866965771616497,1.8847657558306201,17.966781845002384,59.50129844962929,0
76.3998319982671,30.22802429098629,29.303480185498675,40.11265496493013,0.06726844261693753,3.1126145772811573,23.21597462427727,59.76258693539401,1
54.069589990889206,58.566983975404916,51.378815897112744,35.98504904615669,0.0015437327854061912,3.172565527692236,6.871281291234988,84.65653433553678,1
9.113486255153282,36.67045195497879,34.33003679451318,37.15529791724743,0.059345479726823414,2.742023186752859,17.613645351362358,48.60914435706168,1
16.09178135841042,35.458689220563016,32.69428993650001,40.64050170507165,0.13638209291630454,2.443461352936586,10.705293355300633,78.61352151805984,1
9.613864959353025,20.86693304096864,18.357465818286435,32.176751006519595,0.024120516568860013,4.178594052580387,14.150598578702803,77.32211337229012,1
32.4663775802492,41.103379643785665,42.72521257615088,42.80992404117493,0.001076497647500939,7.297045496790515,2.969792463110867,64.47788146508438,1
15.501854840065242,31.1595647614765,27.248208672403514,31.77639571786641,0.0014153342497486264,4.2130812531932875,26.35640471253016,66.41342161825077,0
3.243810078563171,32.628260923101976,32.2510814977101,25.809414119753914,0.11129199343829528,2.7689207977617842,15.865025235578923,68.62893002250593,0
23.694321443685546,23.78794505791727,41.35664263822183,27.933960895166354,0.06409961955351874,3.47154200845156,13.156848815784514,60.51664418892047,1
47.12711764096458,38.671756220320454,39.538809136522616,27.761562318638834,0.005640878314217872,2.2441716924361397,19.9696022727429,53.70022301654212,1
27.1043416523669,29.827315865790204,18.904893964594688,22.80608677909457,0.002806843809719652,3.6929070873851106,11.746138603876505,69.83257917476982,1
37.07036208847791,27.904442742969806,17.005695206368145,44.31888848370221,0.08169302750001703,2.6653217982677107,11.176532826712236,73.38956157489325,1
29.07236633004776,41.70191830757965,36.16628372207789,30.962953655036678,0.08299989820795131,6.462889518189385,27.061975018882364,91.23018372080534,0
42.036498596099904,20.92839670411496,18.669433762647543,28.947384758329065,0.006421327358373848,1.3812872335842972,28.851978169960795,61.67741864480209,0
31.018273844508602,40.3005037198178,41.3085754689911,31.882742549264336,0.017942465585956215,4.917380468754734,14.447617966305108,87.23109737561839,1
22.698244012537995,40.24959793741066,36.4379436946841,57.79854516737147,0.0757123107492197,4.130178863276094,24.404128259497078,52.33360661861106,1
26.852090568908665,25.231376829823894,31.41562888412046,16.682758114003406,0.0372654184628369,2.1888531004201344,20.136242663928517,50.20138511830017,0
67.36261080490662,31.90110700941132,27.106497350625702,19.549614882837243,0.156847353374447,3.556825850767493,9.517012249737903,73.95958549034219,0
38.566643081978555,33.55473964963276,47.35296510214675,14.194289825530037,0.032798605352188086,7.531542153103176,12.43120863690129,58.599693457249884,0
10.725726846553552,34.42922113160524,56.512438276725774,25.674007615645138,0.056498636999127196,7.838356193085668,27.306598795181614,46.765908258634056,1
26.53062010470435,32.4510430975634,30.751739448971644,30.455184433273605,0.03564539374240789,4.080852776265325,9.439229803054939,99.47107875816248,1
32.04572732702442,39.142483700972456,38.48130746770899,23.346774816589225,0.14320494277162008,2.0225994654259933,31.685996028449154,64.63443092006575,1
22.112337760196855,50.94664718940352,41.15799762027591,22.6027320184823,0.025429663538355726,6.173484452430904,14.571826944529324,100.0,1
3.2659334779933933,25.41272233020187,28.0875940245522,29.424048666281323,0.013055022757160526,3.548974508065382,27.4848894377594,50.732179712120036,0
11.765945041398554,14.61309204917558,19.188673077807856,22.978921751703027,0.019773302804346554,1.702820117800303,16.16661723214298,41.724990508784735,0
17.81546273589984,40.93155524069151,27.692878196432787,31.10175827182838,0.09578973184544941,1.7993082394967024,22.799421549006908,87.93243833110482,1
82.26637088850094,59.173101392550436,34.58446243281598,39.142343467426045,0.03445163916683425,1.9762808360216142,26.370198840724136,70.55342469379646,0
35.642618003884756,39.27407633109396,38.95155073683075,34.77030469800806,0.021867320709298716,2.0506629230906945,26.33972290608606,74.21151057375926,1
5.413182066605922,19.934490556454207,23.816400396952602,36.81013347165202,0.03929164276866388,3.996507096384339,14.493806815242179,45.74813413812794,0
23.230228388854034,32.2456106259761,12.271901449266199,38.859184115067194,0.0071490641130849755,1.1515590967878082,12.855671400605242,69.07434854882014,1
60.46547056462402,27.88458574257728,34.712700061817486,30.82828160118703,0.0002686858608001556,1.7847387669663362,17.51272794149319,56.51870306506842,1
15.316052799346387,38.725962859531435,35.18429488409933,26.413589739568987,0.016465822877866475,2.7717887946191935,10.197122273796131,66.95459959420482,0
50.98107742193773,24.134257586306315,40.427087045731696,20.277469291168046,0.046444199732526115,3.3392597408312232,19.435585053663353,68.08722739206034,1
5.610760334309205,27.84032618186438,34.12110964947383,24.08821836364279,0.06218434870175113,2.0768606331556607,13.075220086334909,69.57616802265339,1
0.4852211308097967,20.029404906682405,16.182373192190582,22.763144673231054,0.08761087298632753,0.8992145157064597,24.496258641257494,74.48241479279413,0
56.19020968833328,39.69677830459961,18.041298195999996,35.31672326620912,0.13063488251509767,1.3213488362457624,14.57932550269117,79.85424192565497,0
17.06075472960219,28.895696438062753,25.802499500521606,31.467825545941963,0.026560970780280347,3.5633936498996444,7.546446183119878,75.17784907835268,0
18.205832031483535,34.49849583722517,28.798538969340846,34.96757862714301,0.06745316583254081,1.6115736829206573,26.405488657015777,67.00567627530384,1
28.871820504365516,34.55427862531848,41.366985058128726,16.396631438998483,0.0038804007496247026,3.6878776829329416,19.100208019991182,64.24458357738855,0
34.74708049339287,25.34547179676783,30.067221260390546,42.31749484241079,0.0029625594551208278,1.8199743090882508,18.17480934252044,79.00119634052209,1
1.1424278692031613,36.44013481567069,43.64556191105635,23.730196284932376,0.006665027648425548,2.61781706453152,24.566368709677256,63.55676833566786,0
14.296792994563491,31.65686243075337,22.06408052668027,16.999833579253373,0.029761936942786418,2.1019136356674926,23.22945901378894,66.75971186720054,0
26.159708541671424,24.03866620259171,37.337581556080266,23.607822351781873,0.011867286227829489,2.079435030716025,13.428878735937447,76.19811619003721,1
34.69052594213175,57.61284445337769,48.81305100879843,52.83765992587508,0.016908429666698418,2.8210459259133835,15.301310363843038,56.439871218088584,0
10.607043829656917,36.35535824161978,18.396270405198344,24.122831335084324,0.052189187257712155,1.7781585977721748,11.322268499643972,88.56557517734787,1
21.208635410628254,31.648689777601184,43.24041864112665,24.749035285290745,0.022199033443614,2.961988265939161,9.213287669251109,65.5013783737817,0
15.27513408996954,46.44331538051367,39.32499408633629,26.07895319370324,0.040751229580444144,4.733018787231427,21.471555209492337,69.91775105754498,0
29.59814768814044,52.85787824708714,44.2795073297829,26.51379616568545,0.02658576140299424,2.3694278131889885,20.35310586025009,70.25183781866942,0
54.832731667894684,36.77141552704535,27.789397311390758,20.185239341987458,0.009254424392166682,5.328145047005661,22.5649752691351,85.75769364211074,0
19.037430287375305,36.329589407453916,44.73381186635734,29.432130832061304,0.0038451316159161097,5.624854824531736,25.689632648975653,73.89521112203765,0
6.734502141930687,21.130147141260192,18.965240222593117,38.7559490819833,0.013474527003150922,3.8530588840305153,22.646848769554033,65.5980412253437,0
13.624609874508051,30.571763973496093,38.88544173639001,31.14289315478707,0.0029716041004505945,2.684581037270309,23.18075685783155,89.45623371695469,0
75.89419007708673,39.39350297396431,42.32226099685509,16.888347011000143,0.0481968972086369,5.577988831921013,5.532232450967177,32.12865387734706,0
11.808327441718541,33.61951945247432,25.654468355611954,24.556540950662914,0.079412596793408,1.6864713411255066,16.158088548450035,86.00178119534792,0
8.198675941996818,34.55740617766963,49.689951266448446,22.484725998983702,0.020756137283992636,2.75021041763529,23.787458968019923,80.44296626626377,0
18.09383346710934,38.312359508347,37.17717164507896,28.529394682348013,0.024478576321411635,1.9508550131578353,10.990747582768702,41.081517201385175,0
23.234826302977986,35.86165050844629,39.575801085546715,41.304516715623166,0.08469292227146752,7.58275469519764,18.550028297026582,83.58621352635438,1
16.086665583418828,20.305573571221178,15.905263065802426,26.51117203979117,0.012590843519633486,1.531633296525079,21.11678664368104,84.09434480007684,0
5.645702167781977,21.46218426775645,45.5267137311711,27.11845131129609,0.006343979120730859,7.269109402685142,20.65712096303092,74.55559278177225,0
31.759049498232418,29.29978123009813,21.923456970238533,45.776448188194294,0.034769295966436346,1.7327676293708374,20.2127778477498,47.96549824442521,1
29.620859512207975,31.620723007598908,40.84738066516701,36.7620599167166,0.051949785613219196,6.804888958715074,21.593476314273452,81.16396266590499,1
40.9568904462672,46.65127647166121,30.702336845210922,33.74081282106535,0.045771358373472494,6.220453497483269,19.084463369569317,88.29933092928238,1
29.126329320444633,22.739559529537566,24.143913389033564,47.58131615301775,0.06256598345064862,6.352732533544311,9.222430755653921,62.24216844237584,1
71.78559094459156,37.19368815998173,41.18750761507627,32.89811254794013,0.002921258671808452,3.430342381328109,21.04173321242096,85.97412602870918,0
43.215584971434865,46.012432727855725,46.625394800543546,8.134728580224778,0.027948440979586736,6.350299169154468,19.708479363322464,68.3449985614952,1
37.311632101177985,32.59797007021057,22.868914035171414,36.326657578803605,0.013627886140722412,7.165783158323569,9.30150929486728,85.74298127798824,0
56.199178524862454,43.034033277157604,45.93739066331899,12.079915428813498,0.07117308118789999,3.081820044340912,26.278411266519427,71.53723542655635,0
27.81775161628501,32.77724231316372,41.470740886331036,32.52005368582448,0.10307241341991172,3.159113796857251,21.203026198488242,61.861788380566814,0
21.57104346438201,35.803489092904535,26.817768366402674,10.8625642587076,0.016518049277156582,3.881399887050681,9.717910074135249,68.72476055283062,0
31.496421222580253,32.43973774529163,45.765075846845534,23.331445896000805,0.005003066783394177,3.0026320066048013,13.096649016167097,51.174502437265694,1
3.0548010194216015,37.12887488019678,23.19668892609441,24.36215470390129,0.014613158282130116,3.9631321989344146,14.615687749522921,63.532230455398896,0
27.884929875046307,18.732175407192592,22.494689500656115,20.298808927682465,0.005491217022410234,1.2782636295668754,14.61141936719611,76.00837703538284,0
23.215064419299228,29.84913957900943,35.77167682433968,24.511480028088,0.01946154244307783,3.2711521714241467,19.758301132910653,82.69240192435511,0
34.037868470608764,38.07140703753439,28.400032537392907,38.325617203605525,0.03863101517541431,1.6809332118251383,12.14188949365043,75.54192477369475,1
51.08533936044645,42.9997533841289,39.31045403908629,20.860470878404467,0.18187312172562556,2.659887205239918,24.768820482731606,53.72804331579332,1
38.08841812347762,50.642788946059916,42.18572420885033,33.45140879510541,0.025488829905239593,2.7077846868961606,24.274820708207947,92.90175069814197,1
13.657562873792775,28.138387762413153,29.758760945583496,18.343503603926997,0.012425627251873433,5.139796246551943,21.71590385759754,89.27389017037214,0
45.49713479457377,51.6193878377948,47.306959443842395,26.10500423607871,0.009124182918835419,2.7954935263235567,18.265450652363107,75.78793578797648,0
72.47727514081183,34.281353004525066,31.885654860548915,31.238392663274503,0.009499933496276598,4.899473842910466,23.624685090909225,68.21633071093254,0
51.99139673093383,51.08517362508651,42.28639800054505,18.034715833814403,0.010696660059300762,5.2736931662769395,16.344313663175946,67.42401029926359,1
7.388943518168735,39.28301279470903,44.88498013778683,14.8827956708931,0.07183035892974986,3.626080573078344,13.653066831700745,63.42495273786247,0
37.8031452457511,26.535885990540436,36.9398440764229,32.918781505788886,0.003148465592598548,2.3797292098526,25.140657873718446,76.74065589211513,1
8.576054818803179,34.3568005953387,40.03085856464915,39.23080399340639,0.29766427541226154,2.516227205078957,19.905256542114056,62.14793174111453,1
19.90810910375078,32.473858010240704,23.79610638636204,27.209349805126276,0.036979077162956564,2.4405007103013725,13.89565415651165,56.10580881223252,0
33.31438978443748,41.25300440441563,40.69954236577682,23.42687093443296,0.03929294533663673,2.0526731904304394,15.493545797750524,87.00802622013406,0
30.19280391011802,32.29620470218461,25.890491553117805,29.556753876883867,0.022124394462800956,2.8103259135999403,13.581432097408392,74.89784910313512,1
51.30338393647175,34.62304533385345,23.59789829531717,28.554799187653806,0.05860035305011501,7.285750323411025,30.13304915297163,59.475096450755125,0
72.71085416608844,54.59757395254178,41.26537881073696,30.429025407112515,0.03188149337933749,2.3994125933489983,18.024590624703148,83.91182767750453,1
35.76962372049076,34.37823461351688,26.516932352194033,5.0,0.019953873997945556,3.0294086405792355,18.94662786752201,74.58198717578438,0
18.68796642070696,41.067418205023706,42.7519090327293,17.308957088340367,0.015403655093273872,8.666319511722852,22.327314287171642,57.96679960497552,1
3.2582190373555644,28.235218005161336,37.81037087962713,19.54769894563146,0.1299493919669162,5.830217336679013,10.707834104357966,83.57739020163592,0
60.20435459582709,55.6972857816493,27.057904421208185,29.508676285115627,0.017194248209943853,5.152209841829061,24.57928359771734,79.06420901557514,1
23.311495934221483,26.71337809677829,24.058930922096195,29.858778836222662,0.028669926959072025,4.653204538558744,14.352923215272881,66.41297455561178,0
24.2794825335051,27.500487067553916,19.321901451677576,34.36180488684036,0.021565414405074933,1.705394308510387,28.980097716690892,68.60367028556969,0
25.808836838369064,49.11649733691439,35.94556472202264,30.575817492104367,0.0045060190155917414,6.223074739166357,16.124047619912442,76.82051930549622,1
34.59736663602818,30.7401410864517,35.93746179353128,14.992649296126643,0.010285715988409279,7.468879495797004,24.225840088579112,70.83672210925407,1
35.335297851273715,51.31103773933498,38.586110310306886,42.4700461758506,0.010505318748974793,3.2988399898504683,3.0192112972854783,70.85890447467162,0
20.167061185286702,41.943464973741136,32.05931206415937,40.71918303422366,0.059151272733144813,2.4786458836497256,10.949201543484177,85.02288826193802,0
23.129726784480134,31.922961952063684,43.17059699533059,15.418027099730741,0.02609309921225074,3.228182604578479,16.238357046014244,48.34988044458704,0
15.04912321711419,14.124433762395546,7.210916124187911,31.32705294374183,0.07615557170039033,1.1740970646350744,5.815302011250655,49.23652754949842,0
13.648075017826134,31.854028209955565,42.63658643212803,22.045756147569843,0.06171316905648964,2.609406017529962,21.605306693048426,79.38406540344428,1
13.589331049171204,33.05470019270992,28.867573731840086,29.388639892005482,0.01066274072161077,3.370397418507906,19.877748752617492,100.0,1
22.91762524392311,45.109821119632194,37.41905636695056,38.5331027964187,0.0413815993907152,3.5247529223157485,12.055034100840736,82.7309568010654,0
11.346220856212847,47.586404890833045,34.81565525457235,49.301042663209586,0.06791622861688172,2.9827523691437863,17.90424822081301,95.23237611233344,1
0.38790727688178267,23.20831430009479,41.62643056435086,35.5127770514261,0.050125519773358475,2.2828313297896536,22.83886337953875,58.56200724964043,1
18.421398983018033,40.77502748733453,26.46218302049174,30.94934735110136,0.04581660014728731,4.511153493902315,5.381702898780157,59.12806212153633,1
7.878076896217139,38.835733094566066,35.62818419560191,24.601788316917027,0.06727890899083028,2.1659919415616535,10.359065902592059,73.4236129779342,0
27.179100595783257,44.81099211347194,42.14390606026875,29.821348710111764,0.0029228254665833644,2.3505410833353553,15.989470204659934,84.7405545165621,1
14.998337208475446,37.23664970262676,22.006637737969363,41.59771893328313,0.06573068542189188,3.051730861712958,18.142341759794853,48.32640392245977,0
34.90856776152975,15.811308254611765,18.96533793827548,27.552912432404145,0.01591773614279892,1.965404445774242,17.64833147039074,68.78343795985846,1
8.646671655787237,29.742776423090486,30.711682301250363,19.138873486523497,0.042416682858067156,1.658927464756602,23.335768712614264,66.32407681649664,0
4.1069560217740255,19.058967654096953,20.530266784163786,11.803101344833735,0.01387371709924257,1.9052863814632905,20.863267473932382,55.63833796907419,1
23.17518314558034,31.450219742656312,26.055353727309328,33.130478674102505,0.09126092317893864,4.257661179559112,22.179809043426356,61.20170923092991,0
17.77900477018275,42.46689307686635,34.18785592613504,30.472881256277393,0.03275013638573372,3.619711677412223,9.660745603173808,81.20184046992445,0
7.184721413049927,34.129216570707214,38.848337281452274,21.540918267377034,0.05149274192802753,2.8437163963489294,18.868943128796282,73.48221149897233,0
43.23992323488496,47.96689714920707,36.44501664465767,38.26014125707297,0.07901387294136723,2.248154142490179,16.157144944572337,85.6247559748688,1
10.181145654998245,34.94471105538513,42.60529397793762,23.782231356123695,0.1128400937204326,4.128498932358339,26.772431290012605,72.08934948659125,1
13.076627941256927,18.97823479449951,19.60923165652497,26.653559081752046,0.06585000154008794,5.351049067151127,19.0463738242674,54.51647543546331,1
49.042256860844155,12.147868463399275,14.84376930157209,27.833358667020565,0.008053562200331661,2.8206465703318093,13.985676391703826,81.1549971497564,1
36.37345130104259,36.94410531195229,50.188405370549994,24.49047257861912,0.0963900844250497,5.861685564527428,23.11500765573024,57.993296724545885,1
9.139438122457632,29.23165105485699,26.428995400618707,30.35865065749571,0.04819243423374428,2.7957642671881224,21.379786775187885,62.15158753897639,0
19.1258257254612,23.09941646500036,18.752470529422865,39.51515145933001,0.04700993291303694,3.469115036325898,13.070389964157123,53.281435322818865,0
8.248144082726741,14.23094911589523,11.75594811218345,16.575181018815773,0.12713138143855857,5.118891961067667,15.90906178338495,57.48631193548234,0
46.60702646971435,29.64362183573006,40.458276364763535,32.885201384740085,0.014306267949018231,4.990101864178072,16.011321242349833,75.6785880042606,1
46.585211419421924,35.04286686426553,31.286710628425737,29.72158669606441,0.013694719280757401,6.376983899123703,25.364766553677224,67.45468321645457,1
79.80363248357617,48.62932310960032,37.42205136330894,29.537638295447064,0.03599443389031889,2.9993430109326007,19.21945124327065,67.71329034634806,0
100.3252072345814,46.93509190086701,37.500423067653685,36.71844569874091,0.06948763000402872,6.566429248880663,22.36069487136103,100.0,1
14.845432411621962,48.30748733347058,47.426538010746484,28.492974252171585,0.02964163246531419,4.314760612371325,15.040369673219503,66.1752107216565,0
41.49719335630114,25.86853844299123,28.91117670538913,32.80229261905703,0.05024126203370813,5.526750880486233,20.008801746836646,65.38051797476636,0
3.390416849705788,39.3191514480302,54.48009080987308,35.15864629571147,0.030121898835440614,2.8043500562124644,25.820165417577947,49.442096709411516,1
28.760091209443992,34.78700111270388,34.98488503751538,22.956347996193934,0.04713009017304317,3.8942702583037465,15.833539408496115,42.67209496474157,1
34.17685954078555,42.07322017230368,45.32356620458804,30.991834608137985,0.08637232128553886,6.033599943878013,18.690928823026656,68.50466670219029,1
10.721344122067508,27.243052985654693,37.33914005749713,25.49212392789368,0.009951622223089,2.2497672592093187,9.820162462574356,46.47098827161393,1
14.04813346986767,42.824023759386044,36.83803094169012,26.673182202801044,0.05943426841363292,4.010059962559399,13.406651460539834,78.49017358438783,0
46.80386042067466,39.97282664655363,31.293362770457748,24.77938603521668,0.07742319448636527,5.050089263783626,15.993342648013062,74.80314000311287,0
34.79549733970864,28.424874751778802,34.025661329243945,32.71080404096887,0.029629937896984305,2.38049558652588,11.634964146289674,95.33451115501376,1
73.17811238609299,40.856476568782064,40.42338047717101,28.816447090182535,0.019521454171384595,3.060384935134633,25.93184206513108,82.98173657577559,1
67.61959058627968,37.747379998570956,30.518263614416163,31.945440343166744,0.0006818442507417055,3.211611408551639,12.971957878550922,67.6240511583612,1
4.685156606833978,35.59455699740303,35.56853372656646,27.824826371042516,0.07975333926061176,3.242900076728357,22.720791552703474,37.73691728584006,1
16.15726060282819,20.625821596679145,38.13996846474843,11.958789875296752,0.019870283071420806,1.986954360352255,19.12101742518886,80.32961007669198,0
9.6797270591535,31.158442037716082,49.02295872764387,28.313684160997084,0.02210459802526669,2.658920249357965,18.18511169106278,47.451721503799845,1
42.7248685267384,40.36180280550407,42.979675684997,28.63537955156817,0.020474120566204942,2.360741927317806,26.916981869790945,67.42280586500127,0
30.90721956416401,34.96631600655493,48.88860389366423,30.425959371534603,0.034531450771273314,3.05277926642183,4.4363982184345225,96.2927676111565,1
10.334518586732983,45.019590231899905,32.97284240310832,22.06270806314258,0.06061698097198788,2.2130075310849247,16.82277061906137,76.23165395307748,0
11.925233402129432,39.52901275102994,41.426663116886324,16.04530283334488,0.07389047637539524,4.782649192678983,11.517717980607348,73.23302849845,0
57.846225764715136,38.6021258972998,46.1490064275701,34.24606644894278,0.024925976136506343,4.008195955903878,6.231477545201773,90.73408179974466,1
17.74904968499663,34.82924842772623,26.761032707314524,25.26393443465831,0.05439875845450041,4.225695921049166,10.831609597453852,82.15555722058224,0
2.71223664968177,33.36349101227226,29.46067550854883,29.712440476849956,0.06377062088074152,1.6179516411381292,18.103425210018425,89.25664380924891,1
9.468221093574543,35.453229205704424,48.08452977696378,25.185399201117043,0.01761404002270125,3.732235408765887,13.647917224761327,57.86095396168188,1
83.28726876287996,24.236510357785917,21.89381329681885,27.93938174226405,0.005080681065268508,1.8771512142370366,23.37968153895089,76.00719145111452,1
50.02379877377389,34.48830685837261,23.06628248210336,23.507146520641918,0.1125308186440104,4.946745067606491,16.716924912352017,61.16899031882947,0
7.722221307728605,16.31394251422503,38.7494295948061,18.31916410846172,0.05652310329976445,4.398030823541494,16.051569871674342,66.05397971578611,0
28.750204686075744,47.09534017750622,48.412241870846,32.73731660768657,0.05222189070832478,6.489678022690399,16.078314296963445,68.76654999966223,1
47.91613798178545,36.57892549723854,38.08853215076557,21.968799117738797,0.0030354273875422082,1.9995054579302496,17.409033563222767,48.258944036323484,0
4.609617844185556,28.758033179831607,31.137527234766026,29.639514808948107,0.08515256743968308,4.108698448375742,15.489128790343482,56.113412212418915,0
51.617409869360706,46.710584800736456,35.176037875454725,32.10460221902078,0.04174177681381359,3.3118957868377006,12.89247781461502,96.91022998685665,1
34.55662128970162,39.40674116795399,38.018287457654004,22.131872843969184,0.09415573173592223,5.38685331460644,23.935109303856215,75.5744531812466,0
13.320494302957476,20.71172900165155,40.92314725987302,15.961143656270151,0.18357395360629358,3.4613011634896913,14.255429697666326,78.39507813189219,0
38.59584443752026,35.08032304035435,35.94065822527835,52.26085613853053,0.15744454664010313,3.3509997312665205,15.698840301922884,70.91099886974384,1
31.229712514628563,31.332787144930435,49.8687889959479,22.72228124054574,0.09692813165074271,2.5997503059463187,20.576430480541866,42.939539639958085,0
32.816028947150116,17.477075456011978,19.807294297282947,34.234171586011584,0.0005503868640014688,3.1987576072692256,19.912447476943516,69.63366696198693,1
27.97878923971679,27.29405605358547,30.760176386808034,47.39463549570124,0.10845833894180107,2.1760512614752905,12.639371625923703,86.22120621075804,1
11.525263876625104,29.893386361329107,28.97288520322032,35.899077468538934,0.003901445501954013,1.4884251237075699,22.52989166466448,49.51979590666639,0
13.588726150636397,30.888799607677033,23.674387497772152,24.995571911724486,0.0952555817199292,1.321213383688154,21.22602203903043,78.92332913128183,0
20.666684632024428,18.27768845803058,26.08640551913499,27.328836124648888,0.016437292908087917,7.610759053899699,19.067849005123527,43.60586188701473,1
25.9014625279833,45.40187520967225,41.49938449715242,19.673927802611516,0.04708918911105629,2.9245014534464575,15.412098896511049,70.48316107908161,0
40.22642896761606,35.01293375622802,38.19901494210745,36.816964269577426,0.001940587859152471,5.961003676486663,15.559615856871549,81.21306254572265,0
84.58107407311704,43.06269187757319,54.588694182585726,33.662707080586884,0.07374135115965066,9.151112825327365,16.789217381990344,77.23452695058253,1
29.755102305218056,38.469681729181076,39.10361244946091,22.85574181738257,0.005922632365416346,7.693985733475924,10.609008353233405,100.0,1
39.725235018821834,28.078022713786563,40.432303514951556,17.578251929015558,0.026439990775925716,6.291104960847203,17.764389308418263,65.54719044743533,0
46.24744784372758,41.500676907886096,37.129024733546245,14.787662623363085,0.08503546360265876,6.3610702059886695,23.352612242681992,65.57324600357248,1
41.72628871033664,32.58819684636866,46.45972354216822,37.86514003804201,0.05942942041882742,3.0051745038388034,23.25822713900414,76.4126383698924,1
11.123180330593327,22.702621643117084,48.26864294195139,29.20373128955561,0.00030305139168590196,2.741931565282122,15.714889372341283,55.90003902856053,1
61.505797460111225,44.960344552570675,42.232818868835864,30.149845363327515,0.02579461643845728,4.15085075159581,24.38449963635322,55.68109558479257,1
55.197201381669686,53.19631879526853,33.33725539449476,19.770513741376426,0.002141592154239793,3.0061365883859503,29.43542732717667,59.57439365250069,1
27.69186054299137,41.40207281630702,32.17038894430546,13.364968966955939,0.055966245199117,1.816457346319414,16.102754788423034,81.90817350181669,1
11.750508435314451,40.99235191670148,38.65241519232189,37.62613574711632,0.17360539485050544,4.196181284917519,22.14908823859301,62.776008303932564,1
25.58607819759016,28.631605664015535,35.10462654761138,28.420390369972306,0.05324842154324221,3.4102348997450456,4.4231402238552455,95.64752989704694,0
5.314706018349681,14.821008611067889,31.515804519502133,37.0723466005762,0.012704140550635299,5.552323127840705,10.451119630908053,59.44439752758191,0
66.87728081554721,54.93296734333049,45.654768387172524,24.140668734844358,0.021943315874648678,4.161774209781658,18.54672617600112,89.03311148409392,1
14.70778833255676,52.75131714393111,41.15640618761996,25.631821569631416,0.18785910460434505,3.764199513403991,11.959601624889672,75.60418735843942,1
19.82669928907649,48.402072631058296,34.27124152280629,35.13298176620632,0.01268351511793674,2.875885596387028,30.235212268334692,62.12307775011497,0
63.75924104348122,36.20602676672468,37.69151679680371,35.323480796505244,0.041223088525915004,3.127297330175983,21.58727812377932,64.5697142712076,1
58.77759838174455,27.27029636997324,45.748017407834546,35.97565622685954,0.025579112887210292,8.462272786647752,23.794989881148783,50.778464192459694,0
32.13371641997808,24.163230484801044,37.82472103734246,25.047987468973037,0.07311889372230569,2.189271160906401,17.825841563036477,79.72355497919702,0
73.54203827946716,24.193980065779584,33.95522362340142,34.14547237650868,0.1010168649686981,2.8797324804700475,11.980751880818087,97.68230364414562,0
10.796509160860266,30.545690190028587,40.45481146659344,39.09099465476719,0.020839242340655373,4.155963614780941,14.887138306950717,43.31034175585854,1
32.14583720781155,50.87865516199628,37.382949833591695,26.95227988318466,0.05399880585016398,3.003976993124291,19.52628287775816,65.8724934166122,1
10.880605925308103,30.215464570073785,28.02006465936295,22.865116362259464,0.03981968522675975,2.066963670320533,14.172507969545933,57.17234623217038,0
52.95040874362068,40.96579031502585,30.404035291082483,41.42747603316766,0.016317298343379687,2.1977521755290934,22.027151950363198,83.86061900352725,1
51.70042490419318,51.51103337867106,39.60212036931292,21.455542664486927,0.015868645963700814,2.5123543869661127,22.26848981522783,70.41029466154862,0
76.96500479319764,37.503797600655645,31.625471866589617,34.29476497114477,0.038677926291264784,2.4241674750039075,18.02988782363753,100.0,1
24.993926247931434,54.10440350438566,51.30795932697138,27.415776894801386,0.008361965799598288,6.671772809797093,7.046189477898004,64.23288738508354,0
91.06047724695458,60.0,40.19741265854249,9.584343835154396,0.08325014653611124,3.417173145635121,28.288709601995755,64.66634355635234,1
10.048282533539831,30.196128993226147,25.65667786749113,39.285940674785806,0.0035750599785391484,1.8323359152512706,16.723962859862894,59.97757662854578,0
23.970598347188673,27.82024711188617,46.668716275399525,5.0,0.004967513239868456,3.304163296428053,34.255659890826216,64.41490066705643,0
10.394487170888306,38.531553539536375,31.801619567163804,8.15871933242391,0.020944717067789453,1.813800630632216,21.91521417811317,74.97039661659758,0
28.993653838884942,30.87379865064416,33.577747118260476,33.273300794806715,0.0062833631312197505,6.3664462474654675,16.74026953960766,65.19594493729473,1
11.261505069134067,20.123673589696747,31.66005203382599,33.27071198678115,0.03228456399721787,2.6321683532461764,20.686931258988025,73.85374871483248,1
53.04806816899147,50.76959676057852,31.21429375286489,21.624201421224644,0.025514279350760352,9.424268823944175,5.8842868975283285,63.752349552463016,0
35.37667409116132,47.470974986445,48.87226015060256,29.47822090303245,0.06397251058897939,3.2976201358809947,24.1568544194158,67.65518462131243,0
9.253832211241415,32.94319086932182,38.27422867101855,5.0,0.15288480449489072,5.533835895381324,33.401647425176854,55.07525229156047,0
44.89924666143067,24.10623946193282,42.10956787981938,35.069754644705995,0.0700315490015493,2.697942939013996,5.464599156939727,61.280225487144065,1
70.15430825199248,28.227883725625006,25.8573779925052,30.49725487053597,0.00988894011587015,1.4512862797359423,16.275545941045756,98.15336500965867,0
37.84604447738824,36.74919955579976,35.49268616212919,27.543571466662044,0.13707100584224083,1.83912986174526,17.367971263250844,61.84226532358862,1
6.781860472330406,26.018568725799238,30.722273530273256,28.20841482137772,0.024889994126856038,3.399777556260017,23.251371774978384,61.1423003622496,0
22.224758361983262,29.922784432881407,34.08022172795274,32.93254176193032,0.03214070664114049,2.4507050257889698,30.63585404499322,85.1140185716381,0
41.31737916756136,46.41723842573424,26.92997738167641,27.71098476502139,0.027372426279868974,2.5187465351440945,20.29729273557339,84.51349677758522,1
20.588817771531172,40.42011583995526,37.054737365519884,9.259444972687799,0.016463205514903993,5.267357002475013,30.850750945293164,93.73587180422925,1
9.926334962760727,45.270377049390234,26.696439528366135,49.96332234522522,0.11271084031749448,1.9051473690977359,19.022594861307972,74.22729496011482,1
57.184156488497685,28.671391239502075,34.335229065376204,40.008008194284514,0.020191237653567434,2.4549867605001134,20.70854291277738,67.43084045240867,0
19.887390675206987,29.551192914413928,14.791284169617414,15.150553380451719,0.04320822000237913,4.472567115427442,19.969413396961528,99.83464786937989,1
70.18294090635405,48.11725809055423,24.434208561897,24.548627695234096,0.013724051832219478,2.579261420927171,25.32179869803052,87.76779934959984,1
16.230497888334657,36.91535809337911,41.31453296887163,25.63965809843959,0.07982000742516172,5.58235863115676,15.46607365133878,65.92566949564194,0
18.96238864503494,48.16816212263146,34.89255720749432,38.788495665089634,0.07440498453719178,2.6829590324710324,22.909720552569055,69.65446097451479,1
15.17384650385438,36.48144403461885,26.689713024789615,6.407310646802323,0.017571019981065465,2.3507108686400926,10.615220362461438,70.72399299253159,0
21.927774971345688,51.77025728675737,50.87486788330733,23.009917355702107,0.05721512963869857,2.909518896536686,16.292975372091544,65.83337687242927,0
34.96336580999876,40.644682888731225,38.87888289411981,10.393635566624962,0.060848433142353636,6.906072713261347,14.17953826236715,51.354839133242244,1
10.422369452561226,42.18502989377078,43.85073352177858,25.149044841716616,0.04133523337393362,6.734393545413267,18.527769351707654,91.48528967421097,1
8.65650576748427,28.063326397278068,29.895393980344583,23.274991069150957,0.045889390380610295,9.792415279776813,16.10352150357731,66.4037900108753,0
4.493020644498347,30.81682521551464,53.76375963740588,28.796940673827123,0.04271918643193539,3.718012999868206,24.79280215474185,68.65105181943932,0
3.8674394269091215,39.689559952431125,31.03971309649409,21.951256009908164,0.0042705095601396,4.966251882454974,12.727991428970146,96.94564877629902,0
6.866415937247178,47.15974409651761,52.819862033486146,20.489766086094757,0.05547335114267378,3.7131217891124066,7.612104385133925,56.12400423918566,1
16.13654718282928,39.71285157053192,35.39421230741347,34.19656691763148,0.0317226926388209,2.9810779863297823,9.856297081730656,78.05958930727742,1
28.602508263769455,33.458658520219224,20.147380248785723,32.546727409425806,0.028853371336922812,4.551275562137226,23.965008277807915,58.836021399204135,1
33.58485617610543,48.81107872169924,43.38722145466457,33.51398342778242,0.09830536381292035,2.5598507302829017,12.182655940102668,76.53228867340266,1
27.62492570183395,12.223952292476284,27.407681408631824,26.230999095091573,0.001175035224638543,1.8681042158304875,20.38706649312425,73.54757133413716,0
64.93748349390151,25.518277509016492,21.796736489692762,22.28261417774811,0.014471841754630186,1.8457164045786718,16.23127498051152,89.84651315588505,0
78.8659270656982,48.646231296538616,32.08073830153773,26.811475179792293,0.006471476543984939,4.708064623116799,22.94546432851953,98.89571617849464,0
19.963537704179632,33.135614218158196,33.05666454258334,33.011620700684524,0.0017990327105987993,2.5853395272938227,16.615405769300338,60.299891172840844,1
10.587317411502717,37.643234122967066,37.85527617117068,6.232202990281515,0.016125892513935407,2.779621841138079,34.586091096702816,88.3675860931593,1
94.73074459009781,44.85368691283409,18.17616850209843,31.94111930370858,0.2231673566957092,14.387105196614979,29.38870209491103,100.0,1
55.86808453271364,44.089669625945774,46.06083947056874,31.091381873347977,0.01575123650143385,3.271429297921555,16.108738917565844,72.42383613614008,1
53.112786178461306,29.822889716837288,27.973172096215094,28.62150906085727,0.05448844828775891,1.96808633220912,15.287192465430083,75.52381851464531,1
15.592205150074776,38.04369163330812,24.56349677813784,26.50686578128325,0.006295107900226193,3.1803289147003766,36.79395690485077,60.70318923077337,0
45.67287595774683,46.79507667573787,46.246563081910594,5.0,0.046046025394228446,5.550092411610711,11.52689423202846,69.5529569838948,0
27.79073922647998,46.37411692328432,38.36070293396608,23.60146736899594,0.20828606659145765,2.0623333417982486,17.669858712489905,52.506013016544976,1
23.594707390005528,53.67474905498782,51.19922583625316,45.894387110773735,0.01725408624893435,4.48930746370851,18.134693518232567,81.38197806293896,1
23.563181868584678,35.97546171531157,37.89380278996267,28.129012955683056,0.09421861790366637,1.9674693368141973,17.985972613112555,38.958227985845355,0
36.12441157119959,38.15777260415173,35.25099301807632,24.92710161325282,0.30102161175522985,3.257048382144675,7.567729676816841,61.76845955279963,0
66.34481475132422,24.719997570960153,28.666159468542812,28.169061955901125,0.04440388551625701,2.0274037334921085,20.979614458055643,77.57653218422134,0
99.82712837867004,39.659955245416256,39.72568418261561,31.547728686280085,0.018509804373257815,2.718700974394716,12.177899451646098,100.0,0
17.95810438810472,30.762894918149584,28.996907896785192,34.58820244689464,0.05597105386331333,2.708673226882115,26.615934745014428,60.41295233809234,0
28.979767551680013,44.85016065551555,31.119483552234225,25.711198368420582,0.09316756634411914,6.793512152399644,9.26420974539227,77.21372857687467,1
23.134307183184248,27.360134836581345,35.823326915869686,32.24919602393684,0.009397885080739863,4.2715224751966705,18.356795564252856,68.41209971988339,0
34.42866044830464,43.12769926473402,36.09517697433817,44.7665080276136,0.03012108050552357,7.329104245526316,4.70327611828867,86.06251559674594,1
20.93452899004916,33.12396217887357,33.51812605610148,38.06250799432715,0.019223432488819664,3.833355071401777,5.073697761955657,74.8206920323704,0
14.075330279967297,30.339618390847477,40.850886045575855,51.40300215856979,0.016659012844233503,2.056810557195863,12.963888250244203,80.26820687658929,1
17.9786368132737,35.18573521332362,33.16328122344352,21.432296416482835,0.09859981389747081,2.275526628696159,13.810739505977832,60.33620363533589,1
15.788556045194586,28.45671968425076,31.50295927803463,44.76189507502015,0.027379149264363484,6.299236029423415,26.794358477936612,52.94733779666388,0
22.2595796263755,29.04856446302967,26.822229693604413,20.09326360077405,0.02070584701043918,3.40364795356673,17.756448982428612,74.95884071107554,1
7.393379732958832,14.061147902042679,29.07037863267188,31.535661467404633,0.04625529122274436,9.449469172022779,25.754441405469322,59.16275566100285,0
16.045760895338084,29.927322061021815,34.76955212584943,35.324765292380995,0.012384722392858472,2.077597914366317,15.721280431939938,68.66401025681719,0
34.186372883081035,30.32827447097489,39.33751084271442,22.892228080955277,0.013061322488136073,2.670955042856992,21.63651109728199,76.59639868057756,0
34.00447544672743,29.94086142351832,27.343313873352322,28.879642774742756,0.03672854393582497,2.2671525548266773,13.647148098486594,90.42950804916636,1
30.216863120812853,38.70126009402233,31.81796828088745,37.10461102451841,0.026320041893824447,2.3816046823099466,13.239161585408393,82.84193227501257,1
62.53811387619803,45.9670366093348,44.72391383689768,20.89729101688092,0.017476624456891313,2.8168776473303474,7.0748991664926315,67.29247768363005,1
35.16663406475879,37.596940156137094,37.05648008935775,44.693834595476474,0.0027730527024455,3.024877010984098,20.01452396310765,54.85799324658841,1
61.181090047242634,49.13131541158114,32.402781155090906,14.15403375272651,0.03677917372621418,3.676249830453589,19.572500488200898,100.0,1
99.87514403272702,50.73689086321271,50.74718888716109,47.396914427283846,0.0848067957268317,3.2831333842453976,22.663877323715113,61.23513372693023,1
46.470451652183,34.02000584977103,20.020397792706405,38.01326134799592,0.09531718810013029,1.1671308732561827,19.289509722848372,67.50654761507083,0
7.430556041009827,26.486020549007677,36.868686245713086,27.102744236722213,0.013422737375355279,4.309088040199178,30.157175863163804,76.16478351303371,1
31.107615655871236,37.794364716049145,24.996049598434084,23.973317887632685,0.045769707189905764,2.47853568549651,19.056165820065058,95.80294183542473,1
27.83070471672195,39.9122768065273,51.05121885449514,22.929717372089762,0.09685590395322813,4.178596106628377,23.950960286028725,67.72121806648147,1
70.10762267299597,54.49458647126438,29.441036773260763,26.64204359742985,0.026273781336497038,2.687461649531437,16.055345502005384,79.4316694486626,1
22.902215274842213,45.34706274062729,47.3568303112329,27.515041384511736,0.13451308099321077,6.788901990403803,12.549179794191666,56.45503173100706,0
12.42728756916748,26.44936307030343,29.926670348031422,40.552262466345816,0.11664114878965014,3.132598183266257,22.306171021119816,69.38469919586156,1
16.844265240010927,31.506576984729023,29.669810235181657,47.68654100384584,0.011668148192892793,6.6185938289283675,17.465112073077954,51.11654335848899,0
7.720339288293385,37.86822894242171,36.63046482871077,29.99379920654008,0.014985359791905385,3.2605727298190734,22.992258275577726,55.28979355937888,1
89.5526103113907,54.11286932729833,46.70035044418184,19.543715120105958,0.009949505339390298,3.027302058548413,20.117619251068085,94.36888037435534,0
25.366202982462195,43.19462513441725,30.042646035119944,22.54273959363806,0.010911180670003056,2.3805150605265535,13.241920039259062,63.56958834356355,0
8.482728408794364,30.633630933005687,25.7271505718537,26.169092153887156,0.11922343859643261,2.7631876720935633,24.44602726606217,80.45527951255492,0
74.3132135789287,28.606755512554138,36.639541125924744,17.698778947032245,0.13378247291850526,3.341977279846718,12.772860277291993,77.56003581604908,1
82.67838519913842,32.41239401741485,19.30621397776914,16.21058597892621,0.002664619361356745,3.2905738780493983,21.751957579773027,61.00307564676547,0
28.55035881712826,37.00888896576338,30.12972284076867,48.97127212373027,0.045021281990969386,2.0149675102784412,25.689666669155116,88.23555089909516,1
7.020747633395876,34.475367939252834,58.11564280897666,31.026135259462542,0.041532214209606386,5.0566065482020335,15.692430969509054,46.67425825090085,0
17.190374513831504,21.591762442730875,20.892601260378104,19.668668663196534,0.024759725328874146,4.060090257990472,24.93596672203389,59.411262269857076,1
21.00034523326426,33.595747893882354,42.62072149163096,36.16603570357712,0.04994254598195549,4.3887171993989424,20.385701004319156,66.2045828175807,1
26.025697481012273,40.21609819186967,31.39883312703737,16.216538751931544,0.14722138319683048,2.8848381712288944,23.11166267037758,85.29256880609056,1
9.572476870562209,19.92360495551289,32.04180314058231,17.039879521289464,0.00933183564847973,11.180432729921696,12.979465853384482,59.01722303375879,0
49.118255089050784,48.41771028140176,44.60192963733044,19.96957598935755,0.006415021171062962,3.2678562907859234,19.285801392322487,60.922893580758895,0
2.3755314807087564,26.58101823650806,39.66406117606681,44.54513280865034,0.0016980382315561213,2.20862378847518,9.551512139852978,67.91520236954769,1
54.653663830243985,50.774180700303106,38.707641665619036,25.47119934221626,0.02261473276959163,5.3817626708183735,28.26780309186278,72.72124691764951,0
62.60298838603837,34.05592380014675,49.53344663009753,5.0,0.020596433379643213,2.953697482788434,5.916010070492959,70.50973869162026,1
18.635680045615857,22.52909717800059,24.296946354518795,40.100659331755935,0.028177900127003504,3.7133844899773107,15.8714890822269,71.97441635644086,0
23.77756330854223,28.98526459786414,33.46786914794214,24.936186358376425,0.034989462606098885,2.067800020714004,12.409748434802268,51.70156943081147,1
67.88144466650056,39.23073546920188,37.65450964542161,9.505919941215943,0.0709045259891609,1.9167683564085594,22.048202491213427,52.7486808188149,1
40.21340992791441,32.147212421472354,23.88314000899362,24.8331651203659,0.024888345593590405,1.542384317425624,29.54367567557951,100.0,0
19.186989236981923,30.718034169816153,30.000235628093495,33.210038966049034,0.02006965370725783,2.4463930150472137,21.929490592125156,70.40018924782005,0
21.090060863932788,36.50316062635182,35.89337224444799,32.0404916653297,0.0876881734382801,2.020151201502515,35.7677021817081,71.83072540222061,0
36.27089468528441,33.72884050482867,30.03456785689611,45.98414979164819,0.09478826869051298,1.9422216064597748,9.73235894064696,60.52433822690072,1
84.31673132530301,41.98638575927538,56.32194602736243,19.472321374300694,0.013248169642927951,5.709258741992619,10.192895204828607,95.32882891747076,1
21.618383062306126,16.15049346731996,19.75120799813174,28.467201202649722,0.018892873225746707,3.9259004914803213,12.6413146103076,61.32139771027353,1
18.709607033361326,36.72342121510893,44.12476423116699,21.004307214215782,0.08718172514413614,5.608119410553518,18.727468171775435,26.94970608996425,0
25.885999260245736,32.99086691212018,40.048025270038366,12.57807105812777,0.004136930149593529,5.6820570318438515,11.8384657483005,61.671699744419676,1
26.004606983529772,50.00362085235817,39.8905512649091,36.85527372305955,0.019714893255399046,3.085485564103002,13.490023474169845,65.97972522783921,1
31.79043501015949,25.372913578984342,23.227493000775763,32.6326956914752,0.02974208429067378,5.204469653032938,21.72290114356373,68.8068329370142,0
23.837172891517103,15.49262264873242,20.05100649635881,30.83678449698853,0.010355613044592156,2.495379906974371,10.564968701317092,66.78225963713469,0
56.87612177730957,44.71210320589685,33.74110288862666,32.26790193258645,0.009917315295920241,2.9590662310221427,11.200823922179389,66.70150510081776,0
11.574964784937208,35.201514900870585,19.79467570477813,21.1452714731158,0.02765726839245347,3.5252375747946507,15.608767482059568,56.19217706143692,1
34.399776823146006,25.07563631816044,22.002531120869854,17.943049126818067,0.07022734137274321,1.5812615249070643,16.173341574964073,67.41027536274873,0
35.38309224309594,20.009974286423475,16.144177591660252,28.376473721693603,0.09170193235485663,3.923723208203283,24.060094303327894,47.394477143080465,0
12.541979710161902,47.25526426336719,49.66910573076861,39.61211402411614,0.19372454291312546,3.6058197077903675,12.596161512131276,38.14445153487425,1
34.15179788185355,49.26387358834585,44.65324857444409,44.08077135453547,0.003843190998065824,2.504978768472412,13.678320095274614,73.30119192516528,0
36.05405523154264,10.533540697670103,30.501209069991724,35.95432706807433,0.012210839597944369,1.7791639746782015,21.49002069767404,73.93183416028339,1
1.1302354929763399,25.587305031381444,34.94557762488816,28.291744267680958,0.07065858561448812,2.107702633947506,22.808365942700295,78.41705579940523,1
10.575014576837175,48.22817273436457,40.62701008041913,30.697839293999362,0.03889155860674051,6.4563408842204275,26.57234680275953,63.28152325980586,1
71.6803850563438,35.9914321806729,46.082015529302254,28.115938593253713,0.019851026256010335,11.71139241457038,20.814722129188524,61.43166881465582,1
15.341451902830585,27.39509544515806,26.071936932209326,17.740566603005718,0.011507757589655894,2.1867364622739363,18.78218435977096,38.973588152596626,1
8.461778992781012,28.44167357262347,32.23002667198575,28.24647378210543,0.016458377660020958,2.302530107626124,21.450230440476926,53.33941465920321,1
3.660364445597727,19.340084929158067,33.71250459425621,14.651731824115068,0.028043611998372964,2.1793990761380284,16.395523164668713,72.06986904998234,0
9.66770451909523,14.402398235583842,15.191285439384504,26.759227738969603,0.009749141849664498,4.232022439679811,16.351394433747128,88.55527445495288,0
23.050076879311806,43.98298463924426,62.3659050248381,44.36105110596319,0.1665266336511544,3.5877345503721707,7.355338126327478,70.42129656743506,0
7.863504235751114,12.750156572885912,25.328588731375053,36.228592227833516,0.0056913933914864625,6.422846561750102,23.360495740136002,48.36885249210855,0
40.58727930371568,38.560806416644915,36.56023817126271,18.7688081576347,0.2119480624790523,4.029342972651533,19.26875367031048,59.91864682316709,1
12.337147367787681,40.71636703274465,46.34157106649724,27.27570930357717,0.09222425344397424,6.865614067065233,22.662235598209833,54.73684061259277,1
31.969805708898775,20.283207867323235,35.43292581101109,19.65623688245262,0.027508790782921497,3.3865631350711785,1.1051370331362342,65.30413211830759,0
64.94018730755013,30.4983440701818,32.50396178324439,27.3748623182279,0.0673183745577419,3.9719550765451705,17.717389752638724,94.80146883643309,1
62.2518017685131,51.46956214919286,41.62886036446148,38.41107816524563,0.05566324230402745,4.013761000634819,12.864710961734204,95.43400210605435,1
31.567249034899344,40.0640045575053,23.99241357541829,34.530079383099036,0.011994583438194262,4.757648238109912,27.0081750289214,68.72961138535658,1
9.061342428346407,25.18634429546309,25.622811495385427,52.84144080745336,0.02070537375946051,4.8952215724279595,21.685301492902973,69.55832013737324,0
24.31263822482838,45.66938576733597,42.40543603620607,39.92477402507571,0.035987142828927635,3.902458538341284,19.40541246486336,57.899159251863686,0
32.33298392033364,46.915304822593065,42.31726464138032,30.040003810776916,0.050784035873548995,4.1179687821663205,15.408402183953854,45.81797011876113,0
111.99327269838489,49.48951783491481,49.565133133998614,34.77149974133293,0.03914210571965049,7.577170563434346,20.38324986078988,100.0,1
3.6153867146838987,21.54070572846596,27.652273825599785,25.975568258166643,0.03202654687836156,6.6973226547357125,12.430886223731374,30.885771584033687,1
24.38008436892239,29.522525620620407,20.710718140801234,16.72495752913504,0.02927317289287386,3.218311506902042,17.401647913885405,42.338412108816186,1
39.56863301798841,38.799162392252164,43.973508403106294,41.05776578287521,0.03448410945860967,2.2142444179877696,14.52981967807548,99.85981443099237,0
27.459942663111384,32.233043107991826,44.381932012652854,38.08991476931648,0.028489122675750645,2.439644433417832,31.59893792989015,70.74121960267897,0
29.784272706689574,43.85721268835195,44.72884165819062,25.589457854060356,0.03897122254039927,6.139489277785961,26.819686537145042,54.06813093501728,0
13.02228476403225,16.655601913511475,25.35317139854466,30.73935736931338,0.10945625788943919,1.444696212689978,24.378284903896983,77.84501141914612,1
48.53039095806025,22.33692335304665,37.28985775623129,40.409391873848065,0.05009642260011848,2.344866776593434,9.058133867075053,86.30187778230172,0
26.013814129880895,35.710783234306454,61.71559711778829,36.4635142620602,0.06411850131174388,3.609929837088132,23.18494267370432,50.21247814876001,0
29.7035612303376,29.540090046481595,32.737254534116445,13.368987487503013,0.045500913961349476,3.470618383968815,19.126000050851626,62.948031599023906,1
52.10845746234545,31.54578247237441,22.124419450988768,30.436200214898243,0.0515034514500306,2.825251745347152,25.340760837096873,88.56537944805491,0
19.670431393743332,15.269997517317528,21.417718610509795,26.32368474511636,0.043178964305161376,1.754226441992713,19.934370570761637,56.6805000831913,0
59.98478841808927,39.19317671069521,40.68107868671049,39.13000699138681,0.0013617012247162973,2.499460549299046,17.959694003770178,81.22941376282533,0
7.589037717320983,30.61080457759049,19.405887343851695,38.310427387826614,0.3910004833954609,3.8626551325184786,19.402705778019353,87.8899903389583,1
30.97876283650044,41.18160424499247,37.82786629729354,41.18607828178045,0.0017093506662937325,7.372214370993447,7.1662002502647315,35.30848009418332,1
12.301226578260165,32.534245317948745,36.05639132970656,16.821056612797925,0.02513857462947392,1.9113215892928828,13.395580366993215,62.3415205257206,1
9.515104843193047,30.10122494407399,44.321463896130815,20.15888465943761,0.005553040927836629,2.501922134823981,20.24001323221963,70.82756094715096,0
83.67440084970352,54.321166495358895,52.21002544657796,39.14082436135439,0.005097674665600406,4.665862205403801,24.836330150439494,54.85413938078959,1
8.009108319553553,18.076693213447538,34.14735561939318,22.083541846575542,0.07887926958412679,4.971158709870312,14.69704130212729,58.65765081012369,0
26.405364095840557,39.32469680285184,18.4284466370245,12.785670190856926,0.027749829338371192,4.0540706441189505,17.755158720816397,85.94855248129532,0
7.385798474968096,14.396398123291727,33.126984273700096,33.32596487614065,0.08075738619603025,4.20001865258889,8.394045331947659,55.91243246383527,0
57.506938460296375,30.24242196903638,37.741075876096524,22.527815597340272,0.015926756580880434,6.255377509500206,26.75586488012256,54.236491153772896,0
18.085265327973836,20.58621847296294,30.28204240581195,45.897907703084,0.014816823484441969,2.004238620420535,24.682450393398724,85.57953041302869,1
51.921031593389735,45.607580093527645,24.401255028247174,30.961845539884635,0.014466263208571166,1.447051869680932,21.91261571140319,82.05173172163444,1
38.618440969373346,35.13866380945206,27.841274250284343,29.602592866416657,0.0478746016879822,3.302974050211273,20.440837125785343,71.69084382130535,0
101.40426295249479,45.07560699694445,28.695660642505253,24.30756108384243,0.08436980778886798,4.889828799100654,27.315294390880783,83.80497518387862,0
5.9009877314358,19.81781828242086,11.80705979691162,43.908353339269716,0.030097820062835706,2.335109203106575,13.169934052111698,81.60443461286128,0
10.49106116348353,28.576724215193636,31.407368474759096,31.58554459889821,0.0238412533734364,8.16390734799277,12.521030662040047,71.51613710783515,1
50.01424741352505,29.867484078937643,25.56441666003282,23.915004818437936,0.18168085532560602,4.453225968640904,24.369118717538573,84.68703167673314,1
32.090731324843595,38.6481598472687,56.46170858105877,20.05916293394553,0.006207578112709371,5.236316688811222,23.965880290248748,61.029650342862446,0
20.848603039783043,23.21637910265132,27.936376125557253,27.26526945435782,0.033338183531264824,1.5211171160335646,10.839026483465087,40.40939547585543,0
89.40942884317457,56.709357978526945,53.03376843833846,18.223531628451944,0.026253644554872516,2.8796888581452817,14.811840710538803,92.21059127176174,0
25.01322506359967,16.996179263299005,14.245679507773806,38.28877441678944,0.005164055987644154,3.785008652633033,28.134558786464336,86.51656383771267,0
12.73496653703381,23.845046655989456,25.297301974356827,9.91657945975766,0.015612426059418953,1.706751859592835,20.470003969295423,64.17856379231951,0
52.351089359051244,54.62466850351865,42.625050409681975,26.604859716669292,0.001442674999107712,2.1897706775331907,22.722969108109034,88.78656662871295,1
25.664744260197534,29.498324159409286,24.534098074902353,34.10133545087935,0.1047599679181867,6.059572091240514,11.04572074482386,65.10475695438575,0
27.21933492428047,20.934113594597953,24.99603995940123,31.421194201096572,0.046805482911434326,5.679048851170925,21.93986714722307,69.08337956507901,0
40.96046981846103,38.334786098145834,33.590307189310025,20.82717026984331,0.0843749723695418,2.172554229092083,9.482750725374718,99.47852578950129,1
42.0952735818243,31.560368615128223,30.752883562492134,34.60258706706549,0.03686064363449983,4.567775596299477,6.121071806395889,69.0462539107684,1
10.356773853893712,23.194813521900997,44.11887399304317,19.139606116140925,0.04575330278255226,2.3042814599431845,22.36094376108521,61.812813882477826,0
19.89120732591764,22.024972990900473,31.835799479812273,27.7761534350319,0.06034125638496286,2.262897701605049,26.606671017806935,40.928548617073815,1
6.7249291413160925,58.69247542745685,47.31307467451317,34.518415719803556,0.11930465477005059,4.320215024641987,16.477283545504992,76.6960832279781,1
32.44275509956547,32.35089426309346,37.257595899997945,32.62912779493113,0.004811884320702873,4.743781157500523,14.72069590887325,60.84093053809849,0
82.69894757453687,23.14916853285176,34.1606784318376,21.24960988580532,0.020094704195758643,1.728941197926118,28.265091937478225,83.74816468009777,1
10.77013382255533,46.552617663438646,37.957951194376534,39.97494516564363,0.06172610091333021,2.687567022163832,16.831299785312353,62.42844045302029,1
5.444682443752314,36.92741141766856,32.20499359523666,28.86694571485534,0.15892337139505247,2.0927261339049035,17.605387658656444,59.40204575637132,0
14.639625230289187,24.5312794743455,31.14704026588442,35.42995410939152,0.19766159876674183,14.975826126244765,28.163743358642012,66.16198269813319,0
20.70321579152307,23.774291481867042,38.7641481840546,43.291010066732476,0.05081978316388987,4.161494458736485,15.87849112183074,68.52785806491349,0
42.357512665781755,43.088354861449574,46.2452474520709,39.17520548774607,0.010758674698101846,3.352908378399908,14.075834343930804,91.11268842768473,1
18.99116180544159,30.379490995921692,30.228608592861388,39.20129406331044,0.006346740551698627,1.6687650418786601,22.893049344822526,91.60141021147702,1
32.872737211474565,15.671132397270174,32.41120251625296,29.92679929849472,0.14597898933125095,3.446503904008639,13.728863073725304,81.33527397891874,1
16.55885258651899,50.356227534024534,38.58581370929247,35.9393512091051,0.028451672590291133,3.982068205463423,17.13239077126691,87.38510921936664,1
21.628605475753872,28.90438619920351,31.83271887516336,30.135965745643162,0.010834224878206757,4.981692116142924,10.085048389726804,82.1379331563515,1
12.354103216537803,46.808832847304934,34.935346086488394,15.906755322215865,0.13582366563895742,2.427743069590959,19.112382530259076,74.89003217234486,0
9.037086132960457,44.139912499601216,36.20280388859062,31.027437925050425,0.005520008088655081,9.782349278917872,18.40858492321856,88.63456125599376,1
43.43122125392513,26.50458774326063,41.33247565370169,30.563609837384654,0.06538730251021117,3.224353608920212,23.80812164833886,54.05912478690517,1
17.546151780200912,42.96382141066161,37.92489774297853,33.837293615218194,0.04907654529473862,2.598038951280653,23.143539219970386,58.242297337301636,0
34.63998995141364,28.681572994075236,32.55488926604863,26.72003024786605,0.0045912196521631955,2.484544697734629,21.309108050817493,59.61447508744133,0
12.17759251664674,13.159633009457593,13.68611096971937,20.385444432361492,0.020681073723603435,2.1505198626313247,20.365534156686078,62.91469975373747,0
25.139268225048102,29.52490857353579,29.33601216835248,34.56506083175227,0.008121869555224277,6.986589940197327,17.560475317485952,80.31635901627405,0
2.4536709988585748,34.34442566759158,31.8072510370788,14.86727712747752,0.04638004665391304,4.247612291938186,21.657335813974818,48.76418241697049,0
18.655926799300577,28.17102253993171,24.63526113242544,42.58819135856469,0.0324194980014526,2.953047760879886,11.326006957986078,76.2731733120267,0
13.385242085065189,28.937302903508765,31.748244455032015,25.685819387950076,0.00021421445673811283,1.9428216157315485,3.9062035688741457,58.87113464094947,0
55.94049187508546,49.82673423054895,36.49723537039834,30.455281720561683,0.1858856924849182,2.14837858462175,24.97150602727736,70.98213757721295,1
7.696186622364316,32.21936779625557,33.52771396045088,33.58558153281572,0.021507205999809712,3.071487076855595,22.044962773487484,69.54547227598071,1
22.347136356860332,24.91908734067952,30.939659014823285,33.90688044844191,0.014934076790296805,4.156107239971279,17.23808139432051,94.68814935729456,0
32.14891580669113,41.842640607676934,29.09102138048962,13.910157000482652,0.012579913443326877,4.235253609582729,24.447351650675916,60.74457737752632,1
50.70376412113243,39.582320287712314,32.64331385521941,36.24086580544264,0.008647236617627603,2.144311285486693,13.611015498320835,73.93935192182495,1
45.982628389887275,11.681346243862661,25.291532759631735,31.031538283762735,0.3527592093275638,1.4755188211843908,13.767044807501097,58.02314729402162,0
23.768117138784923,37.848746708532225,44.613894132666694,21.647386154413912,0.017485638090849465,3.2012086162080533,12.935173657834996,58.92440768258616,1
26.437920552314207,37.88397516000815,37.20734344636919,20.50333049054086,0.02600286332990742,6.866652041380044,21.405731850695307,53.97746258659572,1
55.906453302543575,38.58717929119014,30.139390277136634,24.659469179431547,0.10253528639636694,3.08350018320688,8.502251536711483,79.8530669800073,0
23.413599664002533,42.429045760296134,40.16365637806928,15.012583133895081,0.051345405301472635,2.7798012339132625,13.398230359307753,76.06235147513219,0
28.622522810888757,27.569442578368292,44.6881681459214,45.22267390987025,0.022998262083406308,3.0164611131985577,19.73829013941681,81.03024476303516,1
57.15774386608574,41.93865946812187,44.1091155679609,42.86151325143344,0.11430038104811212,2.4887834821269497,10.775093544464333,65.12680310962203,0
110.61147799594112,30.922127987717637,36.749063438572016,32.517002009759395,0.06925958890212369,3.1194119064830765,14.038137566032887,94.7414417773636,1
30.485869630504055,38.64378427856393,41.26223511528414,25.76601583657909,0.012932093050993427,5.197427432364174,4.7305945373126175,72.79367509982107,1
36.8161101763296,55.0530134818484,53.540837724168405,26.028920120626047,0.05160458277626676,9.596307274608483,21.634839896409225,71.496934576496,1
45.03434988335697,26.806588957828133,39.32764993527253,35.58065706173968,0.12780842500390838,3.3590670555079627,13.872988839946327,55.38552756405575,1
56.78818373666633,30.9202062406222,36.902165545190144,45.578268995019506,0.03430469353186026,2.211067621890911,11.404312499153075,78.65643923710499,0
51.57471157051325,30.636052306661462,40.80355867938526,22.29603260403257,0.0661401449287825,4.3375720336608,10.22986364424855,78.08929161277013,1
15.482224197677187,33.62231588766753,24.795717584954527,16.824139573766757,0.17720216210269737,4.067456943766291,15.490718926769402,69.62237150766894,0
32.009889835948414,24.17112074685508,17.650326280019783,43.47640773595271,0.05862599065179135,1.031316419291669,8.519066478651363,77.40273932634783,0
51.819993602726946,41.985472827318844,38.05097833607818,10.128614124155487,0.005403692435726377,5.698644809171261,29.654278062892004,85.78293360658685,1
64.99931418113417,48.21829658186177,39.83676430994902,17.914691917473537,0.01402271617904691,5.527795862594225,3.691532296986086,61.52951320186104,1
22.37898411366115,38.70031975158701,31.128847472528744,25.531421074891473,0.04520531785626783,2.8358108620723295,15.296285101281061,66.22535552630696,1
31.44254757004261,17.03222787912567,33.41971251027194,12.39566532194969,0.01611752800199619,3.3148681915247113,18.64144157574753,79.02502353747218,0
34.14400052482534,45.073276730309864,23.12640200051406,39.121490628065985,0.15796164940594593,3.6557118995281472,13.347725975180673,67.80287779184003,0
25.77169556730073,43.23942847763191,33.01759334259033,36.569052705051,0.025989285117573754,3.9095265892843467,19.272790423758693,84.54569246938783,1
30.84610088165273,42.92852885571095,33.29176718326346,22.25206772784683,0.03055351845232461,1.6979368063930602,13.202390550323031,72.52189762671902,0
155.06897315881864,56.988768460381046,29.705093103356745,40.79614119177748,0.06046637131638341,1.7464638522716054,27.180566782038895,66.68995501491047,0
21.648301912296574,35.449138428895814,46.13750342971276,42.49292428403826,0.03714311040508109,2.66175946635554,11.28673791534134,81.92109417042471,0
22.99681315542167,43.77341595457722,26.6357562325243,26.868293517099364,0.02407515208994532,4.150307034936384,3.892656351910084,67.84281422825438,1
4.804066993267759,49.95574492502472,35.275577511548406,23.493318224319925,0.003986689340597999,2.9237143272533217,10.20900089728007,39.415150901774254,1
3.9095399022327495,21.056026351686416,35.68624860311564,50.596020277424785,0.045372197701904274,3.361438718176138,20.318968648882276,61.99756007614458,0
35.909121218010846,46.16762214064934,43.63541160368959,35.21161822084155,0.10108884110168398,5.14462913743184,17.292453722706814,53.15635856438298,1
51.964926816319824,36.93256804237345,25.90762964507141,30.563246529688534,0.05788030121065016,2.1293911602951345,22.5127974478927,86.68995464717625,1
45.56813845426458,35.53849024785368,39.675309773226566,41.63545946639613,0.024022500967591374,4.747495676854812,21.0104677002658,73.57601298866044,0
12.147136212246496,16.45676352801659,28.90098124047241,31.019306350030213,0.006832587916615545,2.6129146519059745,14.182317901648776,53.57324677042281,0
43.720158703268126,33.71012971033627,52.14833638102625,22.943794140808116,0.0847329592411212,3.554412875032087,15.065499037226719,85.90675259509652,0
22.710081002670933,23.43386257071649,32.60506835683303,28.801597604875536,0.1421491535364543,2.440295623392117,15.688027346080645,76.41990119047792,1
18.4884528444232,28.13472363160402,30.123954884093354,38.38654287319735,0.024573457968913512,8.20786126212841,29.306076500979916,65.16121951350426,1
6.927146369978449,20.05720811771527,21.170867590130726,8.078144336507865,0.0652158496932099,4.015129453766103,22.144933888124218,47.70146768095028,0
13.557023914735097,27.5444697140802,25.06384094998751,25.11969260560779,0.02644637729478441,1.2939973812452252,29.35012139507103,55.07429787989812,0
36.51416159629817,31.416020669210695,25.960255503939017,41.83057398581605,0.03488456837300435,7.610542025381308,23.044676234050883,59.44096367366905,0
31.760987755386388,35.731697347695956,45.26146945037376,22.881315989064824,0.09053989190083045,5.250294868611,17.61849963047069,82.54965560004311,1
28.397727293747227,18.112160471148773,27.388623508591273,43.4610856043141,0.004355533216531112,1.6925281281661868,11.883831078086011,45.466086174086044,0
2.0990263931570485,15.859672481520324,30.86584598440597,42.14743819359813,0.03778681735014357,1.70211072102814,19.20911802689246,64.71128303018517,1
28.617901844828705,37.91182798402957,47.27871199345893,27.344708845110485,0.012079397581210904,3.1008352894205213,17.634784966702618,66.96931450738444,0
15.283552019260181,24.318151632188037,10.859547515215496,22.314606951109994,0.020761073260076937,2.5002754617352667,17.438116287970715,83.58979567048328,1
31.93002130905333,45.53480109865731,48.444910557065924,25.126411258503655,0.05170149189009298,4.339320348723313,16.7454055386045,74.87705262694047,1
57.95550495536663,40.94602296345546,36.82158447964886,54.64614492001434,0.001380298747875037,2.486593021097484,5.685223754542665,84.61925526822836,0
17.28594250884871,38.66051287839138,38.94459212448011,46.74424446933244,0.04504857107187924,3.1272377725063016,25.565038899207934,60.57678844581946,0
27.05704425492024,48.165479842446985,32.63896616299279,29.253909718067383,0.016664821005221257,2.1081839132229465,17.697279064696097,51.946436038405125,0
89.05954003612038,40.26182288735233,30.063733967352785,21.918464483795905,0.055355065050795474,1.6069919429093633,9.514481303828148,77.9297683690767,1
30.764843893251435,28.869859529824957,35.45871093043388,29.17041035581263,0.007633168183119848,3.228290512831806,20.89057625444187,82.81040456754677,1
24.571046429115032,42.40268282035539,56.03785553079392,30.438269266167648,0.06655464042172234,3.6542219222366286,12.86498298836083,81.53756875309954,0
12.329747682430302,36.9445977916614,42.80434561918377,15.56641262390646,0.051872057130642135,3.7058466038223843,21.372843737824695,61.007135969750614,1
44.571825702814316,34.81247075720914,44.04917167423198,28.8004126921526,0.17744167391765814,8.058879589819822,23.289938763074765,61.003208070834496,1
10.469506389801085,45.48500562802958,36.65799208912048,41.2240432481173,0.12108834715948194,2.1423987166474894,24.11781894401591,51.24371440435242,1
59.69109968006358,36.83122185361023,29.93085494475907,10.006433187835267,0.016655096548340294,1.5004706384183515,17.03449964007108,74.8888208951143,1
40.207444103833915,36.358852991132906,28.297101583821217,36.26583965137248,0.0013848303555437846,1.5748432923448432,15.517333631888897,75.08975639655678,1
15.748598156281803,32.574516231784855,29.12361669514044,41.747979700547795,0.05326398630300542,2.698609078196011,14.246769838411979,90.24759232589274,1
12.70842245911222,22.56032441988212,12.601870302588646,22.39442654905632,0.046176769180866134,3.0847949484723665,13.66466346923702,69.39164585610555,0
12.985472622601872,32.72367478825419,27.29011517216886,44.941757581910565,0.0013905980343740492,3.1031464098011945,17.896619614734497,76.80358443162744,0
3.9962112702294763,44.567033464519334,33.34398813732899,21.096629375516546,0.006544032829581702,3.0331757532892976,16.743941625649562,54.09222243548261,0
35.28825962228367,39.74292209710431,34.494303443682995,32.410826618604034,0.043937911635124054,2.59851258061565,13.048177105067005,72.6831669983936,1
2.49881412475778,30.68545638270298,33.32818343105953,24.932273153363695,0.12142287399474985,2.408461670609718,11.137291477182572,67.60093965800455,1
23.370033145222553,31.887832160126692,35.65473981305556,24.930036428373963,0.1184898400027255,2.7268642501698577,17.347463446448504,67.56604871137884,0
22.200576310560294,36.63875673064756,34.53609971271534,21.827009302419544,0.008213379028515757,3.618424068613315,15.394814292337017,69.11283330906316,1
19.192202133829124,40.37649660496622,31.49905395124443,34.9857548086202,0.024272024047863577,1.9422070090744734,11.151798160308806,70.73171744106742,1
35.11377244705503,41.35945417595578,20.836912524258146,36.48805457731449,0.0022081944734681238,3.993076977158668,22.983426080528446,79.23830668582573,1
15.78233267346736,29.048701282800316,27.017011645905782,27.355778004228114,0.03167526702757436,3.0633748756850556,28.63255650495149,85.6932371858999,1
28.672737929771575,37.54872663056688,27.239885550730712,14.400317863277259,0.0699352446433395,1.9891058074928711,23.77552928390535,36.75133071135867,1
59.683147158308344,43.75186948522904,41.22928178032045,32.0317016663439,0.0780258905414431,3.452375626862376,13.678871929943735,93.64269214374198,1
38.155672795158445,25.651401044003983,37.53485959115115,32.220143594106936,0.0345564076680475,8.458490519687972,17.69862189246038,46.969012814262044,0
17.8338807350043,34.357387522087585,41.25152354531455,25.832849886135726,0.005039088191749021,2.1039849642521786,27.242573710124766,73.19821846255215,0
25.15290981757039,12.15989760961194,30.919580932867337,46.67231287180809,0.024011909219010474,1.991073107432832,10.95780214333504,100.0,0
19.20982592128949,37.70681098640527,34.0145185109422,12.36070735099346,0.13448740552179692,2.8905185464852914,22.69557076011135,68.20386085787118,0
21.950782890424517,39.89604797919049,31.782774667869024,5.827162897464319,0.01304308586663246,3.6237917464992693,9.31150075113606,72.09044366930452,0
29.33619374599072,41.8758903197632,30.773534098568753,20.691651003023292,0.019265072146224357,2.015770523161053,28.104225764587973,66.21334304039112,0
6.599166321582811,27.039406426541746,18.755771237802694,35.104245340914495,0.06868414612626932,6.296829166712245,15.418112851494062,76.32876847329061,1
5.051687462228723,33.84822146957466,41.47411819189273,17.44155362566159,0.06613421145622271,4.1313486505829164,31.374262347142878,71.44346578204187,0
11.390362046539456,45.94809276239259,36.98154880151724,18.190290814739246,0.1216359919095051,6.04725520911135,28.36838279185098,57.13736373762182,1
36.32340663702373,49.58620747846615,29.86376064241947,37.510213361781545,0.024560847718200402,2.292108171862513,17.361416942511674,70.54938549963244,1
39.94942724803094,35.700687094939035,27.668343832293736,32.62547922797749,0.03613896783371632,4.9150619290921735,13.683567761337535,56.213337892948,1
44.217393406757985,38.025805318309295,28.2745344758633,31.770609096283998,0.03149852255141,2.364062098011523,19.168652831345483,72.05935736286688,0
11.811544139357078,42.88084306824789,37.49653310742017,35.81428919465528,0.13138265005973723,2.4575423549705393,16.91904620012062,61.071726024120366,0
26.939477176667978,19.03290142387845,36.15290337811687,23.748070467271155,0.0733384856972131,6.660664196913752,15.590598218486443,72.43600970919434,0
18.295379771643248,29.513549538976243,29.02150341882583,24.210159259418088,0.08902370342971033,1.6445782535686277,8.051320472530218,58.01036749719956,0
22.679728407320265,46.75766381646561,20.68279740831705,36.09779272561425,0.007141482607132765,6.759649801201833,14.912678498072479,66.31947033017106,1
18.028063889946846,42.45621500033968,35.469043318864514,14.551132192188005,0.07847402086264539,3.000332753836518,11.337125269462561,68.73720440581153,1
30.58587279316515,38.28051869547382,34.06265627741196,6.572801536014538,0.028367926316078047,11.522579974450661,21.30988623855142,72.29344002798288,1
14.139052291305202,17.062533790389576,25.025651668671657,23.667158263721454,0.0011807671477569043,2.802578563402096,23.94642789958455,71.94206619384867,0
55.24709913788194,37.78796254027067,30.095495684302655,37.30873289065691,0.0030984700207864328,4.3381843739665715,22.44410402354158,73.43690484836159,0
55.58200861844518,32.43814733026745,34.714771577913716,30.555596989868032,0.05664589364275882,1.7499308477979356,20.054250537765043,64.31599683971359,0
35.516969978165164,38.637934524896906,35.98430273115078,36.572915041230154,0.0232617461726082,3.1722210213534243,12.882557597154591,73.33449308537669,1
50.90976114248328,29.542997323423688,31.6185564163563,7.837056895768349,0.10129146473205096,4.2555817441757124,19.23240463561146,72.49908484456022,1
6.328573834906314,20.692052125489873,31.577951741739675,31.154968083234916,0.06626431584112565,4.633019786972648,22.756590861866258,81.63539939858941,0
57.44182784464685,17.96762139986061,23.748385974761415,34.53864504642378,0.0010959238013264721,1.5314852296505583,14.48258655360162,93.74948808258476,1
33.098855794411996,47.182875218928814,34.9804647299663,14.492025773893154,0.05805976604481059,2.834932284576272,18.713918528370037,51.03856462732708,1
14.890879524445241,28.235926814236212,42.33535704237768,36.62057590546545,0.010681477213279186,3.2030246160894627,17.12723046438046,77.2354941311553,0
13.620114245890658,33.61447497390894,37.920633267287066,26.88481103494207,0.02745949114594586,2.1148597893001284,27.97420001766291,79.99018526552675,1
70.88660408036212,40.610609447312505,42.8598122664674,58.71336701606002,0.04900616872652357,3.313534100950453,23.10928881158715,58.98985137811033,1
44.71290793301052,26.032596860346583,40.22187542681118,6.227639311032643,0.10306744674087305,5.30218748610681,21.654957670490347,82.63467387029281,1
22.207370909150907,20.740456521890703,32.50373605375468,41.69114367674751,0.030449299510731356,2.3390531504392653,7.6998375962073915,82.8807979483247,0
6.250037731700669,20.884354399782747,35.78085119300247,24.058419034739263,0.08264088120189537,2.9223342683738522,19.0370239606055,52.005307978161284,1
59.43392528900766,31.68340440505722,20.038600465460807,11.828482855599564,0.07638498510089398,7.488199695662229,17.06991942645258,73.34166071098596,1
9.104957733607788,35.03180613017922,35.6459534280399,22.73044856435008,0.02676774379106603,1.8467409967576331,17.018057336580764,69.61579058402488,1
18.568967994467812,24.82816856396406,28.469519731071003,30.77479241337466,0.03475547156906302,3.2141092935204183,8.619519163550157,77.27066450038272,0
22.18307003343061,50.79236682096081,53.7384194555828,38.37466669565043,0.060279540638096846,5.407675953863514,11.473388266214583,54.61002284997207,1
13.437491785294965,42.28713412672575,44.336017905116705,45.219642881321754,0.0015821931077655298,5.078400775612393,17.591895072565304,85.04259882429318,0
21.403959011170826,41.29418934833271,31.474114212987644,42.21893088704343,0.11073393715526257,4.090831395426703,24.686134669142767,38.84056985125012,0
24.86382245143205,32.532984342983305,35.99554700542697,18.346179792955056,0.07344384912709288,4.392329620842309,14.45685258096346,89.8289477241689,0
21.052862640236107,48.30073675324025,40.661745368890024,39.30164692266117,0.014345177539077106,2.1547384670218404,15.600367637374395,77.464584544896,1
31.71208707725188,32.576756750376546,36.66535416536845,31.91284957120874,0.19864163287629769,3.3609934321738724,28.686551971717247,62.01584474830832,1
72.64025549850993,40.58342418323403,28.082629918296398,21.45396979071012,0.009885387125544414,4.459562313259994,16.219065664992982,92.49413874030819,1
6.5857931377861885,32.687614368160624,35.95517746917005,25.88089406522519,0.12272081623533429,1.995334420600921,17.227262856878514,50.6001729735253,1
28.181170178741,41.245405932244594,34.67295157859196,20.90157340555276,0.01961314152280505,1.7578938014146708,17.308531307689556,72.36027485165633,0
9.201969943708455,37.74937628158612,37.35934862507925,28.37092341936456,0.0720157179876873,5.238034984227584,9.926969121572938,70.41796709587062,1
5.919640426805481,26.136693279574793,24.65959599085256,20.7034211770588,0.030474926942676825,3.7246148008982027,21.43078874049069,69.72595029474631,0
48.278601686777144,31.911853058757035,28.084235852330018,17.72005926782561,0.06667890759330185,2.466970676396337,14.082743288493967,62.05995698062523,0
30.00719782894174,40.900109245862105,45.75077986127846,32.79119127782772,0.008467288260694749,7.927618694192094,17.81957629776157,63.56028198042469,1
5.515795228085278,37.97973512312512,26.779513582528757,34.28730548259637,0.01570174444398615,4.248962470558451,20.666237786506784,68.0043320378793,1
21.38841786531142,29.274751431567985,23.887865364290807,26.12402999908388,0.005260127766267806,8.069759700480482,29.655345534212355,58.376527428563605,0
11.418702859845913,15.840924732192347,25.923719835152315,41.67651303935972,0.10017737994297822,6.5952371208751925,10.093379732722541,71.35553248611829,0
21.990069861894963,31.225349519201796,26.315016806193082,25.39569413504887,0.01756965926291148,2.6285853701215998,23.189893110397342,60.18612444898031,0
40.96051902713125,42.379335842328274,29.87150527882892,24.972254548744615,0.05928638473070039,4.3041951261268645,23.212339537043807,88.19210419658489,0
38.06347627981361,53.76368990616985,42.3460837321343,34.60488982345697,0.08580140300607214,4.329734756117853,14.17071136332436,96.05296951452675,1
18.134887459967505,20.740653495588504,16.255734543005765,26.675744150566633,0.11584344938084355,4.149520030528229,21.59702308831189,64.16501487213462,1
49.84529005647011,33.21108098016478,25.22073451275681,28.847977290261433,0.005619095139808544,4.36043729105197,27.86061690775135,88.7729394258456,0
62.85705306779106,35.53452234491489,50.64657360135511,5.0,0.11175330098994207,2.8649856688085293,13.410172744725347,74.38684248990921,1
41.438502331461386,49.77382874403422,43.58533196936576,28.16707384737975,0.010985770314361305,2.711722418656385,19.44881878281093,59.24123251517213,1
15.703134467760542,32.006055165577756,26.829915248071813,9.728040625287399,0.06676143683464164,1.9592569995054252,20.42880818363871,61.75486078522467,0
22.565024890764946,24.311488139892084,33.07031588208641,15.790494290011294,0.06525397445613167,5.066499168325221,21.2050731297213,70.79655108949619,1
71.11954293219581,46.254884269047565,43.04059752351206,14.64677461244495,0.00042697498509978684,5.481314978286998,22.61575056429608,52.41954362003309,1
19.2680913420666,28.843828500900525,39.49284676108212,17.57416846466174,0.012463078091210177,3.3423645853206803,18.997828969513044,78.23846969009576,0
38.14895789821477,23.478470951152673,28.374140144807225,22.511461403677473,0.033854687918769444,3.157675213757904,21.080617118088014,73.92010431368841,1
13.274551584905293,23.06344966497429,37.037361488172834,23.135073844545147,0.027239350815336263,5.359895680117955,12.53115809925766,82.66306967901838,1
50.08617928471682,54.85334643693372,25.633766375716107,34.64275204257125,0.12540271295457742,2.03134752908687,18.984020961837345,84.13929916351373,0
11.947822566257473,35.63426560143324,25.803241196767274,30.22387814134697,0.02229411465862585,1.3931250564874664,15.141952405916914,69.18878927070983,1
23.344759172746436,34.57931443043739,35.1426969860666,8.989255711820142,0.1382181045663665,3.0749991000460293,10.621026569075475,64.33142780430734,0
37.19237817391804,33.07991936796724,35.86903600964923,28.832946375468076,0.030756493983550067,6.693700509932982,14.945132703378597,95.28140146032842,1
80.89521592575922,45.05577081005187,30.728050022671614,31.182552465834274,0.1667043693800766,4.662162605328568,19.61673835318835,100.0,1
29.598545159385388,37.242141233932756,36.972216423678375,24.714334837470417,0.0668475622594635,2.761971747329489,20.614783658221157,65.83246795597991,0
20.250772390563892,35.95930414065785,29.392999666765057,27.391140230932976,0.08840251577412911,1.6035784740264918,10.389245274463374,84.68455658365104,1
19.03529544814615,34.00374521999945,31.385825334182456,29.90310125397057,0.0055397007624887265,3.5955527087936208,12.373939699650775,58.205814205149686,1
48.588241435894226,45.97621959843963,46.58867824469594,35.6459959763558,0.044111549485681856,5.926890855506833,22.347937678159326,65.90235898184295,1
35.06798125970702,35.49124064896336,41.46799623469414,12.251200125372653,0.0076983891510737385,4.260342263676352,21.04888855569518,66.21992197946392,0
40.3892329690732,26.278996589834595,22.53511601702774,25.55682961360351,0.01766410687612567,2.2337859976074466,23.322615972278115,83.34808690790989,0
67.79992279972143,34.04575951094953,25.160292108218986,43.08336098057729,0.048850548419666795,1.5213177567107292,26.206982563059363,62.43628514485842,1
26.181705268008905,14.137068855304214,22.36544037769516,42.166613082979566,0.0647725625906409,5.951443095323963,21.227322657543592,93.4858044586653,0
33.29875752918637,55.26298478980188,41.89122350653735,36.5093692777578,0.0019986064343468094,2.74037382960464,15.511154236974768,85.72783536643271,1
18.825313807246673,41.45134299061387,31.31734928764762,33.36824683955676,0.037851627067045146,2.0738129036100132,18.6890967484915,78.68779084288254,0
12.825149580688525,23.62306748581091,37.77436653672171,44.546347484020885,0.04165656580424562,5.274103750985994,27.959382605564294,63.15780992609737,1
15.129981686788199,29.451048759047232,34.559538237287335,47.17848001606666,0.004105425174861863,9.677895996598227,34.58669398671232,80.46831018520876,1
1.4026344803237356,23.841630429984228,32.785333050989124,26.709200119531477,0.034726209830652534,3.7978288960318594,20.778578194454155,21.520083976518773,0
36.92326125996447,50.96396130273584,30.25327388953456,18.3056755671168,0.06256060759039143,3.4733117306031316,21.21332483286784,78.99817270438038,0
34.24229158565632,20.93757209513916,37.713354577125905,25.29707682375505,0.002734810987514976,2.6553194765310204,22.3542502019845,74.25028933207244,0
36.36515300802424,36.59953353939143,12.078462837831045,58.96695513772053,0.07141163566093148,0.6451725114749632,18.14275707491618,43.979797123336425,0
12.07444718800818,30.725888652552747,38.96279907581605,12.306436572748058,0.042951411890386544,2.374026125163503,24.983123414055743,73.50868417858416,0
15.35731152453802,40.571983035771844,43.70328711567491,23.29460860470583,0.08955614607491504,3.941374871097395,24.048271756397106,76.93483819304869,0
14.931191170932756,31.199586398392967,29.020625061133494,13.873088475073686,0.012299027903787074,1.7791690704612226,20.1262586828929,40.180247061673874,0
53.463453249475975,20.437429220867045,38.358253426326215,29.247638628773853,0.08957008192679024,6.223413933722046,16.091880563966306,57.89111938511399,1
28.78647629635814,31.806793098029313,32.217936815576955,15.973089711051324,0.004966767135421594,2.0277631241960337,8.875821675737178,100.0,1
25.96705988164551,24.173436802813576,30.168828347744977,26.91248977166382,0.025861445425677084,2.985167600017774,22.3944812856855,67.3981087847921,1
43.03966225442386,37.25174480372919,37.616928220725406,8.49904839981241,0.011124987400292585,3.3157804439686887,19.277149891356625,88.24232334336058,0
14.974614155308213,46.5879624884995,64.12778428988824,34.1762066508465,0.10438208649184172,5.0587967734938495,13.573393616075393,84.89695169540677,1
32.71157204537599,17.512483364483618,37.76046461045748,40.22345256467975,0.06102540752146007,2.6813334999579137,11.220478410032237,77.45136661900422,0
87.85443973958424,35.175938606938594,39.679425048478784,24.16056377936541,0.0012844465169927798,6.119537995468397,21.96859709629951,97.82950821575602,1
59.24721121387614,33.36015214424645,26.04162496488902,26.64869992924298,0.0004784496370942244,2.4771401737175656,8.39258207029821,45.15611687030446,1
32.35256460679269,31.03657373688679,33.56334809859065,26.365927692686878,0.01721256860315069,4.087137133986133,19.79784712466283,68.01257174614868,1
26.716756616234395,41.4087701334876,30.05851530262395,29.80910675225025,0.007732388500838851,3.5236388728738426,23.06130245501336,24.134370415637967,1
36.140545252706104,33.68563761229204,40.05114182317932,27.618304130335716,0.04975377622234685,2.2517708083146686,21.29935731849974,46.0367040820325,1
64.80504300533138,43.87878370800416,38.67524928908052,35.68116952430694,0.0545019969064104,3.882870313806793,15.655561353849357,69.77079114629207,0
61.75741491112622,33.00588179935117,24.206179282829307,40.33039133450946,0.1423233068954012,2.8104498106705234,10.503753093150515,67.37071639728254,1
72.12874793504149,43.1185556444356,37.89641892512226,19.859287775078172,0.1518693187775676,6.47226546662651,21.52211543877114,80.0469039241455,1
30.004514118109892,42.278653426493634,30.116121612867012,24.906715072257033,0.053778496544317225,5.760997389935183,25.20313855172052,70.69114514957714,0
2.4717580496564913,23.047768210077592,30.428837054731417,37.01619448924745,0.00028456387460500994,1.8487275330498294,14.563599871541754,67.50048805964978,0
83.8078527268267,50.38475910708915,33.28128511191361,13.783309519409677,0.022236128589266813,1.834494192598795,21.041449201757153,84.38221527482553,1
12.799773189803913,32.443693665746274,33.19737853318502,8.292787181544302,0.035989088987156435,2.35782738849731,27.489090712390855,72.55379550700535,1
42.54807601809537,46.83681380753683,44.73848441849549,30.263159528984787,0.03457540188529157,10.863845194222424,20.033082578649662,59.12394504243965,1
2.5428840078362294,28.367233600405697,30.92247750476143,32.96346411070492,0.046233868770846516,1.5897436601181945,15.618719130733275,54.63669201111022,1
25.55513777699523,37.64571721817027,31.931180749889002,20.77699812046408,0.16163794096680445,3.8314902770575023,24.24512124037895,69.55785666597775,1
19.29627259617307,32.48837857264066,34.621561197515966,22.21348945879545,0.10822500690977915,3.6066877483161592,13.574634155053126,68.53911025914076,0
72.23726204127242,39.873466685785075,41.526847640656854,20.398076782591012,0.005765381980528667,4.156528906390147,10.210847909681862,63.218541928810005,0
32.65443703631823,37.48746983770463,26.137521776027768,19.330747606555654,0.015460976800077792,1.799408475246417,22.87392714687588,87.75427812245941,1
25.350520782042896,39.17065280955547,37.75351036146381,34.934958206046,0.08952084377142072,2.401896795071532,15.56302641909862,80.94211431967096,0
35.31477714611388,22.801567452677034,39.66095353321001,16.195015130023613,0.08695083031211898,3.1095397027414924,16.100873915977893,59.16720514877585,1
0.686738710270298,44.43934689471933,42.36499446410146,25.34477138566651,0.016104754926214576,2.3197869989884565,14.238356186693572,62.01185754830377,1
14.678566887565848,13.605154627636894,25.904095024392582,18.946638324851477,0.06557567932342045,1.4502917041378516,15.163095626675497,98.0788081394699,0
16.686579527005904,25.654865831661922,35.37984638625593,13.447110240987845,0.055742781829876686,1.9540113277024909,26.418200565161193,70.7459714729154,0
39.37915235873625,34.964182146161434,37.60564450728603,36.701781747467706,0.032077473297792904,3.5821272009661467,27.974992594702,78.81111979974823,1
10.365500450113124,35.678384758376446,40.300162776629094,22.801747778264613,0.011248194899456332,3.0291463717233937,28.769871816867656,57.93906682305568,0
29.04816550871491,50.118950103721026,23.856127153624858,29.88440080420757,0.10975078234336313,1.8880011279850155,24.540723727065075,66.11295147381786,1
23.499913018149517,14.942072070471353,13.549179758882419,12.919241201989898,0.056637083983161834,1.4365256507067143,20.797627558639427,92.36987239038095,0
15.378650492213254,27.229856289934883,38.93057571183985,20.58060546243524,0.009255848508891199,2.4111075445937993,9.406286448401321,69.7751465078307,0
16.255248303995273,11.169952367606637,12.42574753775113,35.56087880695006,0.06100550647576078,1.681662213468568,16.8748517825979,67.18712637770582,1
23.332626559005366,33.81611372295328,36.73875457493496,53.8727145584531,0.06763016069710028,2.2908846538872374,30.940526931742127,69.78114160084806,1
3.5529795506272914,33.2497827775944,30.483515862779427,8.237839356096885,0.10896542986777223,3.9191372554889132,15.386270527484076,100.0,0
43.45125955537614,52.42564635501895,33.00074457723961,25.98892204710574,0.012605403565021534,1.9146615301896064,27.084866848633652,74.2873644582935,0
12.718873939142656,33.11417869980594,36.04286953710216,32.122805981435,0.2243876071284706,7.724499284002283,18.33021491418327,55.09262429962451,1
20.29892639545183,43.48509025374157,39.002304131229195,21.838998467607162,0.00832595908223747,2.138338671300324,1.9311456848811233,59.22952175486179,0
70.48998861805788,46.41186910809927,55.447488860010736,36.49521986994124,0.04590072231327756,8.518013562949232,21.842913382013776,90.80933775943313,1
43.972294141758475,32.24336215121209,27.89885522419772,19.33267329339687,0.05352697784492373,4.978001410881381,25.59752817706987,52.367241928650046,0
8.677326181225046,17.211991459263363,38.40567754425874,29.538476602166412,0.027146172507137106,4.20360815708516,17.706024188156732,73.49420995820844,1
0.47560305114346196,32.82136344058963,35.947928691310366,22.779280955016404,0.03222144225997241,6.665100949329056,25.398306026912483,54.23785769548705,1
36.40624310344896,20.539916294063705,22.927791465283782,40.194310829547724,0.1107791467999923,1.4462194181256345,7.993034913497478,44.399705273909674,0
20.951077359994986,46.09473233069569,44.83186459241624,21.236354969643944,0.051820513297620864,2.629526888749839,9.686614416603783,54.489132218295076,1
29.17846400055572,32.756148579715116,37.628367467517656,24.48126203713484,0.03435835069616751,2.4625310171701567,19.229185848514124,71.24869994529104,0
42.957339292627765,48.395375009008326,39.644896362467726,37.45689037497155,0.006868340489756608,2.543820673050766,20.86268836690519,94.51897876091779,1
47.75256357173233,32.360740194435856,35.07465892929933,17.719613409071364,0.0003682339005906229,2.4983205781677293,26.13947321155367,88.25045389354604,0
17.792379171440295,35.357364739725966,29.367049647526134,28.687500567635723,0.0066747764149161035,3.1826558413657136,21.833546800491366,64.15312244172677,0
23.033358727824893,35.54849238252062,27.613099950972195,9.774656563133984,0.1563884591469048,1.4378091454261455,10.838225463809742,84.18947779283637,0
33.415992179420755,34.561957646803876,39.900320449302214,17.120665413709254,0.07221456330616559,2.9584320447290415,19.278273732446316,66.33150099729833,0
35.014332525303374,30.925554744829586,30.578706503425643,31.821312758908036,0.17073895106520906,2.0946829675012264,21.604364671728895,50.00519273387233,0
28.966106503705287,38.26947616026099,34.66712647811166,18.093024904637677,0.0018180930831367386,3.599364819757069,6.754596007817225,71.1095358352312,0
65.3506895753427,30.54097080146932,34.45496108814194,22.554270681762084,0.0570061641276085,10.144864086534607,17.738199181571908,55.48112798996677,0
34.73302285776931,23.11560013907481,31.368546813900387,32.930864020479376,0.0022652224531386853,3.026617039321362,15.986504736370652,83.8177291838298,1
42.51498119788083,48.8055161129504,28.087594677387642,22.208138588530698,0.07617596406279337,2.513535071977276,14.071841557525529,85.59119757467933,1
30.8073237853519,41.89277845672379,47.047128074328384,36.22842073216358,0.023978475657408883,3.270859034409118,20.992662310516035,57.96191566411645,1
10.293487368145605,32.20293919124424,33.85063289170313,30.156627874860643,0.0050333197432418045,4.766293819558681,11.101910840652456,69.24266007601405,0
14.637927693441599,48.84711297945405,37.91761908920442,32.35683111924503,0.04197188318338118,2.0452869516939702,20.501277072021896,69.96832405155993,1
8.318206933521067,28.570075852779713,34.87479838246986,40.40965598738532,0.016433551031608647,8.170050081272302,21.356946775253366,79.74309211321284,1
51.46863380210656,50.947327270205776,42.27126845700121,31.198230626140656,0.05387786668599695,3.195850926520558,24.50257986156584,56.61770295066359,1
5.481332389879246,32.577940707740105,39.16767779901366,43.388472904693444,0.05367278326255956,2.7112668632700916,11.259484423244372,75.08857933149855,0
22.297612246339884,23.097134336187082,33.54272311168236,37.112622830378236,0.06104026294829156,8.981700236245313,8.968594689872717,49.707983684185336,1
18.606941110401344,51.2714430842687,46.251347065677614,22.765475701655433,0.24441034509349735,7.806529798911936,19.67342164403407,80.37921928717333,0
18.20855698797372,42.63839201443691,47.86330805159489,40.931480750212714,0.024444866618641606,4.4472420873126595,16.28237259679379,84.58217241759193,1
19.536442431187652,31.720256054582503,39.75709881360078,30.638660209029453,0.03130391889728849,2.0252164989812425,35.41590157496233,58.86341758163915,0
73.63278680580173,48.31663061620975,38.0427624838554,24.053202913394966,0.08163832117944492,4.663040863227555,20.75099085745759,98.01349035928344,1
3.246860529474819,26.449994739442154,21.5967886471622,30.783856953208826,0.04318135906967044,1.8974530030790642,18.348970270225088,42.03887766061313,0
59.9564636543554,47.284959898748724,52.25636742353561,39.12326824390263,0.0018984497996741752,3.595780360952362,16.963032265941507,93.4850444090293,1
20.902819441842887,9.22463726343684,21.788067918597836,32.550450942422216,0.0926004863891873,1.4351174793800598,10.691628927363306,90.7574074608082,1
45.61353898101816,26.644017510206787,26.872747697198534,46.22392832551398,0.0026436049990121733,2.826036570962669,21.383289317727584,79.3099357084766,0
26.57740917167536,43.77920881862093,23.61786898533286,38.86530557898822,0.009365909147767543,3.9103709422927606,17.52512984237521,67.38259511889466,1
9.18952227347685,28.881872958832336,34.26053402602983,33.23160033402162,0.005383713236387263,2.3507148906583817,17.53011789942339,71.52420175619422,0
63.83058556821893,41.65001078412026,37.85109714527827,17.739319172588424,0.004056551348303752,7.47757968952813,18.566659952991934,68.70974158267688,1
57.34403618287597,25.133748806277048,17.932580032514974,26.202674859898792,0.001301024550907786,1.329801337678992,19.327275179503474,100.0,1
9.868012927194915,49.95887189610026,43.60974109550551,28.716641397508514,0.0028299839436661985,2.3176065723509454,7.564466124494871,58.17563322892461,0
38.39555036128807,47.66462899136998,35.08031623093648,34.96631501217747,0.029209185194511662,3.8217101855437097,23.02213803822559,92.4401276171174,1
15.228282517404715,30.277390193857407,53.63347613585252,34.37333041272193,0.01457461744939761,6.4668507672188955,12.921333751104465,56.92724524211881,0
5.748643443396872,26.815337947876266,26.17124564242356,29.695404102182863,0.006764468758182592,7.429439230072929,17.171806815188237,90.10185288123412,0
12.74751862225213,42.20817140753475,33.40172190543156,29.203499153771713,0.05375048316219538,4.584988186481172,25.715429523991734,97.73443245077797,1
61.35170703257092,59.027460556574916,36.612774428595024,35.204568950760695,0.01281640016144681,2.276051044161214,28.67669155362068,83.06020357180432,1
46.38718481013148,46.495680279633255,48.821284280189076,19.41413774370014,0.0009565495672907002,10.043923257668299,7.7970333682416495,78.57729599053356,1
19.72394889426738,54.67661900810613,38.888441247524426,44.955158192498565,0.02710031847237613,6.9818257435396145,18.181468966047895,54.596104407084795,0
61.5460588366104,30.008395534872378,26.20404498382498,7.5283311483652895,0.018584570148652307,1.6664647605833431,19.637479110996217,61.17419762379781,0
54.40742963942229,29.967246140925432,37.642538535734516,42.55409482172029,0.019180613853664777,3.5185766631335893,8.954819842851322,80.35020500536888,0
12.76564098241341,20.025434966828527,16.96735050342593,27.54814471574838,0.02946369104487184,2.470056381653146,22.81554818650899,89.42601535419949,1
71.69898109026039,45.17245366003385,43.06986583400512,38.02579814271594,0.055268844942105266,3.322203611477725,18.697576064485038,71.11675888081663,0
18.455329920041933,34.52433498604999,48.06093172722686,31.638404342926126,0.047918060693146323,10.708858821720018,19.16495757416998,100.0,1
20.58852051876537,31.56876684309495,37.16036939991869,31.460344109108018,0.13843908673218516,1.9809656882122617,12.49468248994839,59.965515009305506,0
3.3554721445109177,38.59590710290962,40.54154937124325,33.54254476026521,0.036461175419379564,4.000551653553911,20.47731986028809,69.11197354015174,1
14.982598744234588,44.57067586378183,44.788752080772596,36.090542890877785,0.03198694763496634,2.699027909229215,23.029343738339627,71.47676674490175,0
22.434142001693093,18.108497207385543,40.92106311235837,24.7116917341276,0.012002688528000434,3.5447738699744047,18.763787302355603,67.96381277180586,0
31.443991303559173,28.74687841652272,41.17790304676193,38.34799130526236,0.07040272808567509,5.084795384809079,14.916384594221679,40.63138551581839,0
9.220371417169993,39.5844916538061,39.35115443970663,17.155293764212164,0.007586268110291759,2.5342123335556543,15.383584091721815,57.55797777697056,1
13.294486011665407,27.31678606316399,38.157845630353606,27.946694266738753,0.03377841883581985,2.907530275520932,19.322374242755792,70.65348658687617,1
72.74246912220246,32.92930960474883,26.08424443817865,36.35969924272277,0.027350471509853674,7.326638160281886,18.292784270283775,78.10871738473729,0
51.98365456442472,47.98292246116766,45.40351771044564,37.950175796158895,0.05369123452765565,5.136786300801418,23.42893271471637,84.93977080392669,1
58.604072561202806,25.89561018694062,22.31379630530627,32.60788848261401,0.12482152168721078,2.8163362071939995,15.118450274855004,88.07335319211835,1
23.932665402137538,30.57410173240958,29.29346134391082,24.066075620442643,0.14649309901052512,1.9667238616644767,10.68971638355505,66.18535616274386,0
32.13220660697881,38.10627124909491,10.582011098492064,36.96707778368703,0.009184080091592774,1.6369337047892962,20.15631646392302,56.98998573666407,0
39.00179122663756,30.112069544894446,35.25626509289748,21.306337608812466,0.015178190666127606,4.7377965341536825,15.13482088200778,96.02512382607871,0
72.04029118572932,48.637600237991144,34.30406400632964,45.51409073748911,0.08346877038442874,5.1508433789694905,22.7020916942182,59.07612327941109,1
5.613873648247594,25.15331129526345,38.95048623974108,27.15329102500336,0.03651958767297577,2.508556459688042,18.045231782745603,57.19316637816729,1
16.297577405448312,46.53083154527644,41.7338735029538,12.603743057940395,0.030168483740994387,4.256468748539522,21.928879226188933,55.510116621482645,1
30.018692220486436,33.24534085811524,42.2909035008591,16.05316531983448,0.06200167087227579,2.3141924580457114,11.914097719615274,82.2006027711289,0
26.704879976512714,40.71843336353044,27.618600988031872,28.436436368795874,0.046055736509206455,1.4279019614616588,18.860317579378926,90.09630561251142,0
13.146043763954902,39.4321460944214,44.079946735045624,29.398252713260533,0.17653237755610718,3.7951277223817206,13.804420755696501,65.02380812012682,1
36.64536214250853,29.22140429393555,48.53541247248083,47.69656684951096,0.04385045442888972,2.9349553867906217,10.67775808154268,75.77572383352539,1
16.84776114633935,11.992298685392017,30.910185873611965,17.615006623857738,0.03136552134460595,1.7099087594665208,12.833352731573909,74.80112954410511,1
25.249249393014164,37.394944955590475,41.280770051774496,28.39462199303931,0.039133616129085086,4.681433790394335,14.733137449344845,97.10991135743575,1
35.4905202949322,36.046461515488524,35.77536601735489,17.405785929179434,0.0826537706034224,3.1669773804358186,25.46816716214311,45.49450242578878,1
17.520955167205646,38.18640355083212,31.077211175809936,23.073451467865965,0.047424564585425405,4.735848768331411,14.574357603044044,79.66751952034507,0
43.73822898406256,34.29545962378101,39.80772283112447,44.83972030069338,0.052071173377641694,4.171342500468199,10.37075849833066,79.39551701590506,0
49.378774106942416,33.1025391280342,21.192352367997135,16.636637768440092,0.17778544639372873,3.676839890527681,18.788864534980014,69.31316194270119,0
13.591919020299928,52.12351796286198,37.50736618577827,33.87042424067834,0.048168525310569844,2.6098597783601405,18.175083964066047,72.61178483986441,0
16.747290258047457,17.78855292359934,12.946966750742279,31.929073590143915,0.023924799238513608,1.2584317605410091,15.047681927938811,79.46189268905826,0
10.568670264115815,38.924805323259754,29.940671110783242,27.758285736417914,0.05877348313496594,3.333994270727128,17.03265920492324,75.86117474006521,0
24.820558820703614,27.97706524127163,36.327186831657144,33.19436623191738,0.05386104576037426,2.2628518057494675,23.857362515979425,100.0,0
31.428298904437117,31.356458658261346,36.585730473068246,16.399796180567115,0.0006972204216855625,5.208545705406769,22.02423459239506,73.19788359779271,1
18.930661930597736,29.668570963850005,32.27473794982379,44.56322507803557,0.0314925931676839,3.093879780403222,21.505381241242386,69.18971013547444,1
30.786868423429162,26.583687521801803,31.99668296121681,47.24845495123521,0.06791520891767026,2.1147605607605464,10.897927292878618,68.43789189963921,0
16.378796712561424,38.16906160924661,20.18070770078497,28.471046977593133,0.034561596563180544,2.9715913314752567,35.319288370291936,76.57044189970061,1
16.827706060536308,46.430591868580024,35.59173850286469,52.231061306135544,0.07562035521876732,7.581730992559113,24.307513261645333,67.88466728981804,1
32.62732309892634,39.59423507730557,30.38688117944055,24.009720684500795,0.029972250684660435,1.6906662223585764,21.10217137914523,71.72360179575678,1
17.768848841609667,33.699147288362404,28.207181391228637,32.0043199385628,0.2046820334123871,1.6419557988557083,11.014129353616742,68.82121766841578,1
23.797442446567988,23.705211375992732,34.27871357290712,42.318890637745135,0.017328564283334093,5.427673064867032,23.686380676404646,67.7403599469622,1
33.47457790187462,40.189439343525706,29.1917171253678,23.409955397770904,0.004832297024811404,1.6917408309062132,14.99322893820403,62.56482354808881,1
30.458812321501487,56.132318165518214,37.615480465188,14.184509411205617,0.02810698110734928,1.9611171216228516,16.834375172184206,77.36336053725397,0
16.57436424004658,28.679208398056062,14.775129393546294,11.882829343811459,0.03901254898635527,1.5939649735482706,7.915324343644302,64.03915937276004,0
52.8380294290849,34.16586862084407,31.313362005328273,48.608265639026584,0.021469481410944416,2.8230324929747006,10.551101484356945,84.77279842812365,1
37.772261307949655,30.054947886382475,23.319278772844033,22.709753493612222,0.013872144289371117,2.8513217316865793,20.63127899296281,74.21596669550989,1
30.0214710847186,29.609078317763586,32.477254756622585,26.142632365815015,0.055746031188001824,3.039573300735775,24.03740805162294,65.20567107200802,0
9.273365362320245,5.0,14.391135626060283,16.872359216789455,0.023670479134782794,5.607498428439586,22.10942651877021,90.32712914799002,1
27.202178674943422,38.13068065979864,36.088610228313186,37.483392793291884,0.04989789289242732,4.732234121057704,21.904913980457692,68.90574695178404,1
14.727084874400813,23.753540967613983,28.343930301106845,20.18440140775415,0.0754957963281555,9.663951145266543,17.61140125824176,77.28776219330726,0
35.83990065980021,19.27335391105203,41.08567574875938,23.08736972338678,0.07156513609614422,3.3485499891673163,15.559757907802727,61.668236542078525,0
0.4544675446042111,37.60006962901612,39.017771695232,30.995204194161605,0.023524932438239464,2.1270862150286254,19.733370861392363,34.70780354195315,0
20.357288199223326,22.233415379464137,14.17626317128723,17.359540727544275,0.0419547068674525,6.934723023495229,22.928449938601645,60.56647012468896,0
15.96119747030276,29.00748908170784,21.48388487986147,26.214177304857746,0.029860789182341294,1.0824375318043578,18.029173529601547,36.130508898063646,0
43.851504816708875,51.24214963439213,40.93852392569552,42.0220958950327,0.10232171720538119,5.040002100737992,25.26151211948043,70.21735796105305,1
3.513604406076626,16.43488268066636,19.13516948512534,32.282543975168636,0.1054985344052527,1.0203220000234388,16.709584417103954,87.73242609930114,0
25.891326536099662,18.55771663443733,3.676139211888115,29.305422924283583,0.021060031954159224,3.0481836087319514,12.118326388223693,56.59898997607017,0
37.445737734510296,38.30992255579992,46.12033953298992,30.14864709463865,0.004811089392965912,7.86529005147853,17.937826547753996,40.898489682989236,0
80.94369598837841,53.63642803836044,47.21636335058744,24.10864904023436,0.009171057055204225,3.3469870257839887,18.63583366955741,100.0,1
16.783015906672905,16.774035208681305,30.877429071406695,47.961523197549255,0.022864380451161955,2.095285840230966,17.507819596341545,61.226281731470806,0
31.824179556088076,38.850524301784986,30.681625356946675,19.878428694659327,0.04153432453839386,2.0471695330606083,25.68393336529357,71.1287601786873,0
3.8120668192003286,36.381805422496974,37.97413633707823,30.1092616196393,0.05347020326221313,3.2521431512771897,22.831811884344233,77.58661290080623,0
24.892479886855334,13.142267146105096,19.622024264674987,29.150255663428073,0.020126300047361698,1.3558989481473775,9.414354068269741,77.82608745220831,1
55.4706391098849,46.30560924555493,40.1611020999635,38.08762507133135,0.05505563855711612,4.243178284936611,27.206202085189716,87.35181411615501,0
81.46059393698096,50.98514788896894,33.02939334889576,39.0317393879364,0.1388217925870927,2.570316803410992,1.5514976350249654,94.79855363057754,0
34.040143549480455,31.98816579986182,44.92557392439284,27.679811955129292,0.05277966976723754,3.0267701980444874,30.906146237114985,45.61630922105427,1
5.250210833261487,43.3109952479693,24.762504866532964,30.906664931130496,0.008632339201766686,2.4752645924453347,16.276166918658742,44.83482606455201,0
61.5103901797808,50.59111427021557,50.09471634417288,31.285347539139483,0.043335628790883714,4.0690751666544305,16.862593580090998,94.86962297538878,1
5.30408306612614,31.82679171709097,33.04204331097503,5.278583444293929,0.039032899577787945,1.9582419723057813,17.63990256615816,54.33472946684992,0
8.409409765098573,26.74695756151545,26.783047061870256,12.110103975222245,0.10228104254438806,3.799535166999438,20.311232597041084,56.592194278566325,1
65.0234367194233,30.025236582083924,33.34611800639948,21.949363092780295,0.021562463180237256,5.957564517932881,17.998420792398942,59.06204951141989,0
23.515463949881802,33.15168449882036,39.12745785695359,22.38401323623131,0.027490937679161803,2.607796930144667,17.199628866976397,63.628874449764126,0
15.228316452539325,37.98183666492269,46.12670855952425,16.00717578035868,0.04564719886133292,2.704190951844435,25.853509856137112,62.8059223352408,0
41.11765679675537,32.92587990910689,35.67549614871101,35.4958257137363,0.037161566811682055,4.642223824227967,21.393576478505096,59.16162104407371,1
28.31842672188281,12.272753955662122,17.78353290016663,28.021184210174724,0.0634729829548511,1.294735582270963,12.247176873775432,54.86744417124039,1
52.14086454019249,50.508268626794575,40.64834844084414,25.85305452613163,0.0020613637751341007,2.1166780394453104,22.444043486014348,80.20811929067409,1
29.305506776437007,36.298058234914485,49.05356918726478,15.438447254926132,0.041450180179501236,4.383867422184782,21.144642019100033,58.746062351960965,1
29.807375102905727,30.674861298667523,43.051369203568,27.554551357552114,0.006486752849076457,2.7007880909249167,14.728357646512688,61.86679116590722,1
50.88972057240596,46.20504197009378,45.75212461303238,5.0,0.018932079292044268,2.6646325828188724,22.752830558172967,42.38376891286998,0
23.26583856106982,48.736261748988035,45.8600008605743,26.37043689194159,0.054180301622573604,10.2841073064145,17.05456439266176,98.72617135017933,1
11.447995684243207,5.0,27.595600724852336,28.63183668807756,0.008563989144056778,2.0700210403562296,16.669959167249395,81.41695957896914,0
42.78080055968966,40.759756583174166,45.573941309348626,30.419149843214985,0.01846932946138726,6.9539466196375965,16.506521295402393,66.1340693120338,0
19.76504642412294,18.698264855514967,23.826275656430745,12.3589823652072,0.060702248407299444,1.583875898616976,3.4312916582856055,55.466795249958786,0
31.066895840133736,39.651139444009466,25.01976725140374,30.248167366914746,0.052606273404641385,4.669252189570834,14.839804002392391,71.37671112652362,0
2.847799083629981,31.70644188629029,33.23460476041261,17.585687301354575,0.004772691312584683,3.0561164387472997,22.279039452753608,65.32155597276119,0
22.527493525140482,39.73638929317657,29.3539030230491,19.87530167707666,0.04305090189273784,1.6314058499365023,17.865532542577423,50.36600016230839,1
16.16763936045812,27.432669759122167,22.53290186063139,35.17931385822665,0.007964704504240205,3.7721975161271004,10.288881420865502,29.975484438256228,1
2.729935468151688,11.677089202031235,18.90860706810904,48.14113723359744,0.014535758630281682,5.3980376547004525,23.787787531152226,57.654848480880304,1
23.08954915764035,28.959750461079373,51.46641158070124,28.5135875880268,0.03073633049682141,2.9292235946057334,16.208399042739625,46.16729186803536,1
23.703863501351904,37.62405587660062,36.138619423247,19.829045413597676,0.005790008951351825,4.3931966186889255,10.670547056030863,72.31147190112351,0
32.7313832972469,45.06363078133926,40.92071500342361,29.886704475099986,0.25294115434510095,3.2237993475189577,31.23607477002609,74.21750015935949,1
54.84276741671507,26.50810210778201,20.82433838707877,37.39029157499145,0.009038312009546103,3.845011457122047,11.680964433073466,61.37036300821439,0
48.97519538073572,47.61688357584053,24.296729759995173,34.20997565872735,0.07600560480621929,3.7178596289380876,23.276949067714263,66.77627506131535,1
17.14386765745852,26.092857252153564,23.88472175591098,55.43112872463746,0.08855046602602422,1.2481569244828592,13.384115394872373,94.87439891116296,1
28.771000377593907,37.94014887258435,46.68162423070373,20.846624309053333,0.25982388114102667,2.727866094688178,18.814961007442932,82.38112796958322,1
36.199189067367335,30.330938831448773,34.80657926119168,30.52231479919298,0.027987946471057304,3.0139656578130793,12.586914219790946,65.45604625283991,0
17.55863815016905,34.45550199964637,38.57096153141369,43.48917953418203,0.10361119066886877,7.352488984456867,10.564174912358048,100.0,0
5.866939139014119,39.798817216554866,41.82805520023844,42.86159237018532,0.157958980537797,2.9287267406001227,21.133215268028454,48.21932664822816,0
21.176426710553145,20.906323233697613,23.631734255092823,8.499220734756193,0.009491129661571536,3.1640111608775587,20.431743270806404,57.044864469862304,0
56.40134799062042,31.66114323112475,43.768181964236845,27.96642379960019,0.032642130543756885,2.2127237931983483,24.867896665314387,74.62255703750517,0
5.55500774788515,32.68287703560364,28.010690020463997,42.845207658487,0.0030943456602845645,3.884070225499536,17.79370841822482,43.145895568932296,0
10.369143971134996,55.571208205973775,53.47834215648994,56.90642990399137,0.04847455692225875,4.521899026944604,31.32211076475895,93.9284662636447,0
12.579106639370059,23.25496887423723,32.84040479877762,35.037958837508185,0.04354270886440355,4.15532450926383,19.610080004622215,70.26310190851322,0
10.482998394480054,51.973788619141196,26.477154213685903,24.32136706303516,0.011415737739910897,6.02448222890045,21.400648087423274,55.24736682539909,0
41.24565999696427,56.23108203629634,36.50835692171425,17.9079684756261,0.07995031528997329,2.1422348195657106,9.849424529356629,79.96593627046428,1
14.676660210815355,31.22838752460639,18.21184674686572,50.18743357530849,0.0018990476823431955,1.5171033493023285,14.315494109264815,70.12616976663143,0
42.02180684363638,33.32174576454645,42.63495536817225,35.28741586465759,0.0820534790417976,13.068010943482664,21.118078203095862,68.83459510683957,1
25.868880496219454,26.959680087786,30.585988668695194,19.519330731145825,0.0013503355748024249,1.8691780028904708,17.4946334255185,52.04604859692169,0
4.142615141441269,29.9393669678895,14.14900726755756,25.968436336662187,0.05347629331693459,3.2578653550502046,19.126098810207814,44.28534414535165,0
17.88193355985167,18.61509570838217,30.452013337110138,31.10186516828704,0.004102250885005575,4.105121182140685,13.101037465714839,100.0,0
49.97709042374942,36.73417339035644,30.396355257036014,33.43806653888118,0.014465871733885485,3.817485317523694,18.73168184082973,54.70439480809993,1
28.112685280627076,49.18570553060262,27.803835371974465,19.003813424542102,0.06399112603674086,1.9062845008612945,18.711275349550416,96.09201984639604,1
19.03262089046505,26.74404250880258,44.12134369927061,21.858095818745074,0.01645332233899232,2.690551898860848,10.917389880688567,56.13513696385368,1
56.858088692559114,36.12147026399336,35.30687503436997,11.470654376270403,0.03578741857846236,3.9606156907727956,21.855299068083543,88.22210625161665,0
9.409279597309402,14.399987196923991,23.412543660263097,38.39762289604782,0.12340145571441585,1.5828318072879066,7.799610318492187,73.86335227067357,1
15.14993303448086,36.01311083648256,31.20984608670489,24.58381533229684,0.0025454238975540786,3.7273289030944765,19.105428483586103,78.01126711134242,1
46.807816596097176,39.66598933892831,23.760159982309148,32.66321649183292,0.08332152710735166,2.5446365946109974,28.593556162953004,85.34177740282229,0
40.651922686175844,36.734812000584085,24.25753360356076,42.22258508576327,0.0033749849787572065,2.190446860405374,22.083303226914495,48.956900202172505,0
8.65306980272673,29.129689968187577,41.9312102662757,30.198701423739458,0.00677923749955338,2.810574366757182,22.045795476222626,56.58542407343269,0
35.32472340471,32.37112932298195,29.157388770907026,26.87029524050932,0.006352996255811732,7.354686600063499,12.615439950307891,51.54422529267629,1
14.466586075067788,37.18899024826688,35.05213770680166,29.939214768839342,0.2566594993918634,3.1715407690934088,28.614372318917162,70.73283312772752,1
2.549979109650156,30.094330850561292,15.68308853061592,28.631936038502268,0.009933909161945467,2.4318143808738415,26.26030856761373,45.65983084006664,1
19.344337082909533,36.05136927798975,23.875811424831856,40.46164997877945,0.11353583937201472,7.155717698350342,12.938459862626598,39.15315976048359,0
84.8924134874623,44.88369019766482,42.83197623806395,31.1083839753879,0.2351510757951082,4.263522801496393,15.151420549110739,78.41632264933884,1
50.56896525807931,48.81961765966951,42.54954114477847,22.555989804210874,0.024207948889639383,8.460657171978351,25.52793626956013,41.977607264304176,1
24.093844463196334,40.384017643229996,50.18060864708652,38.4784905688975,0.049854509893695664,2.733950056898225,28.776884269900545,73.69984181345362,1
5.173308618063149,32.70461472421138,43.82549654273436,40.30484356358352,0.07550027878469683,5.941204385498487,10.41188378945827,47.170218872946506,0
2.6666276375758615,45.58421445215817,36.38799800098468,14.616693731795365,0.02493209750631671,2.636583767189904,11.97773538165254,52.92462930631176,0
25.93103130600287,38.092339986466044,39.02056451229259,43.32783884768105,0.00882577068547957,5.277629077340698,17.137279461466985,35.97996666383507,1
33.67290929792901,48.10056328259354,36.70739776981283,31.647117732084855,0.028437105401603754,5.706213318194862,4.973435823344909,96.48611506671399,1
41.583059020692986,42.30688493697032,53.36123252389732,30.832699501465985,0.07389584931657915,3.301563676178319,18.11427096125654,51.372888499467415,1
38.29127784534966,17.32450088748702,36.12191792341401,38.066246315965145,0.07588004301816459,2.8574012916879514,25.114461084179908,67.1982370508515,0
40.62135091036243,49.14155026974766,41.01410083476108,22.33023608995721,0.013103236957593238,4.640064165691984,9.368177902585504,46.248191295153795,0
30.747997455892072,35.9639620318105,35.98874309173501,37.54164514190924,0.009616512244872937,2.0080606881544703,18.762641789850523,58.61458236546683,1
56.03149597880489,37.88517668781296,46.712872973203645,24.232245302621447,0.1266381048702748,5.152997917132005,14.509375770028122,100.0,1
16.1401450401926,35.23450523092466,38.73042486928064,13.250493202896617,0.002249817593545266,2.1706519136173448,27.839675692523507,72.69018003701873,0
25.632824833439052,30.395092105445183,44.62706097873877,18.022437208930658,0.0663519527870176,7.148795620488085,14.581248827201694,59.272100022029115,0
4.163012713498855,32.89474051091428,15.608712794294725,33.67021832903227,0.00237667044681563,1.4273009068963136,27.113958526491498,65.32000034786782,0
15.846692545947873,26.458243218461256,34.273123379374894,18.545316600053418,0.09097710820017951,3.427810835545061,14.415269575132637,59.7609526588904,0
49.625221338732345,50.18650578815355,35.95112339781034,44.10076123189649,0.11791272021811117,2.04676403541242,22.62705483200478,73.53873557033266,0
39.71249072519305,34.820992472568456,47.97942089005132,39.89283453439643,0.017649737937407872,3.0270043986604214,19.511673710176193,84.10052893053303,1
1.4562179802789135,26.392594269817504,42.92822720544564,41.33439166032965,0.0038405773654460367,3.1812897290137885,17.17036400091419,60.3247737474502,1
89.05925153087189,34.109629572438045,33.90653830178567,29.24778579677412,0.03276218753481016,3.030476344160573,13.256828585676146,86.11172241505095,1
28.16788439272633,36.91294055039536,47.0502240506464,30.578616172949594,0.01772408445446658,2.352646202381606,19.938572527907358,74.1810093432691,1
28.569469179401448,36.156491378161135,48.727512711204504,16.062881457557225,0.026990082050875948,6.826632909118654,15.356788425090528,65.82170912641413,0
14.984994799973176,36.131995356771036,35.048051518117596,37.9578351015749,0.05467906628389733,1.7678114008488954,13.861402651151172,56.9581091149438,0
17.958654702574695,22.421279330334915,48.743981911588826,31.798334550370853,0.011775107505168293,5.4088501233501685,26.836336448254322,60.713980591448035,1
27.931787237282588,18.177956097476656,27.020453217632884,33.673056252922606,0.02207676190035781,2.622964974644703,21.285181364959364,81.07413622048267,1
38.133437426907996,41.975928639101795,35.074203852953445,44.88311811452882,0.07629218907128815,3.2378810086138534,21.861833711443218,84.36293806001335,1
31.821486704277866,49.61964162440676,46.77483735843745,21.9403701605249,0.05160780458445494,2.805800157002193,15.650408888326425,54.297382371828505,1
16.037737441614315,22.142124392343188,26.026523907798765,26.738584501226818,0.019746699610375174,3.1710929651221775,16.88412991750017,64.29270747250274,1
11.300204128711837,47.58944345492376,39.71849558832866,31.266709215421677,0.054577107097103006,3.5269832476471983,16.50853999589333,55.96621278920735,1
10.59100598077166,34.427761484479554,45.046579986199106,18.64564594541293,0.07247511194808912,2.6111479771634136,20.023433475005863,79.11748764189645,0
52.28997925663094,37.772867842986344,35.262897954932704,26.124011787231602,0.04488394813811429,2.3070747082284098,21.850820711055036,68.38995025462768,0
48.06188879458866,33.23379635373052,19.733376197689747,32.92949810466969,0.013688750113488907,1.1251623937838002,17.81849177813057,100.0,1
35.67375467247699,21.50588300662158,31.540908305442205,24.74578728627169,1.2266030031555533e-05,1.7142104097249131,13.244130034916154,75.40321178295119,0
52.03303293533703,47.682240099546554,33.50254740739946,41.08989409729112,0.08118929445316442,1.70287047560247,22.563422742159293,93.13655340041575,1
22.65350679048801,25.64196240419717,37.17895422003524,12.89075438183006,0.08647686887981676,2.35708701873342,18.20042320925002,54.311538956047116,0
45.24722769133469,28.9890173963242,37.165124685139645,39.22771240233342,0.05980097601754584,4.135008591845203,9.354981727374115,74.22527777455493,1
37.00566285609975,45.47011252728451,49.95924779624599,34.61185474816005,0.003983605933252066,3.2581870016010512,5.188231499521871,81.6437290467733,0
46.09475065682947,18.084378131807156,34.49400965906444,22.31171412443409,0.044000626740165354,2.5640342477579496,19.78738305276284,58.71944650403889,0
9.594595088706324,16.20321115662428,35.20323873191423,18.755914317700018,0.0860242480887112,2.043071089227422,13.023157206733776,67.22405969489992,0
30.42604231479338,34.38256391213819,28.40025148375357,7.197173827575483,0.024687636602943437,3.1335609282806436,20.586372776378717,86.86309394596672,1
18.80272149108063,35.75325251371061,40.733192972608265,20.04824987586166,0.011032379330132139,2.8741969920519868,13.346290146816393,63.84879417936384,1
1.9494414742072876,35.13976270082033,49.803515395210454,38.47176655002997,0.04429138601036244,4.746155829563625,18.799114634970042,52.61360072625207,0
58.0424158859822,35.6883774489348,28.766151710479782,27.439142737213256,0.08752318800906511,4.143713192881318,15.729590832227451,100.0,1
48.15419777933372,60.0,58.397906333816785,39.629808803918415,0.0025052242076041356,4.677369262327021,28.511524861639828,57.05466003117226,0
32.417195580836186,32.58365374946708,28.638660770176187,21.80128929375448,0.04543488375661886,2.078052911567929,23.701893946911866,73.82179854189104,0
11.955132346188567,29.485408330901066,24.97839337196063,35.07106160106563,0.051525321870873636,2.6699450499744293,26.08378140112698,56.76688139418562,0
3.9389378171573575,22.620973984434826,31.417993140612637,20.825013979155784,0.04611129543061054,2.1514192533845486,18.144286614714396,51.73527398056819,1
1.9069153411251842,31.52510546637949,38.33732551558227,18.34424993790161,0.052495918490369525,6.581158474545865,22.934165634689286,76.50623930877393,0
15.746193633298057,38.511541365462456,42.6986175379631,26.928727828293237,0.0498988123155336,5.043098933957468,18.54990046560685,65.06620005172155,0
41.04148035867088,48.192002599135236,31.58270167346848,21.350334886800034,0.0069863205366908175,2.937646932443363,26.817548204602357,79.29659305302965,0
18.967368541305362,17.952262636793623,30.65722583275177,12.571778509627876,0.013389840202962447,8.263970289936928,17.56462760846236,34.96628789138316,1
35.98978107003059,32.93851377694758,27.69096893891099,26.176852992830067,0.04824700849148185,2.9671953398943542,9.615063957835238,79.74475294343702,0
37.282451968442544,40.059403903357826,24.11238351277852,29.06435416431289,0.0008925778116643064,2.0022073692690134,6.008270848476368,61.647551716443516,1
40.62161448578465,41.96381751881305,29.355636483262945,40.683586114960676,0.05035791107730256,1.6684554703784436,28.00986671738709,44.9415436297829,0
3.1237364671903975,30.534047048123952,26.206415891603037,37.3680567713306,0.05473897572475722,2.87973045161327,20.871026844905156,93.89584061524572,1
12.964810240070817,37.368961231331646,39.12034577535272,40.199431992328314,0.013667579625739857,5.894203468507519,21.265541100250452,76.60816494543357,1
35.51296854568943,27.23730635259541,40.112631845587515,35.203574983935084,0.045581683361803724,6.036218708210262,26.937887053749492,75.51175489933186,0
66.62721692166737,55.573136861433674,30.44360170557134,31.326127589499748,0.0381881463444989,3.37772824642433,8.089590337644267,97.06672613043148,1
54.525952246978385,48.10517386684106,42.05775814040087,15.710550935281075,0.01510200271277242,3.102785764575481,15.848392708609152,79.61872967022371,1
31.194202868411786,21.229852559610045,19.078355537676767,29.498721979352744,0.03108543953125973,3.0552559320978885,16.583581022309797,59.259630421528264,1
58.45927032948634,28.017860068255395,36.23982729941416,33.967937773308144,0.12018911957296496,4.684140373580404,22.45365139924209,74.06733990866161,1
31.018370890154422,24.183538132454103,24.691570604951657,42.57437949370436,0.027808828731005448,2.295359355883468,13.844158649394704,61.028180980150104,0
5.383850142997042,37.58727723041484,26.62427874797971,34.86288541731814,0.04969156092155075,2.6247114735837185,10.79175753891126,58.57147663622876,1
40.13701784618369,23.17327501275288,35.66662612788175,40.40383434605422,0.0017995394430794472,4.066055507976589,10.737908094017357,54.161848581348124,1
55.8035052840436,35.06028245052573,29.328732136649535,17.680021086347608,0.004049664104594234,5.651937734707832,24.896508457632123,61.61039241980393,0
80.63532573787704,46.642342824849294,36.12922551911813,24.73582373851905,0.004240221974524578,4.937402644822644,13.544807437181294,94.54584813760553,1
15.36615681663452,31.64326417703083,14.897392970361322,32.29350713661271,0.07530815032339867,0.7901613728523555,14.68789509406913,73.05436294537563,0
8.627096107134328,33.882939573197206,41.125586720666675,39.60952690742562,0.02155891084940509,2.321907992808337,21.80698890436743,59.18022343345424,0
45.33924116970462,26.14285906196811,37.0244117941401,26.547713541610804,0.012913393053590561,5.682850293540277,13.806327550590602,58.64737026699389,0
33.99199618571939,41.04734316183035,36.462600018982656,27.175540408508464,0.06878247465522434,5.412531518654656,7.77030946346615,65.71744455502488,0
31.79523065869137,28.63716567404374,19.234218738771425,34.871403060029785,0.009314073097344954,1.9463952154886344,8.509792957650607,46.10129908723224,0
59.01250315462091,35.60567872921372,43.917224918363594,16.741291728548756,0.01415081703432328,3.9513378950742517,17.65915561970725,78.70195962228948,1
45.21619647176894,39.1597467498252,30.33379160904375,44.07404549823429,0.02818771828846377,6.242315044298152,20.98397058219133,88.22531152424226,1
36.334539013198096,36.480963067288194,30.965557626110574,19.20863906892315,0.02013131225088747,6.3991098995421485,16.786528536897478,100.0,1
17.090667049654364,32.80340024760408,51.617712549917876,8.814105764406968,0.044021114623143474,5.63745738279475,20.582656222854414,51.8692525714691,1
42.699117574942505,28.89859941647382,25.93034821371569,28.100670085225804,0.02061244976689242,1.7669216859980312,8.322974843954185,87.09686020424763,0
8.269110831766454,28.244872512773046,37.23562870452122,44.98458702375565,0.024957340688187335,4.48254404236811,8.728178754191351,56.04565048088516,0
30.953020712354707,34.66478901522356,38.362653702750364,33.8645313033361,0.09934735092393476,2.131296168009886,31.523615497765448,54.26375979170575,0
24.348778627193926,19.90146446240824,31.081963328003976,35.51090543003633,0.10793784953230634,6.041569730706214,25.39670563282008,52.936283792599134,1
5.088553272660839,26.137953327765334,32.71118567154222,28.41385762307114,0.08792915435710291,1.9585953296118606,22.613831351391106,68.12874655093667,1
34.06379621357211,38.986368222364284,38.60565578405931,26.47622502728823,0.10006144668721142,4.101765580122957,14.041651975593366,57.85085488731538,0
15.395511318395254,19.534960659305863,29.98950899124667,12.550906304068844,0.04216696338776771,3.383940478811219,16.571962855617297,58.97641569427678,1
33.465689398075135,46.58566992565367,38.21892110005298,5.406137420958139,0.05195586908421638,4.911213325193925,17.9899360971984,65.0871179185561,0
10.663603776583585,44.29567319248597,49.808534269880326,29.962723384408633,0.04072882402571542,4.094465545274705,25.88607668229914,56.03320315683306,1
45.53024633406842,24.378031190509407,19.249927989809535,41.12549194340226,0.0769928136609258,1.0853252394136996,20.41669659867055,61.917280976326495,0
73.58116843637612,54.61337159595781,50.01701347050614,31.441337048280655,0.040036673655725434,4.9481560793327075,21.15548280772681,43.278837249498096,1
8.272200380956113,29.805014170022073,38.50074405750924,34.235995270520135,0.005887231075692209,2.891310776876732,16.994070389295,67.95873942786926,0
10.650337438251405,35.782696207308256,39.90027145355851,43.8371754563954,0.08292618763549595,2.7671769488918323,22.755990401040506,68.14513983102705,1
6.8904902900589695,26.067063022226378,39.362660630011575,31.28766851441058,0.07147787720369203,11.54476908772045,19.81393648458764,54.41792531197912,0
21.07950035446392,42.39237332543721,36.21615416802774,26.773448996923804,0.08582348989224425,3.595954976140625,18.264136396474083,74.62166412671836,1
33.090398687533444,39.024499991616686,20.658007390031663,19.81475194349935,0.01056256868190199,3.5136143659156436,13.541494966882372,92.57169271849199,1
40.89636722035267,27.992922517076863,30.618827729114862,48.222125629720864,0.01584641712992284,3.025413879877229,17.318569547390204,73.53297093658479,1
30.504477264957938,22.923651590090806,21.239906895039887,33.2654777915368,0.01753121411292104,4.0011094377232785,11.522803777320267,91.05476214033501,1
40.02325605879273,21.400464056726683,22.70531194382616,18.56398284080669,0.035472013366151495,3.9245053254731745,17.75916596407827,100.0,0
23.67754209622442,35.43104907876123,24.233062240845197,16.288323321987633,0.007186422267271069,3.3525549436696838,18.533468147789396,100.0,0
15.239175481865429,38.01059044007717,31.385477308480198,40.53063726928913,0.02433769704724595,13.756765875757502,3.572889692362118,50.224293798723075,1
10.90653121260326,38.1456364696849,30.485265036006368,17.625583035916744,0.010054315601322706,2.755870988216886,16.617962765396978,49.4353611462406,1
21.71048539754483,32.07676186355795,13.81014610600636,46.53834157502221,0.015378099622974345,3.1401672486359127,10.944718772372443,62.6756471286233,1
11.162311734133363,20.104382203476366,33.64352817164886,5.0,0.06127474332510235,4.8789543910170625,20.991835953100168,69.16319036572429,0
32.37050806515839,28.03482822953593,48.97650615585343,42.22595197789977,0.09648600068421949,3.392146380812736,21.82295846130597,95.27388161068538,0
11.332641659857968,43.223382638597954,42.139250603409494,32.868948111619645,0.0011586141070364416,3.328899220894423,15.441961094008095,76.67514664833593,1
16.694988583802957,27.65796264156963,29.43979340435403,29.18594423056874,0.04172366807174946,8.430346417870705,21.294132522731495,50.289690771673094,1
52.10893118437349,39.25051598447079,35.26223522837859,26.24541564958237,0.0018362990066907532,1.8287595102860672,21.546401618010364,66.24692510975977,1
55.523875173447756,27.57207644026829,27.66094363200191,46.907298485940295,0.004455182486683369,2.1998730408185443,16.621704963529393,75.47477191520683,0
54.350958116653395,41.51847417208836,37.327722339771015,35.070588584012036,0.06105324131610958,3.198278962986163,27.20572185182195,53.532791951148255,1
23.98562841467279,29.020998645410142,31.312334705578188,18.967963911045487,0.06651614157337549,1.568548869720405,13.64955037796099,70.00215254604828,1
15.776207488365786,42.833558261012506,30.405035861218646,10.810900439711187,0.08409523514969197,6.108039753924124,26.828194219519,50.32870763178448,1
36.00678374565187,43.13659462391591,50.717744961149016,29.772972131473082,0.03214566597686848,3.2103165929685016,16.648803424900766,47.4405397457698,1
11.555273394960158,26.776231543495026,18.81325873171984,27.989288664625857,0.09823693362701413,1.5366795656355337,12.940041880644195,53.106275486947816,0
42.31000598266157,35.079860623922606,39.77859659512301,12.801319626244908,0.009126376398725558,5.422154366788154,15.890709145173705,79.62731701991734,0
14.574221775957833,26.674970865987387,29.860407327854702,27.446064745176642,0.014365201438298548,2.144434188669049,11.40366463362406,73.97658001998936,1
20.99667374784842,18.955169096727165,42.788722159216825,22.260653669257998,0.007222519285574752,4.2831193554711655,22.707347204335218,70.64914349988129,0
42.96747168103483,27.870696456683056,33.87519537665899,28.092900683066947,0.07985997061198068,5.140128350460314,8.383386131548342,88.46769924432013,1
3.717662540375575,32.539822658264534,30.136684765839824,35.25923611648402,0.012982280862133959,4.651858974764507,26.337651322612956,79.02728102127664,0
15.120376533419524,35.52065146230875,32.22660299744752,42.92609947464035,0.008451192786988434,4.657398683094695,12.38479678952124,71.08979543773808,0
32.87624168970922,36.41691528938277,34.8860196719112,37.08889036369287,0.04879018678363367,1.9299302298945893,23.019920231075726,72.57097608832741,0
38.10816081201377,32.69889358221571,23.937231872915078,20.785592501697945,0.004010745886245006,1.3632921599991363,18.14535516636281,74.56483274070419,0
33.82280349288194,44.404086581142145,31.626678431513565,31.689151288291946,0.002296976109699877,2.3141209137271783,19.624891698297578,69.54988299952015,0
20.787015105237387,33.75347131139498,19.221836771023135,28.63107121492024,0.0056426282524499,1.0343116799185563,14.459739772335817,36.54226212163234,1
45.99742598324722,43.93215217844656,30.18904568438587,14.67871045369099,1.204565021875896e-05,2.897466330533677,20.116848001998793,91.23175786894674,1
10.569647590725843,13.84769581658369,26.290330179917074,31.982327846922725,0.05969949898415901,2.3188498385445673,18.809845731305185,73.07677199655032,0
10.145180320159128,5.0,24.401400394276166,46.56672337917714,0.04130368885860588,2.8485580276602,9.252533590984033,48.78412437662591,0
32.643245656884034,37.734367126913405,19.25910929079415,28.32426604187004,0.011778212809514178,1.6728470260600194,12.224999982400451,92.94589842046337,0
9.474921641864665,17.173581709064806,25.77173905927232,12.058173202745994,0.013263746435734644,2.618694022188474,14.754527333941162,58.04528630518137,0
75.25063871869669,39.16307878067394,40.172511118846636,28.302686711086192,0.08329210660309955,2.8237945583913686,13.470020891241303,78.43359270386,1
15.49778478379555,29.303697307323276,30.418181375919428,15.862878010267497,0.034839702702365756,1.955252138069277,25.516865672301908,83.45319089028293,1
45.40808486303001,52.685218753609874,36.00377833522155,36.63605506886287,0.05995396602886465,3.896217471114028,18.042085103084997,77.38370734844983,0
7.952227405481318,35.192799640258265,30.7798306957176,33.248649917251285,0.03014297519218952,3.7772495937262036,13.32797191416071,86.62108310983476,1
64.98104321032632,41.40574674953567,32.236191859996495,26.29089946525257,0.013571937357648452,5.146704732171832,15.055381055981762,72.71468615642343,1
25.275001565365613,42.16116178114158,31.770620239592176,24.688357341441787,0.17600377698972142,5.743446563729194,14.9732214987176,95.42259848227816,0
15.137781856207905,35.95564314682157,35.77284546068742,25.87765698384453,0.04169495042367937,4.226557335467653,16.271703167969605,56.36051287375375,1
19.642394414617893,28.369589232308353,49.809341514806945,28.082744943423204,0.007019566486546664,4.816756450253272,11.548023571682403,88.69281382256786,0
13.115355418255687,42.682062615283954,31.123225710872116,20.27764978658458,0.02605137786390149,1.6728515181124155,13.116413336416088,33.64643280016018,0
20.950675700496127,22.045100076191677,26.272898969185256,14.122469189985631,0.01997445589404347,1.5462165558756247,22.59964146698526,52.687254370086976,0
8.432824168654264,34.49739550063376,33.38537468525165,39.38698946694648,0.012045488796843364,5.017890624127283,19.11205862020148,71.15605691107065,0
15.557638412774137,16.857947820553008,21.244343653354854,24.145990235030418,0.1354825660407221,1.5926270536004659,17.0859747207588,62.10484629040822,0
44.80962087698509,38.760881706707714,44.290239110870495,29.67043104169144,0.1063979852353427,3.09327477255417,18.0157369038906,72.84069487685858,1
29.27971451347822,36.321853594751026,15.561658451448906,30.852819511674944,0.01110390074250083,1.0920862277977208,17.726635460547538,71.48070670510631,0
10.370444340176487,48.3201162701731,35.07957314503984,31.22020479655214,0.021704641626399734,2.1881822576986476,16.745213371610134,49.21054974612948,0
21.52867522124881,17.579562348769528,33.57833483006751,16.26182002901576,0.07184053296095674,4.665938696885185,21.102629032244874,52.566790821161256,1
55.95300824330797,32.38407947795807,30.60087732407416,11.241598354481525,0.011691652052751793,2.13728637622789,20.658959915087557,79.67243238078791,1
17.113413567432524,40.79383630085632,29.7508228495402,22.113074753080078,0.04477110798371342,2.6797090054520085,8.569422160636709,58.427688436159805,1
9.377382953255546,34.75978000696141,37.42996603829468,31.957115324169532,0.06016430902610381,2.200472674897756,17.210626884544542,86.99098447506863,1
37.12849351952966,37.37232454130448,42.19967569969901,20.72050132525687,0.05306182618140135,4.375955934742812,8.96508360395541,69.54649137241417,0
2.119490868813126,20.756566600736573,29.987710202015098,24.450786463007663,0.06127832057030395,4.1052762587490115,21.81346322073424,76.20516682036508,1
20.00133240359576,27.092016379625072,24.427043673346965,49.27297413749568,0.061327895090108914,2.11922188674865,22.6059993411017,75.64304152032575,0
59.268878214344326,51.34074181438422,44.185923278967635,9.545761151954643,0.16734386940239432,5.281175272917224,14.335326614149823,67.83635978527857,1
21.04680286564082,32.641928492306846,29.840376994724423,20.449660040895015,0.02127055233194988,2.0406469033883265,17.299446267991705,39.50442876884258,1
47.903050502129005,40.93905453676409,42.33711686985626,46.96604068573929,0.10542927634134036,4.471542660841667,5.331358217266525,92.35473061474151,1
9.254052235755577,30.236224547598546,43.960560897892144,27.554013280047766,0.0011024175406034815,4.816432342220311,23.836738884552158,52.16717429669397,1
20.402316718814596,21.22949235532454,7.647182896621553,20.940148345010893,0.016998123452751774,7.307911896359517,22.25804244150841,63.024092511581756,1
18.893911298447897,42.17219095551715,37.75741616777192,39.6876891701112,0.0024939664096185633,2.4166397452862527,24.900511570425156,66.51614563619097,0
35.72162068239619,40.39056694768439,22.27035528349274,28.552304364811114,0.05266339700480818,1.3103106952453911,26.9192648420226,71.37915061492403,0
26.33683184128683,57.00689314986491,62.33706594258413,24.51691604955994,0.005311954559705456,3.727284198641704,10.65534424213935,84.69674630634265,1
64.60934871789226,29.53558851117839,28.069239134101835,29.92368927037511,0.09344505015586402,1.6656442936822238,23.32826520983065,78.00923061242761,0
16.332667447247946,40.675629329092,42.24123766623978,21.41891190617234,0.05200655936853769,2.4839845692709845,26.875826666510758,66.35622213555963,1
26.09747946581457,20.799182259502174,28.037138027041706,17.825089371119216,0.0014619358279823152,2.2151320272496093,9.032532773824583,85.49633524133812,0
19.470297203483806,34.49401025725335,27.37292745714886,26.864030723652515,0.06272426148787093,2.437485770763451,16.97273272892572,77.90384501899854,0
24.679719649200553,43.46702383801173,30.010385157785276,17.89003039923993,0.09903774334441594,6.181596372410935,15.819588100623454,58.90238724013028,0
23.006306712526666,12.729594845914132,37.77727132317173,28.106933117964804,0.05410560950404017,2.324220021788411,23.13277118514899,52.39393068032283,1
11.45305910429595,29.668634123228312,39.514958130717815,31.54406567474339,0.0015499891183994334,9.109707113739036,3.6363536019355216,54.9351151928604,0
43.12195398300314,30.836195757024267,47.883151001830214,36.53060456051611,0.09756809108387474,5.717233350062898,28.895746177393164,72.8860945437774,0
14.17783969352363,25.107102971077328,30.486467869692525,39.279249855168274,0.06592504084127154,5.789525217583471,17.32477761483244,49.1447613111484,0
13.32287824048314,35.85055825866601,36.64358027343441,23.942634983677483,0.023777051618860883,7.134875839311642,23.496566412102872,69.02587135553365,0
5.429724467270019,42.02131573431645,34.67099376848428,32.994146079390696,0.01992176314729094,4.532237540607417,17.638576573850454,64.14797024659889,1
15.943152372285002,31.058685703551195,30.126816656500406,32.925234462063564,0.03267903610988678,4.616049307768851,20.952750305878045,30.05084498979857,1
14.018675118750155,34.157665543412726,25.327970757546147,31.278187158159838,0.10090857441010143,2.4182588692679543,4.071490448303102,46.711107229740605,0
2.749713779724673,31.55554459755118,33.29429936641528,23.205405890495413,0.01452158257875137,3.0932532814278053,15.69070576319574,22.263689100682633,0
20.87984221983743,33.15001139653975,26.946031799526324,17.719321875358894,0.005321599543076509,6.738125199282485,23.086567268062073,64.01742252830284,0
62.698559084096296,28.51135748549338,34.93981437151098,33.0200188906656,0.09998952939913495,2.697444127114099,19.732394080282166,93.64991649700927,0
6.5658110155898814,42.06931766956741,38.187808819668646,10.9313743780695,0.001332080287348826,1.9950949514113907,8.178953443639454,37.95329287169791,1
24.336881023330243,36.60248583508789,36.94245068344094,25.32160567431689,0.12095427259389212,4.724441186726787,18.368549363259678,50.03307390776559,1
20.48801104371149,37.0220165565825,48.20984614015481,5.0,0.018245811533750135,4.113172734421642,13.08754604483097,66.64153419964458,0
39.203421408837784,27.815416921069843,30.824423170303206,14.635975766417365,0.035486465533634146,4.91467956801722,12.567484492959373,56.88438884896615,0
41.24599030348613,31.594694565630512,38.691693849079634,19.228660615525754,0.0070952044299004,2.0917000585150425,8.875834360099693,57.219106554695344,1
94.25487803310055,42.376889727857304,53.36283160382757,38.96724207629284,0.11626964595110428,4.609804326971607,21.71221573144278,91.9748871992175,1
30.074587300091498,19.16994116052521,38.12091301857046,34.88108024404269,0.0692819734573039,2.4753015011269213,24.67808666361381,63.59148579142449,0
12.459961354316643,14.988650951170714,35.22081796810704,22.460653161577575,0.128953561463454,6.432675211806934,30.72085880497707,45.19111895989361,1
15.569190596055845,26.327899283022703,28.077653989045082,35.29369795129751,0.057478816250430324,1.6367479596003274,9.15570964954243,36.79809976835466,0
16.938648275737602,37.76600490578454,36.94354640685619,36.876229633803966,0.010209575112657179,5.551078917445847,22.604232967358854,100.0,1
14.519164485586485,25.646500773538563,19.712389973175892,26.393351516252785,0.01842776201432514,1.171065910813495,22.99902822252545,84.82846871555736,0
73.10395054658959,30.777540606081303,36.30233145014784,14.156218557863099,0.03335921510650565,1.8659519020306017,14.51697193669195,72.84628991838767,0
39.87881301707415,27.83496542018442,33.329667588984506,25.920876899338857,0.04673014470669609,2.2023976484545265,12.494529687544016,74.29363277837389,1
35.50112411127513,30.771744385238144,32.49577875534471,27.021075948278636,0.13049590760066823,2.4348529643618124,11.485546074198417,64.7722588908002,0
9.628720988462614,27.905718520068355,39.37984571397023,15.675456091697741,0.02422147646244928,3.938820906378445,14.835880539238708,74.5825951595613,0
40.95813584197044,57.798934898361125,33.457375379949276,31.67046792929968,0.06071328337953455,1.9553614299964757,19.215729575135697,60.378411652625886,1
53.11063055916526,48.512800868747966,52.48402315678197,30.798118543023552,0.1622210276873184,3.774324858472382,26.160672063040877,67.4745278646807,1
20.78305193863469,43.36519891361248,44.56019706896726,32.450426998941865,0.00826579265136019,2.6849844662553792,24.632030028060697,75.9876229906444,1
15.416563070710232,43.99828810334035,37.034243404120346,30.789230971674435,0.0992828403404161,5.717943370849616,8.307498334388026,89.89119918083816,0
65.67602597658339,29.86319520314701,30.755441378719656,35.29843035114983,0.027297263988825524,1.629789806752572,13.266940508396928,89.25643161524826,0
13.753516511335489,19.839381326827933,31.78064225271993,26.206719721269685,0.06591716644809828,2.46895183236414,25.797842245856824,86.25941146613101,1
12.534892952549523,20.81153102754186,40.49142226752698,30.017851073709533,0.017374317202917454,4.02051694538582,13.613443004429591,62.82071852784222,1
10.746173286025924,44.956987326282274,38.79565668003299,24.02259715754468,0.02032209562126029,6.825505264270179,17.658515019538942,57.80407854655103,0
23.43219579357078,28.042911480210705,32.36941180791809,22.155007843780496,0.001375406396311747,5.66827764951709,7.768266392315487,40.610722072485295,1
30.00910078608278,21.987803295519548,28.94006913921479,41.382496307620755,0.17772468936645494,5.958253796008542,24.918200493077688,72.08479551733582,0
48.31736354217351,32.9376425291279,47.431249913262945,7.562312984735037,0.08395348919586362,2.501393373177696,6.523510764891672,80.3491781787813,1
36.654389620911395,33.11210312599044,30.29377642689999,36.767599891542645,0.004931271143680955,5.1914259431172605,8.143136515280286,67.83079698827419,1
36.23759691469443,38.11977227414978,35.01184812070734,21.794591245543394,0.38093251766748165,4.778053288648211,24.30490236502022,60.59699949144287,1
58.627235577953755,41.30359554381349,48.228923451613355,20.49961822356879,0.046446589370990554,7.0658503996139945,29.520370077399342,95.37649871323774,1
10.28095996699149,23.260338356313643,30.480222011428367,30.61577484065407,0.09611458691679271,2.270712580607838,16.256333491650512,76.53325615134811,1
6.15786379887694,37.78024349496865,44.20856827835164,13.103903876489973,0.0034493273223764223,7.065933961363922,17.71882312882305,85.92395451756056,1
37.9301628249159,29.297589086235806,24.428795179270658,19.839769280537972,0.02466985094592929,2.251914056415975,23.44967735869793,58.28234613974011,0
22.590370309514288,31.825792179376712,31.08797669872257,19.50860353487008,0.05538029889144143,3.5651875299429205,19.736686888184295,58.89456216368251,1
48.436534688972216,44.13322090837938,49.52876067087358,25.78601741814905,0.005626738274421352,3.5803548639474094,15.760690923740015,92.73496558656839,1
24.257227098866966,27.220370025386632,25.477430284046292,19.958623118393113,0.03355977836161641,2.3898752030934336,15.087278271685843,69.14123922343654,1
14.972904410829956,26.55242142581312,29.410576252167587,44.01118685639269,0.029230594201790513,3.0526531952913563,8.599212255090098,59.45801920698767,0
38.31928392842132,41.6645730861945,38.71931108160963,45.97016516497954,0.012169878333723454,2.8158510629134077,19.39765063272132,65.17113142924167,0
26.607211846811758,25.41375001097157,22.252263860444735,7.780064772519367,0.01785302490217269,4.260146659238436,17.448499067583143,70.15523447734779,0
24.273359641688405,29.793083710212553,28.606752535109848,33.44322704765736,0.17074203321366824,3.438608368153203,15.372922925323916,84.89894916586883,0
105.63508197438985,51.402684076587406,41.46216708524009,36.58663439077574,0.017029428877684275,4.413899205668089,11.989111226625669,83.71932361350414,1
55.66007802625147,58.88993611829747,43.929428320614676,33.42985202391105,0.012003432174911559,2.7218905447605977,12.596814880239416,87.99000805791695,0
41.772395939822125,42.31990443860079,47.170777942137406,21.418865069083054,0.03841608140564287,9.343539140857903,21.7102615230402,80.36514584065515,1
27.228077986183045,38.81060932782758,47.85590128978906,25.559044378414583,0.055578499016700526,4.55145052483499,23.289981890454282,57.27052999452201,1
25.510894044373657,39.134649943383344,28.80518100134605,20.517253452223045,0.06456614121780783,1.8795480715988773,16.0373030622563,56.91523828906788,0
19.570220589487192,22.203630347752586,29.77160029244095,23.797359688411714,0.07017145316214679,4.265094535083255,15.405122560521725,62.160045238925264,1
29.304050889375443,35.5515750202054,39.61461647548029,15.90034971332824,0.0018763968940732551,2.3623597104198124,12.87811172031478,50.80824535794107,0
16.683588617617175,32.20487340927856,45.012729090105005,26.852111783654497,0.025023999607142817,2.3816021670408722,23.620920261445548,60.62463488653254,0
8.320708880561973,34.46395173581186,39.53350307286178,12.971982886949302,0.07435174046125616,3.476336245943577,18.185974617935443,89.36564302708317,0
24.04646171209606,34.772049781573116,36.2361271253679,25.998654457718622,0.11761613874089723,3.4245454139575706,20.207405875963588,69.33843730500865,0
31.06802187638609,38.45720005562904,40.71522027811266,15.514183109002355,0.0460903111299738,2.4546505695878325,20.150820780560778,59.71681438396542,0
48.51393366279644,34.16241810042745,39.05511791486106,30.06816361791404,0.0026862257130627755,2.809340073585946,16.15379027679638,100.0,1
12.599228536529322,32.47597345419732,25.568675043403985,21.205804390571092,0.025262543402869365,7.107449813258727,11.00783940093947,53.5605859114128,1
25.664363630518675,21.57136888400788,30.170937893653303,30.905803478745373,0.003856316996757655,2.1795014080835258,12.023201065884484,55.70462822402292,0
36.45414856289765,32.26904950440551,44.58090775527173,38.81580728364782,0.06902314241146826,2.5672276656729465,24.767313195884707,90.73311493968001,1
35.882784880726476,49.290753213875405,38.057447135998125,43.89446936104708,0.003280579862248115,11.705167809364475,13.645894110896569,82.09632787015009,1
70.71443031054181,43.79524794286383,38.553672317525084,5.0,0.010273229134921624,2.6476316223885386,15.537826081509897,77.19200327421257,1
19.875595444427663,32.77212894283338,31.16871998092518,19.658059061262172,0.02697483906101444,3.838890651336892,11.19365678777274,81.45375258872295,0
11.673905605855888,50.71231860342185,21.77405147651374,24.96913922887986,0.031055129446287123,1.6154886324970756,10.70360088644156,71.84378113960868,0
26.942386191500894,20.433008145714343,28.33792467616317,32.60327818381483,0.026084361595157216,3.014450352066407,13.385010017827664,52.5955910022178,1
20.704128710921868,22.011063752176085,31.21876094609342,11.496454958454706,0.03112480458367884,2.5373774831188163,28.130443105466753,33.177055136969784,1
17.9194910860448,49.815037775669445,35.82606798322057,18.179075931997843,0.062455334644777316,8.309619181553938,21.948224347154575,60.07372094159961,1
16.00849813429978,32.86088408063431,23.9072580411759,29.3035720265711,0.023043776704352988,2.329470223906379,14.839266771458261,84.47557216533416,0
31.158182900846313,32.24789707222901,25.85430715063841,28.848882415266672,0.039676058498283255,3.047692994292938,24.49726076731197,64.80458525497004,0
14.201293811497488,20.138150820768193,34.16876125739179,31.77618406420093,0.018074989492583467,7.500800837594768,17.08620676022132,74.74171673753816,1
41.747221741497775,40.739045925174786,52.075816554445154,32.43675726888116,0.021818965420079172,11.666571065664112,26.126040281951028,76.11672607497556,1
40.40025717340748,41.504637271285745,47.66132163575776,31.385944331158626,0.04756986068028772,2.5974757658976166,31.27038210237728,47.67754701546551,0
33.20250248492447,24.035431764389706,18.85940466711147,29.936553166314926,0.033715746454838484,4.538372952557056,24.168970435597146,65.54456509139015,0
10.264236169927862,30.1368795699849,38.891770312399586,28.557397733263677,0.06419344048763108,2.907499198048541,18.567305731335463,72.43603719068425,1
30.15053894657549,31.167422521655666,27.161670002187947,34.64763089724363,0.04111026828008785,3.1649742074139517,22.19585924109816,59.22291395674959,0
50.70238710586773,40.16512953006787,31.407915311956934,5.606773334357747,0.08137349718094379,2.510556882664067,18.090427315693272,69.70240506575426,1
43.819352229938076,25.380400412284274,26.45635538114344,43.443334869712345,0.02929615928245402,2.3481931672785787,6.984009816149744,79.64007682744429,1
39.7014591816398,48.47469342237754,45.038412967794464,5.955179491196759,0.03376866577159646,2.597909118394626,14.072247514727735,74.02974182347265,1
25.37719734894825,42.96481741831828,44.85995397891962,17.20838183095508,0.05542879033890381,3.943846657950466,12.290450426080696,85.77908558366036,0
24.533663217417356,30.04829389528444,31.235068987875472,25.732392033498552,0.012502871643740754,3.1442260476312187,13.939253749014764,75.66179634093565,1
56.262992374978616,36.27526173986308,33.86153876788104,34.726128910898424,0.02438227983606138,2.112928987644321,28.762028595836664,61.91484849896547,1
30.803228891222513,33.25626283090722,37.01661507824923,5.0,0.049020299664832304,3.41142612546094,24.732898457127952,63.99744506930146,0
31.081819252631103,26.879187357829633,35.29563125932579,27.718756760581655,0.0014650696358963567,8.996179525184743,20.645308808649883,71.52080811392038,0
125.31127462519277,44.362397011428556,47.154764458639654,35.923950394157345,0.028721245629035247,4.864124515925827,22.874057702708146,100.0,1
19.536582029949315,30.22778362774631,21.816137647024934,37.94518116028477,0.04567098490021321,2.402442467341656,6.647319084564865,61.80443195175527,0
2.437943426660688,46.494375221070385,38.75796880686039,21.026703415025413,0.17113463596586825,6.89377605764363,22.369102278537177,39.49905664936171,1
21.84577871269465,42.74304989020856,28.553024948954004,24.991647130449678,0.10478527899868102,3.140463339664336,23.637745897213005,75.97765929490676,1
22.84505400490394,42.77330517410183,36.701783837133505,21.83851871107372,0.01647675442451207,2.1252517187538937,4.561516873876302,58.2350370758208,1
30.474663824041464,38.27045570365013,33.498779980013964,24.073253464739157,0.035383618513923534,3.2609166734046084,22.591420522676394,51.81541297118376,1
35.64626092314247,24.173669049159024,29.295471988441992,17.68173449271565,0.002903408164713212,1.8640503384155656,9.45555814399749,72.41129737701608,1
3.063058391865882,30.04454771300609,25.619875980318184,19.10747837529082,0.013771499489109147,4.1987655309944065,6.179967861323808,80.20562630549772,0
36.1598423128004,45.12886094305386,26.153226031562113,32.343769220283676,0.07455072477507692,8.140743147366429,25.95790930115747,63.6237603676448,1
23.90493331001076,21.003093702828735,11.64573726741227,29.316153732727418,0.006580320174582589,1.47742078266075,11.957705714325947,77.2295949697416,1
20.24930461728587,39.40292776132552,34.71172987041149,32.91586507590473,0.014899452016771845,2.877154920492743,13.704319563693737,79.27856586909367,0
5.0809316438851315,53.988231999210434,38.14728395302066,30.140143897008368,0.1441581417985304,3.0019854474798047,23.937627256544072,77.89313373377645,1
64.07693055910427,50.22970604376296,34.68438109907457,35.04338601147596,0.08682261520079282,2.406003796731093,16.168570366485593,66.83130146754183,1
17.725554651863597,46.79912455339941,49.30003752401305,36.782139981549946,0.076123510968639,5.626508092066692,16.919007757625508,51.728880061371946,1
40.06800830739993,38.193588750531596,28.401930005850154,10.58283380133896,0.0999604005684243,3.343344004929139,16.787478561372424,58.242305087101066,1
12.43966298930954,41.54526893604633,47.952780231528955,19.456903495856373,0.06923591750037479,2.530028783843106,20.08559262584871,79.35255267969896,0
31.43652241776165,27.53694621912389,44.00552844180361,25.686240425099612,0.0064249874084656685,5.850573919755792,16.641993501655943,81.2982018036145,1
20.502657150627453,41.03403669600638,20.806410944087503,27.77322474512659,0.03634154053896312,1.4545859486590416,18.684756446154605,54.743272419620475,0
39.229373243640104,42.42828732715365,37.71036660285321,21.299094261819665,0.029371289373519634,9.626432429649547,14.978651247523764,100.0,0
19.968586484990713,35.89439971312524,31.16018795856217,37.12023670988306,0.018636701483057117,2.5033457948550204,20.110917539276173,52.84825779819066,1
11.93916380012067,44.95094876720308,14.685947949143106,47.799483682905986,0.08980054761529,2.650866134696785,19.883058191427406,82.37979403053504,0
24.72796739737291,28.32134673113205,19.771408667905504,29.86161955581734,0.031194042878141787,1.1506079754068197,29.387315026105092,92.74057506755274,0
23.80634058329095,31.70037592275702,38.87963922597061,28.843410321982113,0.0031096025517220274,2.789194143294063,15.712494301957786,71.40763220655865,0
29.968623216126645,35.44991389600196,50.33355958009089,36.49456255104331,0.016076807726174865,5.759233002010616,16.895006893170123,59.44786698951287,1
47.48695072799357,26.826932898305028,37.952198300915995,9.341602447965641,0.01297877660186251,3.194754996205531,19.432945955622248,63.27921973387352,1
9.674763481997651,33.72053396030213,36.07727336422467,28.284689404384103,0.10923071921914823,6.50329010087343,23.78661386588832,63.00359969095642,1
45.87971222951209,19.692652704888342,27.706402028906638,37.79035825467517,0.05212645355608775,3.097303914990662,11.450489080936793,90.38900411692292,0
8.345164556142134,41.72132002770341,50.14983132826628,21.568460027988884,0.04109180338254683,7.785627696840021,18.621459130650408,48.67089572073071,0
38.199074043243776,36.19623477214622,51.66440752451961,15.734394200980345,0.035326744029715564,10.686929583128341,2.9530437836695977,45.058324322457125,1
39.02400123310662,30.644671145928356,27.563127022177852,26.141943899002218,0.05250725562432206,2.5880427660009575,16.37080849966563,78.23562510516088,1
16.980804020139367,24.20338448006969,13.681461309545549,27.393145667980793,0.07029946125367086,2.3496115647708518,24.436362180596166,77.12035207291407,0
12.997211577314557,29.60379144040531,15.056016869992511,18.913477180845415,0.04041496341589165,4.355458784916885,13.643145381916092,97.11898401745194,0
12.410155991902455,38.7441205065095,46.07269613988222,48.96161276050951,0.1392617496370453,2.804492176849558,19.061025691711873,46.747246569379534,1
26.494661469416496,39.45158900778808,35.40416727692014,23.213036189920544,0.18825384794573746,5.72585024788928,14.826566553698385,68.27683311444973,0
40.7652291749955,29.059404903464717,33.08969724505563,16.46340648573431,0.26846185404048617,3.4470696409768027,12.843586813597904,90.58060731680628,1
22.356085498719718,24.893016098531614,15.63199849575894,27.063786809293884,0.05534096018613824,3.3672089472614934,23.82891598960861,71.28414961378492,0
2.094773065631124,36.88320302304114,28.727769906908726,37.07860637704491,0.13487069841223392,1.602834396361379,11.728447860926078,62.48736677720336,0
16.084719313089487,25.189233850813128,27.711847029118992,28.17414248998231,0.02591598969440294,4.292065454439318,19.75779176317856,80.06552631656102,0
15.621985918742965,32.94239562860648,34.83966531835516,32.85593920044002,0.09816027977320718,2.4863928131179227,19.850109724596955,59.13356272064962,1
35.47912095666067,36.55941456874187,31.435029516186674,19.284894056668428,0.11994064899496192,4.8436466633089905,12.889202897768257,84.86698682064437,1
36.757658961378155,38.634270161474106,27.1550984781789,42.876884464035136,0.11724357062881637,2.780998660101078,18.93411154174577,53.5480839094215,0
27.995228411321776,42.78198856351698,30.836259484586613,33.61711027918443,0.08884737044382264,2.1839166013999765,12.390312975192137,47.8075701330209,0
45.93703964692612,24.26092657836569,39.37095691892414,38.4770156887761,0.02609425791604856,8.073563594098292,21.13075124945495,70.08358764570028,0
48.242492360860155,18.124780601524147,29.208189197437658,31.651606324751693,0.008652680776220051,4.3572801044155325,10.110325712142638,36.19915166872353,0
16.87181585097578,26.85629956536285,35.639774281789556,36.24884037728784,0.020320003978723276,10.275033435320836,15.962366980848953,69.6448577208887,1
12.172098926723338,49.84109891733036,32.74544907991351,19.269474403227726,0.0728978043913296,2.543864099387286,16.483370042052602,41.445999644774,1
23.55935011211777,53.75564351769145,17.87166952387159,23.085895833104374,0.01325596103027996,2.988773452107541,24.67773202926402,73.9481778309192,0
27.954704881328347,52.50497708785813,36.81715638006728,41.4648059555603,0.03253045119772402,3.7322386035604236,18.84025843027135,73.37283254801986,1
16.190817303562632,30.4988089179275,25.26695913176703,43.59741947283964,0.041666405102967305,3.5900127520122243,23.730080940672355,67.21872766824026,0
144.45355549593842,33.84688250454248,36.330851150841625,16.529344002809232,0.04629919829675855,1.8946824639443174,21.328146290939273,100.0,0
61.67086414458777,15.820238605169758,52.61388515152264,30.49736067863812,0.13722965288127034,3.3205239148694137,21.289818005374553,80.39713485812887,1
14.977646628820192,26.10626537882892,36.00383429247761,23.690561995147725,0.05416052838411566,6.601416259022959,16.00840085861959,63.60052027579496,0
10.051233437247888,29.52694871409358,53.69846076070534,21.029685306351382,0.07715882882784048,3.787593562712721,24.12543530114932,94.47535139460656,1
13.990388007681167,45.10481221171176,42.592082447400294,30.8483969535545,0.04359914275237074,8.599801489904426,15.862977544187984,73.69773800482288,1
48.815423547388484,46.00036812753273,33.361057350431366,39.40962932365408,0.08966212407595797,2.1483860482612687,7.621047120419355,86.34170601914086,1
49.604879446645484,39.71478270691303,38.669241707732276,32.51662473284194,0.015303410860403797,13.856476437756312,16.71127698919864,91.01717204891798,1
62.159987449725385,30.42555040804739,46.41532895904062,24.80487550080965,0.01177837497597991,4.712649457795843,20.720858427864407,87.45423817557642,1
11.859907427723611,22.17119053170964,43.50497698325377,33.1486117993516,0.13040122743942112,5.1709831067044565,8.36024568772312,98.3144752694168,1
35.38150379618867,37.84850244014265,30.53670203171243,24.40023826419099,0.059123756596924905,2.53805086205288,12.689385847677684,74.56640403155568,0
12.835040123919065,38.895765806985125,37.583775888388445,32.12114300730602,0.055664815211776124,6.629675024469389,10.616469358935866,67.46258783724289,1
70.91530817860743,44.55610884924696,26.38830850232962,41.96465700455733,0.03148939634566885,2.8963669104008645,22.720302628253783,69.43948031862226,1
12.220533642598987,21.4871004503233,35.19218917766076,7.228403406991724,0.023636146904326503,4.044351517705675,28.037175822074975,63.59999768012007,0
8.041888426173681,37.712959551846915,47.51202141318592,35.97252298540033,0.04056177251862359,2.574818076345805,16.741805074720702,55.6400091494673,0
9.535611836341717,35.68945144646538,34.59417621151428,12.609450784295316,0.006423857879196703,3.727318923367611,21.189182178409556,77.06530106229144,0
24.809840290933472,23.014811981738237,23.86685235781427,40.28327710544461,0.030322110624721663,5.418578102099115,21.03311619539834,56.27722434840712,0
40.37270657183767,28.21269628277309,34.16612612332974,21.629743901271393,0.030382219955763998,2.101025312514116,27.32278167863977,74.18142386283945,1
38.60989253787226,42.6764436262965,40.41024970142393,15.82328622393516,0.03864595181482104,4.697243026949444,14.084682576284358,81.11518252211008,0
9.915518414178155,29.142252410667815,32.30605161906409,34.952692270887475,0.05034984828155395,1.666760435650381,16.680726211450054,69.23796198176395,0
18.445957097902046,48.658366581049876,40.89306762710758,31.641700631424108,0.15769932840137565,7.257528227439357,15.95538810345565,55.250468286031506,0
16.564743305332076,37.49600425644558,33.60788289882326,18.00813097038342,0.05280194573663887,9.81975065342567,18.45220344024158,78.79712237115618,1
8.654977825148666,26.43193479187961,38.54041334256309,15.470002428316063,0.10758992553589544,2.8014897775853496,33.025900812700854,65.45089993699052,0
16.247109672065697,32.335010446900526,38.823823740081224,26.125185125087178,0.040630766175904554,2.1676939869535943,18.184866691183878,25.15873868771639,1
60.447309046665666,39.70093028337703,28.015546936197623,15.959130498288033,0.04929917669323347,3.5500398480898525,12.87173608435764,62.33918645058233,1
7.572798616616891,23.85201666007543,21.456081838761413,17.385270270763723,0.0036197694482217463,1.133381328066551,11.073016638641285,87.53154326936436,1
29.3211848103681,25.272295739778947,28.073922959699082,29.156207904214334,0.007151026355869019,2.721134637231618,25.51587004387828,93.12906458479388,0
61.35315852616991,46.21687271702048,44.38144607964962,18.341283657449033,0.04333580986512678,2.8533741958352854,12.844472976131525,85.16229985621196,1
59.31955505067721,47.35066622802253,40.12472580233553,32.265392900265425,0.0251852906570409,3.288632897364912,21.98152175519457,88.62494566451039,1
73.03985532269834,46.99379299393434,33.65231391659249,42.90143595883477,0.08017540638686596,1.7195048456297146,13.921852024448231,67.9335613456717,1
31.38911341476783,49.8615479554532,42.036767955987926,26.514445850994175,0.039173059338712804,2.207821939386565,10.399843580500969,67.37565640186769,1
34.70308961266055,29.78773108178306,29.268608276535048,29.301510619855847,0.10697700664804838,1.4956400499227998,21.63119760181093,90.47111692942667,1
16.49563066809221,49.217052260925136,46.73071258616311,48.18096732835487,0.17937335735132473,4.267139788061138,14.21553079941881,74.68785477204956,1
7.411134933693091,22.102459054512437,31.505451102341354,16.12398882622653,0.007987032866068031,3.217656056927666,20.55255383543336,67.4564527450444,1
22.327153391184417,23.222217374992738,26.766661450379946,39.912351951807416,0.025112107673285023,1.8692820611577088,20.995697645076262,66.66330253484159,0
52.81401590769198,20.322513564661293,29.981155602236214,38.708575979124824,0.05467840538403055,3.579611313018867,21.27759147007481,93.17988320005901,0
2.046781785443316,25.849064129548328,40.860010128012945,36.54317339173783,0.018227346299529403,6.3549072729881715,16.39110789634088,82.23983866034087,0
17.111791531231358,27.529545361390166,26.454777532185048,40.91747850732631,0.015532684750738596,1.9723222013111625,22.117101339028245,78.16743456777769,0
37.06813233275915,40.81959265246038,39.549092914161434,30.80574965958619,0.08403020020830386,5.544963530497958,12.464722029311503,73.40775245779025,1
25.06100502377774,36.19806016977117,33.915541344180504,22.170705044007327,0.1965563899131665,3.868210744553096,3.275458493615197,64.66085371825373,0
57.18381344097088,26.647838305954267,34.07500479327851,38.94573291220567,0.074317522120446,1.7725614104839602,22.241353038720646,86.83196848346488,1
49.266268444939904,33.46267788248281,28.14855162022728,39.32842211712895,0.03708291457784871,2.347914563686249,18.993543029024817,58.32460601437078,1
6.507728625074612,27.261539082884337,31.787299098428743,39.05313901493288,0.02921564614189641,3.006931395925072,14.339530535916175,52.88299801121679,0
26.638596576282303,16.23596701682342,35.35697306606377,28.445020823192365,0.038788162882964605,4.399141658058754,9.173083428149729,48.56134890348237,0
13.384031628264324,22.198137474105955,21.383199139673522,20.838054863866734,0.03107293614246423,1.746073929962872,5.78053020698794,86.20525299554974,0
13.23648096531712,24.277335838656676,19.075693508862017,29.913622541116112,0.03494700201959736,9.071365592489235,18.310460089253834,56.837296831123254,1
7.03832481139034,45.39199891991802,27.825155052071494,37.42230017567836,0.01137346033237916,3.6987028832656037,27.892715794379715,72.46778176355244,0
29.946024626027985,36.40641085347772,25.197264099789578,38.243517898599656,0.11703613328863581,2.192886438763658,17.168655501414122,69.10584211456269,1
57.96534868393516,45.31648984206527,42.889182239967425,23.70323872925405,0.0702300457154088,2.348580021432705,15.831987679850727,100.0,0
31.878726805341124,19.79545404930905,16.671304132799897,31.1537289612739,0.057124670172268965,1.2338058700709955,17.853792945024942,78.00432717160577,1
6.593142493146013,42.93111620411182,34.789283723696485,14.91221695514044,0.1497116408894674,3.0767938933854326,31.07523067145262,38.38651710994905,1
24.0154769823029,46.61334217758636,43.59165129752021,37.84950103005851,0.016731300331554563,3.544770113046525,22.5114253599188,87.43463174540933,0
36.062597716587454,15.42593998604186,29.503648478805495,20.166912432749363,0.004232131646394324,4.394795265669002,12.398548489797665,66.40525508923223,0
22.686713732614,26.349839820733617,27.455464088593565,35.85255359571548,0.08747485980269715,3.963317203083636,18.16862342341262,66.523425717287,1
31.474931799895515,39.67889550013943,37.39894805409662,16.506954226098383,0.322420526757362,2.3194196365471527,19.994621466929644,61.207302414828455,1
14.330984490118405,38.59353220889958,36.29457552146038,38.314159064340075,0.043188761249532734,3.6222509918305326,11.66196680052693,70.80038467760062,0
20.707634675397962,26.321197896437475,28.734551514189498,31.218351900227706,0.003030479829326933,1.4784023742010814,22.554819734055357,71.87922400020192,0
19.720423140254503,29.903068840501646,30.27454978696402,20.186423043830537,0.07581287270636128,2.5305425866310176,13.093147217133877,59.26192696332147,0
65.00439649095293,33.77684886319151,51.39415902333229,34.91356381080525,0.0038305037742643504,5.458446967247394,8.934325395959576,70.37871149089416,0
10.114987335748719,32.6214285698235,39.52305865937981,22.09638308194669,0.0388279597436358,2.9961668285381604,18.45680132303867,68.5422894634745,1
2.4560606682691097,42.34019441485949,56.78128510604094,35.495550374451284,0.01625414035049432,6.4499241040370725,17.50706484305787,30.35023983600289,0
62.32202588540686,31.637882311398982,28.679447861195584,25.258885246192786,0.12327095689641812,8.906358181937314,17.993868586783833,55.841943119525844,1
27.310678822179696,44.1048068010111,36.96218994529926,10.789528743703372,0.030013016118679292,3.717083071828413,13.412132294023273,95.51201720590622,0
8.23725894705691,23.41886811858966,18.710541125222683,18.17583759519063,0.11436677234736439,1.2488442116769731,14.249324292773753,71.564765954215,1
46.41317258525853,28.485703762819934,24.917747088411396,23.695852913127155,0.01776815347359195,2.2009179624493767,24.770679962214665,66.40899971594001,0
37.610910242824296,43.82758271985578,52.74633827724233,41.681890237485774,0.024499100439094035,2.656374130681394,20.64651369000449,47.08093957551233,0
71.93987494096146,50.01034502122038,35.8278636897541,37.01143630529225,0.14698573663535344,3.637650921147924,12.25952354053629,78.54323251399514,1
28.918165493950116,42.85182419171906,52.494980077843294,44.238614123221424,0.01123939831441257,6.071850024639382,6.295818633479355,85.5615144755066,1
105.82436777947125,32.71568108473927,23.139374348456585,44.53635216029858,0.043196911690619705,3.1451493926218825,12.51350158732674,100.0,1
22.84211068393544,28.766806821869807,23.07897045616171,22.65249195409085,0.024592860726460938,4.238313093352174,18.94379443296114,97.94926851172255,1
37.65998618353643,43.87888384756368,34.821703770838106,26.115131402411706,0.0743979490995427,4.959000516844312,14.20840968987335,59.22792693477926,0
41.46187188363203,36.63469918818375,34.14388030184008,23.887200756694618,0.006922681272108995,5.514980776577924,13.742098768939076,65.85538140596205,1
17.659044100335404,21.911928153075667,36.1494696008313,21.284893946989236,0.02874287757371031,2.4277754721125824,14.465037366416023,46.459320366517005,1
17.207482031786608,37.164301696022406,38.47188401589909,9.585052906635415,0.060021060410041994,6.0236474335038785,17.563754623582273,55.81667040699805,1
42.045726604594385,29.158786400774453,28.33299250155756,27.852522819831577,0.026129412905494004,3.5398260504652734,22.707767477750092,70.2164978740476,1
7.552613183422149,49.078140461435446,38.56472973242933,15.144344062888894,0.003015732142248425,2.6124441738741746,17.99748477632584,61.00346768729227,1
13.306790127473478,47.444433143303606,36.42526989904384,27.658281184656726,0.06105802709840672,10.552737955060163,18.371622129105905,98.47986762418616,0
22.358223590017534,39.394707802058306,28.440653238217486,49.15770809562984,0.03497821910974946,7.420806297725241,16.650837816703078,49.741290580860266,1
70.48162895286303,54.18231139062719,34.56922106343791,22.906549036692915,0.0005686558039555834,3.4371643346102836,15.003859007071565,78.41990905275415,1
42.065413236872445,36.95772548676468,43.00616132617315,29.947740056280672,0.04742209107019958,5.855983278636947,23.36544522791958,42.46118621292484,0
26.513066501910533,41.63133491903674,22.027214544197577,37.06648385809283,0.1262121265366046,1.7076141556806717,22.454412407065178,75.26597500769812,0
16.341572878032657,47.22843888472565,51.8302451334507,30.80291291965907,0.005884361599192599,3.667347553716019,30.2716795059963,48.142734465467285,0
89.06414152149283,45.81460804616705,35.581889413648966,30.92484187942296,0.04466183097256449,2.1857071060529676,21.663385790335518,99.35222293004044,0
23.895304220191353,31.032423917885865,26.232900716017063,24.3759756631192,0.0652207682712684,2.7800111093166775,15.009514069155221,65.4136724488089,1
13.29555671530275,14.948113925524254,31.897319895787856,25.681220249387675,0.0036701471217575874,2.9652296915065417,12.57209214533886,46.62934731881716,0
100.10211739030768,44.18398235133121,49.55532561370942,18.39989477812172,0.0011437554933910775,2.956345750000574,23.7176715642697,53.47989717469217,1
7.90424270662063,39.41986825161621,44.70900683347814,36.46045008889408,0.031199330376979185,4.469828042995674,13.11007869413934,51.90128621217905,0
59.158834539396054,48.330159456585704,43.34688017751341,10.58508343385904,0.07831573332750127,2.417994990996766,22.858420119132425,80.42248026902179,1
25.282019432233522,38.83595357201912,44.229289346582334,37.71088338382202,0.008760509734699688,2.338817348616028,13.440516036644317,76.37910859379363,1
41.99567145851933,30.886359769155504,18.622563290511273,13.963016152547576,0.09058911133532169,1.9030851657511754,20.09495030272368,65.92256457410477,1
36.94348338326719,15.773306818014174,22.134678395300483,37.626072740766524,0.05343965496169655,2.161405518502302,11.641492710801828,86.27565232814797,1
41.579293882210244,31.28474310228419,25.22453676071492,24.46182473787819,0.02018632759779206,2.0317890231542854,22.67931212599249,56.27971538301599,1
105.93853858914142,42.847332077831695,46.93604268085408,15.681313118669198,0.03626552582755973,2.943470376823137,10.597970066944505,42.28181008019975,0
95.67704512706905,41.22226709716021,33.42108268747299,33.79298645079636,0.16844858227282905,2.498380410028756,19.63774397704021,88.37371378655129,1
13.920345905506812,38.27361545560527,42.07269863649855,37.28767535075775,0.012195188725763202,2.4603949790134485,16.81296039463793,87.13550637135211,1
35.963932227432,55.251353944263194,46.387397117614384,23.61921351896463,0.03461092037456465,3.3525625712601705,18.61083862335756,91.68279155035256,0
4.46270693511053,31.90469805867751,25.863423734161557,35.20610548678933,0.0489730502888013,5.992595312650494,15.625176995030198,46.395402777792086,1
44.708032561435694,34.53888699265074,29.11988911725002,5.149155053306497,0.007425847608462981,1.9643004854876196,15.484440315774053,65.77120870246377,0
52.006225122266706,35.20871563829908,44.43402778183744,14.794037102533997,0.0022248791772483904,4.528584650534758,18.92868722405863,86.25854526056095,1
2.5034116547757774,31.61935941729351,26.443882577442096,40.924089304687286,0.0006775679620507311,1.6279942441629731,11.987169731460888,56.0940907115736,1
24.57571976554737,25.403420361348115,31.16030902610308,25.763307258020838,0.019629383217194082,2.4316379328438247,11.95186762999994,71.49591686223688,1
41.942688672805,37.493388888381304,28.737025264740964,9.377866735511525,0.003841206427636921,2.211634449866371,15.848703002169529,62.641939297406765,0
32.435511359444924,39.373450067234735,33.237762531567014,21.011338195580063,0.08142337982437862,7.192062605342173,15.615179161685955,55.14627090996838,1
8.066493377618269,33.30683464238762,32.95343830519527,18.765995274749194,0.29608810339186836,2.7648417494968425,11.967621217173754,53.16769390442229,0
8.963745348523139,35.919981142326286,28.105060374550586,26.340382685270754,0.0031631705476484646,3.750627332054494,23.545288157487988,81.1286269639731,0
22.41250654366507,37.69935207503511,27.39616519814299,24.292490161923524,0.0283456666624981,3.2147418337634583,15.99315948941037,69.68924277819613,0
17.657041953038917,14.9295894704914,28.2620224824161,29.789317289381607,0.0013034492707083949,1.7171438632883294,16.64002678202333,87.60963296669115,0
19.05375537991105,39.22676489094069,28.932806686046867,27.305339483874253,0.007192992585948826,7.058201833587172,10.034830044182721,76.6170615002985,0
6.984773936180025,24.337567633802465,23.249766607931605,41.59739255037019,0.019498481347754323,2.011384506289449,30.42981512767272,90.49393325945015,0
25.612920141036213,22.883546391115853,21.640993406830574,32.24548599719669,0.02501887093090487,1.1736315501719514,32.56240437332948,82.39360692258829,0
70.83996255960162,29.58147610539028,31.209326071505565,32.57671611193586,0.14048998424339154,2.2750843272504193,13.317608529573912,90.55810496562088,1
8.41443269976504,35.597581009690046,41.788645479074745,39.651571238945216,0.025195546668158455,2.907275601841122,25.356518287014588,64.87556806041778,0
20.982831141687807,30.92167539900464,44.420899250099986,24.11231249570418,0.03428650367730375,2.4157091276838725,17.449119697574456,100.0,0
38.75848067903316,18.994084262000868,21.790289016850117,15.381225566415148,0.014090525080466688,3.0245635931111243,27.622617556878637,74.44216943422464,1
5.357028667338095,35.58393245202355,51.43605932745911,40.06970324632249,6.257329354148283e-06,3.423437207907785,20.017398518402317,36.470055196579416,0
25.808081696516734,19.475130946489237,19.75241349294133,29.358417481081126,0.11479758549691632,2.9714528796651147,18.598573012604394,74.18211943351285,0
50.94309669327859,39.0396780891739,44.284259422292514,29.393512078989286,0.004262360722155597,2.2277397387005933,3.0043827622885093,60.454235690094265,1
10.273213870889483,33.92597133736396,27.796816902822044,21.666700784697635,0.16655862959002865,9.429992795760189,12.728364159439902,82.30996559820213,0
27.725626045461006,43.0146147237696,30.238459730547756,21.831446668964226,0.007011638645688118,1.8858267675597462,18.123124017449655,81.43237658180628,0
48.46741235233837,55.08695971751927,36.076734632732595,36.46722338770844,0.046428095886192705,3.957524548773925,19.19199751622387,71.8207777214779,1
102.44379502846479,31.719805995264302,32.26834080091277,37.8465579813761,0.37181924424747564,4.129460707239677,10.710997716375692,72.17036380404555,1
26.67266992150078,33.47616192759462,38.03024213930673,35.838234057466586,0.007451956408811542,2.2780505647219926,13.627370827942325,72.53091988511221,1
13.571142654464918,29.272318447727564,37.0678716823296,35.92961605445475,0.02757744061496787,2.0903127477712062,21.320682103504918,58.09572141303716,1
13.672050179665732,36.38830438655948,27.003441631840687,33.69029537259759,0.0758027678678652,1.6812831329890663,9.700735621599854,79.5514699276907,1
6.5719843898793,33.142485367818075,25.33971984703708,29.315227300781565,0.0016359823398509829,1.8338834327623164,18.802378342341235,74.65463259184655,0
74.64917458684248,37.671913760660175,27.735655957355696,26.246203156790195,0.05852412120882462,1.7551865279829024,25.42772118893433,100.0,1
46.47386828039478,32.56205835595066,32.13398812329618,40.10323849941553,0.004189374667710194,3.8484116857918966,20.312817774670926,67.61805557631509,1
8.961586021405076,20.179729351370284,26.390646907021118,24.262791295095663,0.013493426808439866,2.411861878209045,20.01292045899586,62.240932777011345,1
12.896074099721801,41.813026939023366,29.123807079050987,31.69979213880747,0.008722203044523525,2.9996691449328985,5.879091304933418,65.25757971089276,0
26.34151873675855,38.54326962650908,37.57413740310959,19.959870020457537,0.11893899447787266,1.9756945428124393,13.068523341492623,68.60352073328549,1
50.682404878471004,46.780042709722025,56.81256755057136,21.407009631495495,0.009950403278758102,6.790776483999721,30.32521100154624,90.5426650451164,1
36.027865663852914,32.3002184848228,28.88236369924791,25.638454321427734,0.0020637139807014302,1.8181550523998067,14.405028494724407,68.0603884568386,0
33.57906767704386,28.468505464612274,27.919307616216642,19.960616232728363,0.04429118973275721,2.289015678526333,25.586857257282407,100.0,0
29.11183990201954,23.58362531901065,33.910742690199214,35.978518254783005,0.021246230507769498,1.8447722550054393,14.334954663862304,79.55649462628944,0
9.439499761381906,35.00510080161388,29.531509986751193,14.519657484549706,0.026019075191903242,1.7707773227310157,16.33307699094322,59.60185923245601,0
26.603257981093922,23.59255645188174,34.78873843449816,28.99229623381073,0.0063384437815259785,3.931464716404191,21.09352107212111,59.20196632150872,1
24.235379066256264,52.12193754960394,35.100433365609256,29.325080968421812,0.06896285731174773,4.114148000148121,18.604158095964056,85.46015871437811,0
6.474871835602808,17.894804964406017,41.814878846380815,9.89200421680319,0.04600912093912915,4.3507361477659,20.28907470600648,66.72277664542271,1
73.42167706708477,43.749852752187735,40.25814088161345,23.589761794763913,0.022644901960688132,3.6194418904872583,13.089658471638078,79.82023621976829,1
15.234438828103515,47.95371289635339,34.22130156592766,30.55699538048143,0.009411445168717475,7.806028591178156,11.182378863187461,59.069684369258916,1
6.662670235019755,36.99029812789105,30.08658565540223,32.28727993294068,0.04500263171068096,2.919540326757664,12.684770313656992,65.41084883319633,1
17.469339206252876,34.37713800585573,29.640457180678013,25.956927913998342,0.07538859855509356,2.675559927287133,14.8060911512258,58.909545079208996,0
20.33568458491411,23.36551621811816,40.328203817238254,34.76888204480716,0.018727202765859423,2.5852398641429346,16.624311707655533,89.4928087603728,0
23.675652767149945,19.73365602939545,17.743454350947914,26.90683742763959,0.0013100321111376623,1.095338779895065,24.223652283838923,80.49103283726095,0
20.065068284893062,40.71026133190982,30.940571169087892,28.136529120750566,0.012061811098997226,3.135860405092988,18.524048736150288,66.391481067467,0
24.724672767711223,48.770173322906146,35.014784873759055,30.516538689865538,0.05734778410834173,2.5070915280301116,20.90758261505151,67.10291330775128,1
28.010290456702716,29.813043663723693,31.799713731433975,37.269996287341684,0.22593301007796432,3.0747671909778873,18.849606075480793,71.9846706149288,1
26.94266875832316,22.650785237584962,26.891436553859627,21.242819975844682,0.00067332535824764,1.806215430897523,11.307394478827344,70.30543016858263,0
33.400182269416334,10.428333034922264,12.241510562845203,23.131781274817026,0.018275230702155466,4.254526308198473,18.103617156033895,57.32599376424575,1
34.85250382412758,25.42022713699376,26.969509386033764,21.311035082707853,0.003201379008445165,17.553415341463715,18.784692661149215,43.458888839050786,1
35.48270607404736,34.185837486116704,32.87792952896693,24.678022838580667,0.01901540732061899,2.422303108214326,22.559539328047844,60.13103121819404,1
41.93934075152156,52.282133521095574,35.88807072779996,42.26234258079765,0.0260365883263313,5.4888752608500395,11.58847158213921,71.46010579032885,0
13.846615302234317,38.808329217664834,41.01753559944726,33.727253193298225,0.12682816384312076,6.17779485240597,5.757534809109837,56.7018250946845,0
14.286244053121791,35.1937906550358,41.4327836920435,16.68910254831158,0.004199567968484798,13.151799941465407,19.057582891022985,80.1473192665579,0
50.84114115659518,33.624974560477966,32.82289622635604,21.995530344113256,0.07505924115500397,2.4804355495758843,20.123100009530283,71.73093119280773,1
17.910576560352837,26.85492931149336,32.58630441940318,31.727672242764022,0.025170525528380106,4.450828649869747,16.923691162097715,96.68571893749987,1
22.669624880233286,47.45691970711463,21.694319904051685,18.934922190672296,0.08336999854379863,1.6043544164044352,18.168125404360747,61.11151110260942,1
21.125913825769388,35.1762724814493,30.70168681528507,20.74659959185243,0.03601586698265593,3.495655149504108,23.272634271496827,71.33593474567724,0
100.04055226757313,23.98007592092575,37.630603902433606,41.44959666174149,0.0020037198917763612,4.322022999493139,15.247166540834947,80.67518411096786,1
11.861817184124037,25.043876098646177,26.63005777402425,21.866243715268133,0.14612955995568386,4.034289529172627,16.328154947048525,73.96903430284715,0
11.661950790291552,23.16713230082747,23.3687595091953,37.54666816029387,0.004317892080494189,1.6327363581920895,18.47421866768299,83.31865709301397,0
24.79014871728337,28.255882215817856,49.523864294574594,40.55323189530938,0.04552580964984196,6.253512570195097,10.681111924983943,79.08224412736313,0
21.600892890049426,38.86924053635827,50.10031373610975,20.665379088310356,0.10505073404726113,3.597824091269081,17.088616649713472,38.85823453601901,1
8.879484132596577,30.257473801946993,35.84358882063606,19.100374434428588,0.004156571020103377,2.2798148277930905,17.617540095994762,74.27382098361232,0
23.261210189400874,32.72052745837351,42.19949587518978,25.23867913518835,0.040359865805073225,3.674067492361329,27.822253285921644,54.489069903664586,1
25.311614076606965,46.93147372474341,20.965106146232745,17.11372279326375,0.08694598308989414,5.029024391686768,16.211306054229237,65.41578513907723,0
16.46137629747903,25.50459554675497,23.901426693672335,29.210338785027425,0.21460823126459855,8.022901744220796,19.200067439666803,78.63221306205587,0
22.195324777802718,51.9712939755439,37.02885460483235,25.943480881466137,0.06442706761159188,4.609745172462452,23.511705632338455,52.64265132933495,0
12.905333323351359,25.222724084791842,28.201248842981165,31.605800158863016,0.01630966856373452,1.42133995056251,12.97509164813743,84.92028677694603,1
8.900052539845683,32.226989847102566,28.971243771049327,41.96943456232821,0.06012707975729697,1.7379219689853107,26.254442321256995,61.479222014700646,1
17.7996875668506,29.85791718099992,11.542956540269197,36.17484980770319,0.061169126223310825,0.7358273738770875,28.583221392343667,100.0,1
10.25626407428327,32.772630946152105,36.197249328129324,32.892397754123564,0.06019297588792464,2.0232825247429482,17.826622274107947,68.08142020176308,1
7.316606347868748,35.5434109029116,38.566597387409495,8.33951587032082,0.09629670329369044,2.894215692360362,14.76344363124372,92.0434624093503,0
3.54678256849075,34.87036978616238,46.763338247184805,32.43375982102375,0.004571788191397356,3.164637291157282,27.76271654634233,83.6745448817008,0
29.47787763703158,26.890508339348933,24.44972921753987,45.22627660704549,0.0057379967961489284,1.4638521407862943,22.773785236608887,61.728999296588846,0
17.314790512932028,21.368071802464094,21.58592345874642,5.0,0.05116834762361048,5.357430475729702,18.491815227983018,48.93759718808357,1
51.0450061272896,60.0,22.56012411228425,34.893825429756255,0.15382661750431664,3.0392525050748347,26.561062917694215,76.91341164402111,1
18.514489355870342,27.93733000737502,28.82639731022292,26.406414252435358,0.03135286556794377,4.625137846277672,25.925953131295916,59.96325109334144,1
29.37316659497123,41.39809937596555,43.7681339988836,19.502049969770553,0.16165216256153517,3.117402372241081,15.982458276250664,94.57041502029934,0
14.603670191495427,16.114137423492345,21.551512071855182,36.01128583911954,0.13909984969073383,2.1336413030343713,19.4923791197949,64.21784646320974,1
24.208865685905206,30.835202653839012,49.48163960988479,45.09705900607331,0.11660570997450022,3.2384227115970408,21.460754927555737,65.33571375939943,0
3.5808429322922883,29.265132600019413,29.653294353691578,35.75230728837754,0.1203145571595725,2.636690344901699,18.172380179327106,44.777691675403176,0
17.583970098981684,37.36574621412558,36.122236759958675,24.288080487384736,0.11429563924113367,3.6912645328080425,9.654776454574318,74.80504921599287,1
11.930159995175456,5.0,11.09517535534725,18.565301755918437,0.08570920404741757,1.913184234101358,12.370442977810521,49.7726977698326,0
47.551240718561466,38.79409223856752,37.81539965682924,29.446276337895437,0.05936872582875278,5.530063517752911,9.850423287238637,81.146801836923,1
28.00732697177053,22.70368449208665,13.2469154380131,36.731692923815885,0.0012355497908382712,5.27030126867424,20.957545818144023,79.30284129182415,0
43.09282837378386,39.70738136801682,41.43253618731188,24.129469737662724,0.007092788193486434,3.3401907037520213,10.893886097257536,62.373438995141306,0
54.857772832971,27.86537395656402,36.941574992508905,25.096170083492034,0.007206918384024669,2.3952893413575915,19.15450842490458,90.32025353185989,1
16.426275574459044,23.909114376913045,40.437977145457296,56.220002498383984,0.0011910891629451012,7.82975238439389,28.991422957650943,64.16212352552323,1
27.133293128767928,31.333717865382507,24.373737396011492,38.78651945959726,0.006204619364881345,3.875029442726112,26.566621109472877,48.35800318719029,1
9.390781958644437,20.885322597764713,29.638625985485238,39.50128678393632,0.12612820382140608,3.5259399526211004,6.975500118396127,90.05746649643427,0
32.64854851847657,30.141937810417936,36.56730759925921,13.39714093941188,0.054503090458102324,4.564596452518003,10.327791175373962,57.67765109258053,1
36.09221072054242,23.48007392264821,32.93028267570176,20.928113207065394,0.018703628896222943,1.804561116813418,13.340901454920848,79.82450026310568,1
31.068410588359313,16.32855707126662,19.60902862742784,28.74681639454239,0.07883885947059682,1.1204946486490528,10.985857864683794,77.60059922838053,0
16.411023107960013,42.641223990487596,17.920634479745917,17.988624421148504,0.03350762843345322,1.2284258068743812,8.077113736069599,74.11997473045717,1
77.93567676153314,28.72986458599069,34.26762820947212,44.00397298889294,0.007664962606495113,2.032430521032945,17.934957961648557,86.16506409125867,0
25.26137079953796,32.00239674385086,31.58096127106099,42.10312306590645,0.10792513842298153,2.670815734021928,22.230603296499382,55.49945961150756,1
9.443148438509006,38.9453830807142,31.044788488594158,22.664546626159463,0.020674507104181644,1.894774973062643,23.724204232337325,92.25887371024263,0
38.51740273674268,29.628169385350972,37.96283066386412,45.839186066074845,0.0600088725449938,5.753652447511753,15.153142975537143,87.04721780035813,1
48.51671824597629,29.025848739441063,31.25098319054096,27.957479032800578,0.017166375253588457,3.288508530471261,16.36857779810645,81.82919461795126,1
9.619261099915754,33.70527005166158,22.928547598522236,53.89389717389049,0.03466448460309135,2.064988107284168,20.134063470748533,46.929208687248725,1
20.34708301053358,44.23140067885156,22.240941958770854,29.446861305250366,0.08470969488130912,1.2563769025443312,17.349086628965104,54.39389846727521,1
6.5256286986001335,19.28569165392533,18.68257054050481,33.76192750328422,0.008526211768045954,2.722344699083302,22.863640656574812,76.16697514005749,1
56.26715804062944,36.938595385920024,53.919536512502305,41.99903441169558,0.18916257323324703,2.943779098206293,20.58218917700708,46.19816993267363,0
23.076438816195218,16.136519872756008,32.236822140564584,40.77633349807809,0.0036401447455355683,4.330914240995535,15.742173458915826,74.6958456623446,0
11.97754438754943,27.864621621310516,32.6547473843243,33.10732066135893,0.03817943823270445,4.879386105675332,6.860182130079341,47.42785691672557,0
48.94353173975408,37.68357660634386,33.62014322505111,26.588596805561643,0.12386211640524232,3.2514279711437366,26.99418963289196,61.76822968530662,0
24.74324089689602,25.16523971698375,28.08695236721401,33.141326999931195,0.14565592205591846,1.7284512465067134,13.88350626333407,48.78263406436527,1
44.460685252861325,32.09918444967688,42.17724164674351,19.838158281238847,0.013205371732495755,5.200499745108146,20.14535187438156,77.5837332873068,1
34.139772381622016,21.0386981741688,24.490713334440066,29.52133718864116,0.007773367884225455,1.9603766564680332,6.500449987685414,88.57337625383887,0
10.573728859625973,32.35684544275883,37.55810146257787,16.90692467502005,0.06444078131982083,2.3816423181312505,17.93210049968517,72.33500862911548,0
15.953647483651705,42.94998961137925,34.39257224221895,10.191183599196986,0.002143995543301977,2.9914867929596562,18.601571765173194,75.05822523056405,0
12.273406125677287,20.86957222114696,43.869081943139285,28.50426764139443,0.03320262517712212,7.312186318775004,18.89161243528597,69.97406466745869,1
8.844066278798262,25.09989227629591,35.978264971144796,40.622778906716725,0.07956890553931761,2.504772302326705,36.082759696307974,77.00921591881924,0
4.8755078558445915,35.75678864291851,44.26716997463641,37.25804641596059,0.0410779819532392,6.933331474384396,14.213289757239403,72.98138578491914,1
88.18227751000009,55.348248819727374,37.46402133038504,27.180877042743916,0.010413563805700833,1.9834936581603906,22.923985361740158,41.90998259204229,1
30.655184899227205,19.666379612794767,36.33164074565728,45.469896981754964,0.033378289564134245,1.9910201908011245,21.139394713256262,84.72563804477012,0
33.986870805967555,33.41018324673564,30.863453895536733,22.309386091534265,0.1270895455104565,3.9415480715640405,13.928166043994484,83.81465359060704,1
52.67257252070978,40.732194101301715,37.173156231983484,8.821673382019767,0.048013826145751885,2.28156377144899,22.83401641908558,70.09982204426585,0
15.820079040200309,31.352447949741567,45.621360544852294,6.17898705799038,0.06391517834639929,3.042478437040355,17.014074378415184,38.550914892049676,1
7.02791710645495,6.286266897197373,14.172306304827597,16.18809059404283,0.020493530881196646,1.0018439039077571,23.251459305460312,70.04269380580709,0
41.80811765517804,41.282117741364424,38.13882894698897,36.166247432622285,0.010442544929767178,2.714619117162236,29.765775740530287,78.26153559308308,0
8.221021521481163,46.42651673912861,42.074648763801264,21.651973165326137,0.014761674297046943,2.7620187412886374,18.9047933438046,60.03695206588357,0
41.1238864935453,37.33520048572683,39.09411524069721,32.60958641857302,0.03809031900325369,4.620877621907299,16.313248625589292,76.02527316390943,0
5.967465874066963,20.58405934816741,24.627347794519245,44.462833835839774,0.0164404941316317,3.652847948551169,24.30933710286248,82.27109704436896,0
7.652991831890774,26.016676311140785,47.09678333092097,16.999030374221938,0.039040460723710056,8.553790757863945,26.379918995606047,100.0,0
14.527059060037933,49.878189535561624,29.59182073150257,32.7849973179589,0.06151445764988988,4.057357889455013,12.700454763647704,70.10896690574558,0
40.057483177387375,45.10824788521369,49.71438226314523,33.38963072655722,0.06628741675165771,4.859411412653082,15.282257462771549,78.02020185577611,1
71.27551680007888,47.091593703855125,48.55716232627516,19.39262011526897,0.008997315376329258,4.797531522784393,22.052539631047573,66.89827023223488,1
33.94794838661109,38.65631809333542,50.66963755416365,41.54210925245083,0.06940096216047534,6.824088329727444,17.20780793751168,64.26870898767353,0
15.01690158060818,25.641164115181503,17.550648856410042,25.122929444505235,0.05584209305084259,1.5801589381486767,12.274007922079278,65.96274086054945,0
47.09922059786039,35.05917128312137,27.073016610130868,24.162470190869907,0.0006038888482540737,2.0672639048251793,21.244168967372367,92.08561465043104,1
5.778225474369052,30.087506464370197,43.97054705904121,49.116132184179726,0.003033815459253207,4.902033509568534,22.028938294240636,78.44001143529468,0
11.101321573633605,37.16094139668948,19.848063321633322,33.227667423667185,0.051958171092857254,1.5117722389678878,15.993685464618148,96.16056447484615,1
26.572811440325108,49.0751106587178,26.77837305516381,37.25290549685498,0.02420138742065047,6.200210273174793,18.36809259198742,47.96116965316188,0
42.76167404614798,47.59763247485347,35.13259069624945,41.54892931521839,0.007897293598594113,3.2871266850467666,14.540561586323285,53.696310249495006,0
21.17295684649519,18.982099969013873,29.12879029658369,21.49526000540783,0.0022706131417725563,2.170146371969609,11.428575444528164,85.76583539783803,1
19.42085544608223,35.15307800592282,46.79903179155933,40.49821097053679,0.008681869121654574,5.333062472284528,15.017612360230881,90.61707673393379,0
20.34109305235994,40.418797409532964,34.68539164437032,22.9810588500233,0.15792899146583972,2.483134745160215,18.44359410105544,69.56514043553598,0
52.35513083706441,44.04187292700602,32.75083598628609,22.553766106617026,0.06501787901978112,8.246317565122366,9.149464671184223,10.0,1
12.994639518927634,25.65685829396495,32.7538628191574,25.28000027691864,0.037507618994052416,9.785507969391967,15.455922412487046,56.44599047530432,0
10.432967973396195,60.0,47.75677186635521,21.779351650550453,0.14197105365630533,4.585840773598152,18.526980783556432,72.1189983769201,0
20.08713973726248,20.24222533727818,31.626808712273444,36.22156432657163,0.048262290427755906,1.8225908290966448,25.167959460749202,55.5262331487865,0
57.30943165402999,27.764530281444003,29.68192244896684,30.672106551450558,0.06466665385074159,2.0949977332949246,16.124445871196812,79.23877868487173,1
14.317603854029818,34.483591390720235,18.1527476449429,23.08775585382887,0.016609697373694048,2.356570329690573,10.524585899344668,96.3418525038856,0
20.290350567656603,54.21158313478702,34.34370534106415,34.74505033154822,0.04445589446398179,5.530818290939276,16.742039923813625,90.45006240745633,0
5.677568454753465,22.48968676117131,40.35804338660822,25.24817562613654,0.0077437196662760825,2.4267579850950254,14.60058417545946,78.26889737150277,1
20.96786522621477,30.48689612746229,33.69130995479772,24.719296296353235,0.025916279348658745,1.9050960107315396,21.31307133034418,68.2268338626706,1
29.57787837107311,45.20961848581789,35.5036704414707,28.486838849015438,0.0016902670386502847,1.92997715790793,15.972568041826625,63.49555480570874,0
8.233327000330569,31.05637750117225,41.367899387460696,32.63460355666217,0.012207385591516394,3.482755590721059,1.7366002705243773,78.01293512922823,1
52.421277999789694,34.51715315466549,24.76592820291461,31.898476493774197,0.003890976465407957,5.5587489322726,40.14974700718683,75.86517538746133,1
29.29764028353309,40.05097506139716,34.21760495485481,24.367508177471695,0.024533082786365266,1.7974453750624801,18.85417974954558,71.75509464729218,0
16.254305439368878,35.163325718201264,35.16739752867281,36.47111207439402,0.09258667386549443,2.235700497348244,18.535149061851474,44.98262689465837,1
29.459359686958482,44.723291809411684,34.35829669740764,25.77605848920344,0.023735462675101196,4.081404969220565,8.751540168017808,60.173916204003305,1
35.38694330624505,48.22273038659039,40.09519473784895,21.45015511391281,0.0890824256810075,5.500590601111913,9.212584404230329,83.35529567100122,0
4.135677044990575,33.69038215680221,31.97460141134676,13.319783512326486,0.05342816274488506,4.8930047419504445,17.448306253961807,49.311132797769304,0
30.296073552549732,37.46173828666555,23.78995093237922,37.83178480999021,0.03561950178423467,4.2643652399021414,20.01702799386984,75.04482118954681,0
55.959570982955626,40.53504547030468,37.66584124315432,28.123900761940074,0.013517765461397442,2.1613560217537553,22.212684835060514,82.37946811955322,0
12.835426801576299,36.81661958672932,24.099833502588787,30.108723585105146,0.12765248238294827,2.217455995523064,19.42462594390956,74.63040259662554,0
16.543704003521036,33.033261979242795,34.5382257924709,38.45802915699515,0.0027862501983124746,10.092563007444923,10.884346780991194,76.71270404606955,1
18.861445661313958,32.823132025974196,44.12233940359056,23.22593768402184,0.05838413600259007,11.205499210750594,2.9732003455197074,78.18817992936377,1
43.09427632443945,48.430412656938344,37.1239794845669,14.256007515258714,0.04854261184313913,3.7009543738641577,17.39866590373077,64.26195888424995,1
9.641768049322625,46.60742701094882,29.271105764611637,28.697807022152183,0.02908400440572846,3.9342566140778716,14.796151976345232,44.91353515494692,1
34.23341121993719,20.059482236656372,27.007890389022705,31.079615520802953,0.013742962224755224,7.393881677624481,10.424569655326291,58.743651058237184,0
19.146889997665948,32.972245017055585,26.533129142193985,25.371509338396272,0.028167030297203258,2.5220681530635085,22.968349344633754,79.77819595310686,1
73.48109367759741,34.13521971718726,38.41015990792666,42.73737578076169,0.10308901146556677,2.2148806385244635,8.54653950492007,61.68351982858407,0
20.047127521797854,29.897354463408952,30.775031805180753,5.0,0.09062856001292553,3.749716512054554,21.701813036739495,53.40026530609197,0
2.0105238206490665,34.326740670450576,47.40880228149682,39.20056637899783,0.1418350333657579,8.813313561445455,9.539172149895112,49.70994475276471,1
38.86869456268912,42.52468789982805,46.31379192534993,35.91153650364226,0.018393526682499117,4.705095361617831,18.804532113499985,45.08412209138892,0
32.998283045875425,33.82847802076786,32.30674717245593,32.56770777700459,0.024478013662814255,4.867703292013797,23.60384593211173,54.39459111719809,1
28.387404696749844,15.124707357284446,31.774755486698506,5.0,0.000945185357951859,2.6876932919472845,15.972400106386356,85.68343463920502,0
54.93693281422886,28.590084116372534,28.29014237324625,40.83888783270268,0.1431913555061903,1.61738389573444,28.13951900704093,65.23591677211236,0
4.842954104616668,39.69143981769415,36.14823100839901,17.735658893641148,0.01997838349790794,2.1773787519260708,29.507317953561024,39.73451847260814,0
11.251499347206137,5.0,19.108526429197504,22.923080216166134,0.025889475902198134,9.064308651393146,19.423050000117932,59.57564204572249,1
24.114813276491866,45.49149350829378,44.32824508211518,26.29407335209931,0.11919225826844192,3.5756280258190767,21.24831222354164,77.48117089370338,1
27.27530090785078,39.30359504262303,47.18534423072583,32.07418034651975,0.037390563291290965,2.3834540549599015,24.364253197899117,42.99346870831521,1
21.49399690110593,46.38586035046611,44.94352979771559,34.3942804219255,0.04175564978586253,8.465752635941296,21.266558234912935,83.59845402671135,0
5.768837964724436,28.879633825899063,38.92734634064247,36.928405543192966,0.009693367978737632,3.3238009830341095,20.62345930559126,44.539055362558706,0
16.677525615011042,11.887574602022607,32.139297338694874,36.15853510078516,0.03452354034412786,5.226018400454483,14.855583583343474,62.40325053820192,0
70.11969220015159,44.82158024508772,42.33867947671277,30.529272042131257,0.12517915932428286,3.707108377346393,7.875862948933726,72.89996179009606,0
9.213392468354417,44.12854011063657,28.537126770572485,32.159226590575905,0.04090356758906347,1.641363804465778,9.659427520503138,58.421076892337986,0
23.708574423592374,42.80350421867307,50.72917384280123,17.092462841777536,0.014726363347474,4.448443640633069,32.294204152569115,68.76968940749563,1
34.32464520782865,28.521781946293945,45.843999392104976,20.48973193180978,0.0015838667403288828,14.196900202355787,19.934753746830005,83.5433343512162,1
42.23350415685626,37.20263637815491,33.010017724755016,36.95460223674832,0.020496385545282467,1.7212118596906163,16.52589911165201,72.83467711182311,1
38.73798001393814,30.482334314291478,29.22735040398714,36.37209486728681,0.04250068388499415,5.149084612521223,25.579963554707454,63.66249110138869,0
15.688767896719536,24.16065054261421,34.563553440368686,35.23799416444421,0.002177394088185057,2.2651939395897167,13.503252162829023,74.99798385075734,0
11.208090777700702,41.235099328453614,40.90054241284949,22.855832383434723,0.047053841407128864,3.046336245992835,21.498649604479127,70.35057408487774,1
73.86580787323142,29.104548068333088,30.026250677309086,37.104921319436954,0.03705533633680352,2.4340036279275687,18.463152201360227,69.7306081757439,1
45.11549914985462,27.82916056666207,21.131458981963995,16.38755547519642,0.07649333560280322,5.637830544897499,20.760165006621616,74.65762116123642,1
25.45188383119231,22.777526239954987,31.55662002198021,38.77359809862273,0.001465682486699841,2.9821511059099413,15.98154078423686,58.805239218124626,0
61.349693887896976,24.29997885019408,34.131483845481995,25.3912919875411,0.07589933681869326,2.891999178675974,12.211834156257718,64.28385785162526,0
7.070861781960401,32.524772185720096,38.81647805859841,44.841704063406326,0.03678990125350209,5.348597027058751,13.062773561162148,78.50119056864067,0
2.0956764330677604,41.929381949779916,39.56609495874562,12.785579079345151,0.023143801176645436,2.0785918891995165,13.296694786438216,72.12351738515089,0
27.045215532553154,32.20801476743031,30.71428472007685,45.634040459185215,0.1681704852583148,1.716562401696479,17.982178126067065,81.96473763505885,1
28.004942040865295,19.14326330048813,35.60932163624548,24.385356708365382,0.008724785770556166,1.8243211163933792,8.663188917156342,80.12791592544573,0
6.421380092527992,39.36265241129948,36.27184894504714,24.205207439882557,0.0389706820179489,4.142987042904844,10.515428309867444,52.97598713269481,1
44.001258990661896,53.457206388949004,37.66349844066184,29.94838818985597,0.01935534334769774,3.3746518173185516,18.813145785175212,88.81948074913426,0
3.3415211671882434,24.03880493361229,28.17029491707915,21.029210871993033,0.03748443522587388,5.583819073294057,17.23394973351651,61.204197579208824,1
31.53013317758218,29.943977309460145,18.009838663984205,27.276709986976932,0.040178854258723765,2.280926498899964,19.141389205540193,85.24429398452467,1
36.84132341097951,40.68280481248087,34.81518733156403,20.623737347291453,0.0046852271398469736,2.2423531067264286,17.729738794001346,70.49151553262647,0
26.805835612453556,50.239612819718545,45.603337286884766,20.989364690208127,0.05410769572825274,5.551190395661051,33.11370124132928,75.05861344068055,1
5.524038400584117,25.630264302835357,32.97036989824798,32.868859503005716,0.050321918715661274,2.3457162224626367,18.76043060394524,71.25322661432209,1
54.54534478632074,24.857303907966063,42.10823494703591,18.98434504696484,0.07336812255337692,7.593485250106587,15.725522103076345,88.10707473653001,1
16.127118887958748,38.733253895917876,33.38950224624152,20.318057649945178,0.004751728040790812,2.2459699443747536,18.606790712169058,43.707231962458685,0
16.169888683339256,40.41616403392388,40.06497091799608,14.27208750253591,0.017638311567612735,2.3704228274036736,24.11973025506198,44.58801204602645,0
13.624737076268179,32.105025065792496,39.183931436763174,22.960693200386608,0.05250690868300496,3.318963604182251,17.70222966373521,77.80061039178628,0
39.67530956265966,30.369963837824443,50.890841601429045,41.11602029723922,0.007351436572528961,2.6482134218503695,22.108370151817475,78.28049888743239,1
15.502380061559775,42.269144319154435,38.065781656602894,19.540663598970315,0.05659783593507113,1.977471442513474,20.3762757864133,56.46582128948264,1
8.412701966257373,36.54226534041825,26.263408705255113,20.683667348127585,0.003042026268431446,2.6835861771848775,16.257506538944135,72.14717402850259,0
47.560245592044396,29.449681669771728,38.563302694750945,29.939219464815356,0.020393265787136735,2.4125805834339866,18.665254793291712,53.39264596685037,1
23.277472512746936,33.98256818996875,48.51884612373516,24.292035662004736,0.09377155242299938,2.444735604071606,27.593532685152454,100.0,1
48.69695749476595,23.787468303968424,26.9345976397744,50.2815443334965,0.0744255003270961,2.0488454143755703,19.458469770227786,94.41296230137235,0
24.61280565079714,40.55082541199877,42.94898247365084,26.374720353237432,0.05174818374784525,3.4452020419346843,12.083873854973579,79.25710129127752,1
12.84213922458534,29.30398518985924,41.55141851777506,31.352183462173716,0.10218766711221666,3.0802745488486867,16.082937437202748,68.70288340507938,0
3.979687383820755,26.239844783725744,38.632462265251526,37.43768784799322,0.06176793548477574,2.2227604229226303,5.314516501603169,56.5150168046847,1
27.130993178055036,33.74090412518392,34.50082982986219,37.24577865862851,0.036633407881319704,3.4584947871137572,18.82439224051728,50.7734050454229,1
18.894197684485306,33.23720664597527,27.707092592684937,30.332875815573793,0.19489984263578597,3.8634011517883464,25.872374062696885,67.07150012455571,1
40.828124674647675,45.07351931685275,37.37917134263242,26.38872513313999,0.059348587206346684,4.12013943663886,9.951565391196876,60.26921539950267,1
14.909255257156179,38.147293601825645,38.92772107175131,48.240285363792566,0.045985726420729206,2.947351055379947,18.898396407048295,55.96022332163255,1
32.22082679581499,33.269031231444224,40.57339268531152,27.002397246857335,0.026286013427885793,2.3247328660848154,23.91259083521572,50.19281576254485,1
23.855307410337307,41.21497760874055,39.157551427488535,23.583098955715194,0.11635029264874763,3.3421200793425774,24.546831799178904,73.51600726103405,0
11.880809974326992,35.789494033065175,31.276533880901454,21.541510117059815,0.017528189585216413,5.986242056598799,25.678807033654987,61.72125940752199,0
15.918747774876275,28.12181580337107,35.69176357054658,10.731967972932441,0.0004631178856989836,3.049531082875623,6.7904770119269795,76.20982317736329,1
6.91295061859695,29.789761010424684,38.79658494611244,36.21615752237163,0.010953874101488514,2.375348015641642,21.02958572767086,73.23907202854122,1
77.25145596910036,40.10548950693384,39.07907625408939,5.0,0.0057995909638931895,2.1492970110339833,8.966608889432369,83.89226064501501,1
31.72208440195672,39.81092609203552,29.234873520507612,27.942771590950795,0.019209191534548323,7.223932499313771,12.010007180565172,100.0,1
6.453620768636075,27.297816968078994,29.467878509494078,25.95139365728615,0.08740014833758686,4.190825535820917,22.926733557651037,78.64630685721038,1
74.66885284760902,37.29623606292502,42.501060636469745,50.399651922314476,0.05271011163985048,2.8757988583105885,18.948282731109703,61.02528040977334,1
9.09552322755767,51.051901578473235,29.356618161433506,9.683487712863737,0.009255106303832064,2.167945844277074,22.358016445436242,73.70015136433356,1
14.695277866248023,41.60164649740825,19.895234419834026,18.988967130156432,0.07775262892600998,5.506517566352292,12.42530037118981,67.12877442872227,1
20.001843714009496,25.394269912850035,42.22237076629218,26.639035413183507,0.035081136448017504,2.502098058392404,26.84161866097726,48.877410180404894,0
24.29811124385651,39.35412662600046,39.83297269057522,26.02470662530832,0.03594526700431902,3.5232447733690995,22.130003603046305,48.53512904762168,1
40.07327974262303,37.19449261794523,39.731637067338944,22.50455409189955,0.022479642167803654,4.486645183427909,23.335788715760756,79.81269970771814,1
2.978092617704055,34.362225645256544,25.13035446908617,27.190120905978326,0.09998213943001798,2.2661728595821446,11.518999343309185,76.05883154671928,0
24.59084919528839,35.0620406249443,39.92504075771002,15.404372711302587,0.019160282700656853,2.077692584238362,25.02840744127571,54.22431184918978,0
19.19257500107797,44.77531270501406,40.112114582552536,31.57192878994939,0.004943512303173307,2.5225224497031755,16.103030540157583,83.39102079813526,0
27.494464954362037,37.58037318966876,22.35752865308033,5.0,0.018029056298044806,5.759540298788511,14.332642379127655,74.77260894310166,0
18.444373101153328,32.14576898303012,44.25257490740291,27.74230644122743,0.06282536910037935,3.693605196516083,21.75278124027397,86.62676197436845,0
16.51084489820766,42.898532504561324,38.42887959077436,21.996433057364268,0.053586136771126495,5.3010188174895845,21.499270648727634,84.64647495473018,1
21.852963639182224,35.61079495675605,31.075646254068268,38.16287942756635,0.010413803205478953,3.17622777324998,12.919086913455974,66.99403899679156,0
71.97679244794378,42.011304660482146,33.78060389631112,45.553110706333044,0.005927032953679984,7.439676753191683,30.33780606115512,100.0,0
16.774887062150256,35.65645908418368,18.14080839021446,24.689478312496423,0.05406796285354931,5.7037808528940515,28.88610345833865,51.493236060623055,1
52.891727875712576,36.99766894769322,39.5457603761282,41.907259291414306,0.056408775654655546,3.296279768299594,21.630210844870618,100.0,1
26.637391201148315,34.087878610126936,35.73000910201658,24.83883719369589,0.022797118661953726,2.5527554525171103,20.58242053639013,57.14569303294124,0
25.719082801646806,27.990916532628294,29.64372555438656,18.3387347687091,0.09251226000506657,3.3231291320773293,19.978717357561777,69.42377558516415,0
27.689163894567532,26.641702387946342,40.88456261479192,45.459036321856196,0.19130420220501043,4.291397253726378,8.700020243887971,62.03000829972206,1
34.24601283386364,25.15119806025515,18.989607072135293,33.20776444734007,0.011511254783900613,2.3292058831360896,18.676844327528777,66.19733774857664,1
17.855361961950134,18.75847142632176,22.72920875958778,28.044385226098143,0.04302727808048253,4.591588689237521,18.597249491374487,100.0,0
50.4610662198392,28.771986319130313,24.70872848956904,34.87177475098648,0.0002680335882216746,1.6404731693521517,14.543929882569714,68.15140293280167,1
34.30624762935208,33.40326679973356,31.130946881720998,30.742150351301675,0.062423130718942024,2.3707156721023557,16.143904967990494,84.62787511026424,0
7.539973350243902,32.16217182699295,33.40462893285497,27.30780592058482,0.02674585138945621,3.989354651236339,3.7122456317071624,62.97695100075252,0
2.0353797839402814,27.59234133611464,34.4770447249367,14.735651726920036,0.010738264043797465,2.290392847856838,11.416362419250053,79.45533240060428,0
70.52604782822816,17.021872272960643,24.03296128434332,25.294632628387333,0.06976108896273932,2.360730648299036,23.53095774904374,70.94281679008076,1
28.34176728804436,49.99712867083008,32.98000558709288,34.232554234584725,0.08320758871386576,8.282724508435713,28.387181409836167,74.51033486249645,1
6.651297952267561,41.86249592174395,50.233053966861135,26.772285743131896,0.005892267571044992,4.4779885237629475,12.339715888225374,75.76073409754464,0
16.755546803257502,36.970930532659914,54.08149374737252,37.02325761130386,0.002092989237646044,8.658179735998,19.097091929855633,57.52393756060428,0
45.10067375954125,55.840007789463876,43.482296490841755,31.83655023866789,0.020329169783117506,4.737561241786244,24.5902939763839,100.0,1
20.85495608566333,23.354602238012394,23.287597959038024,19.21863681914593,0.04917369946374922,3.743926234398275,14.878709844631476,79.38510686563963,0
22.354126928399538,52.22937024551998,52.69538114654635,14.808280421678763,0.07885326218247656,4.427045260030241,22.057489063407694,66.08126106791926,1
39.491436840761864,26.2715747586088,18.9345730528158,26.42821500069832,0.03948978740964145,1.253517305744203,17.79726182651904,62.43976961539199,0
30.353321444303237,36.94037746955905,32.097964390185,22.757715518954125,0.043464247975809334,3.071646469184218,25.142411930552093,72.44650964326539,0
36.09948266081519,22.676549147780236,23.50168324834168,31.363218096216862,0.08043646361716328,1.757570842916212,10.30529556198826,53.979926372960996,1
39.20145393524566,36.027159045730514,25.134579214688294,20.818623412372702,0.03762823507154109,14.505726457275053,11.37254022739408,99.57471974479827,1
13.158425870178684,35.83542886051069,32.09397768083012,21.846076742451228,0.04722865806794018,2.2258141940013374,19.677235013656865,74.10049176005195,0
14.252903005006793,30.591032139405474,25.32303622237047,38.53069717594912,0.0363059761328394,1.7906635448037413,18.57723659940262,66.53078958983043,0
11.813302976347128,38.91076988735344,35.66554366813061,29.482029686278977,0.10620447285540904,3.738988035843695,17.66205662104002,83.05232841062012,0
14.927778771346027,33.22931131057448,33.50914186560951,20.97272934572707,0.01342774958488368,3.1060333303664507,21.455004961226898,57.16283408297969,0
21.686994975360594,28.028901962528998,26.240906996835765,28.176418087350196,0.0153258221817167,1.3552137195366476,12.416102612653583,51.99800519861556,0
22.929685869316828,27.771319702374132,28.144421028198693,41.78911243001683,0.006846083031949776,1.6846723221462163,9.783386330271428,67.63394109793231,0
60.10719803364287,47.125217431203396,37.00329522925168,30.937866882747226,0.08559201579626907,5.182635751810853,14.999351351827647,78.93459434877244,1
29.301800382512678,27.857849759307225,37.62190839267831,33.9295080942513,0.026532482262351595,3.2031988305894705,15.670328647811408,78.81915317539408,1
22.02038738210717,42.45708781216545,35.79539991635269,20.477654634725575,0.021377403146216452,2.105453798426196,16.297516913652533,47.25990872993803,1
9.62327036615974,43.67060848324327,44.06585731958609,38.264193771346,0.19909201731828657,3.455176912730845,25.61427426812326,60.07990162294347,1
18.757333286326226,16.126461369487632,31.1370884162323,51.18102260463802,0.13073029243434905,2.1406337998384126,22.622503480795256,22.49949475973692,0
74.05193804938354,52.43705458041788,45.54706740737309,20.085323574871463,0.1787555470714756,2.7835062297599595,21.199439214932575,62.07515004628534,1
73.28510103865352,60.0,55.10276776276778,16.181060256280105,0.007674986064927539,9.082270234996216,19.33199756777587,90.38594321323679,1
18.573176485777147,35.30601408488586,25.167278595987064,29.75542243835148,0.11093601408895748,2.157274809253359,15.394869265706669,83.13002242577645,1
4.593510931937875,36.679868492738905,30.886482546638653,36.755050498444106,0.019927672391897355,1.6394113300474396,12.87632905929933,48.78863415669228,1
16.632166411418424,42.86487820540435,51.2523416845583,27.086103279497387,0.0006368774727318341,9.597630494777393,10.817055475847873,63.45736504616805,0
60.5443694537865,36.32683226627775,32.47220090179696,17.467936039573374,0.02482135048817101,4.791536132687348,13.832958897175947,77.4929662176772,1
21.803841443378833,35.09337845188552,11.516361861507413,26.9141583821961,0.03558555678644675,1.1629858181887802,17.74246806983407,85.53242037130742,1
39.51958282101038,22.785942126920464,27.490630105585105,33.98092272777455,0.005726814428094363,2.4260440203177405,11.070094798904002,95.84033956195692,0
23.789001113064923,34.95470045226425,35.0613964222117,23.929681730539407,0.03857464161377159,5.718274151335016,19.017118546419656,72.05403405095832,0
6.114421413239583,35.89828316843135,13.422408327922854,34.07255017754922,0.08559113859222696,1.5556281583871565,16.83337123658613,62.31363444891444,0
24.438483993242766,38.82740282825111,46.20244625040403,39.6471078523991,0.023712708567849378,3.986024530573153,15.616209530740784,48.23229266813904,0
43.21445890543508,47.13641607179106,33.14486671779161,30.402306257704478,0.021743007492734376,3.188063563059208,24.969197407269824,75.26393029950292,0
14.7516588665148,24.464727048621928,32.4143957409489,27.720522287217072,0.02068573363669893,2.646690858538175,3.236288266663612,99.07416929565694,1
42.43448608736402,31.039105346369638,30.607789775795357,36.293439252262814,0.12825885899495465,3.5709266843094865,15.69762272829042,92.83978546653259,1
25.614803512983602,52.79729398686109,30.812106241112104,19.438991725627695,0.002499344184118917,2.822818444773615,3.8853753262231336,72.74583514648029,0
40.885640728962805,34.62956237170732,25.28775987159957,18.452901663070776,0.029446218371379625,1.307306193574613,19.431376037576655,77.72779527629422,0
30.67065123764276,36.60093555876969,27.1597115320875,25.334277150710147,0.015366998393286988,4.726126472491799,22.573089499193557,60.806384825747706,1
10.22381365707916,30.863471631309665,41.03076392599297,23.08120545185533,0.11212486623935414,2.2917100781121618,9.89336277471719,61.68772829976799,0
18.91160263224389,24.619932131786356,28.66766734791333,19.966580247095244,0.00504918669800675,2.6809611943995977,10.661654496651657,70.996308160214,0
18.42594771448174,48.99918426609032,35.42474957402216,46.30468474998774,0.026504055206552725,3.505766245743139,7.810201009737266,70.94470464767299,0
14.165186556568205,26.847763864279173,23.26223424498982,49.71993209494291,0.02611254488660821,3.6081053795178937,18.381851956279007,82.99428630485954,1
28.93486700677554,23.06737481394703,38.79615169778783,24.462949577444178,0.10963921041529501,2.9977750129779244,15.955270342775835,85.21821739247456,1
82.80653503240944,37.9135774818339,46.87904117292226,28.917189497483655,0.012135017562782291,5.004146779233295,16.32807161765044,89.36980870964814,1
50.50541752090388,17.558752610880248,36.50145223400555,26.12157179936209,0.05176714570148183,2.106702800042754,15.79217016308471,60.11389083119145,1
55.10895954954698,31.75346928260023,36.640886426273426,39.07499240118156,0.007216972455625439,3.95147497101553,12.158405613792366,61.60056209218236,0
13.437819527892728,22.334386950660644,31.25239511522995,41.05645561840047,0.1539293033520659,5.063919233764173,24.79124414337622,54.36919185130976,0
55.7224667789578,44.532656326116914,28.085559986639556,10.227362013103534,0.04494894245918919,5.808743706086809,19.634044080789764,79.67729769389149,0
68.26391175015613,33.50544436692469,31.43562473308142,32.76010800065626,0.04920930809931614,3.304719131688307,10.892018779334375,48.2579665286891,0
13.058698205934666,40.83684408667869,30.863856007899983,14.931786588388515,0.028438046523730387,2.293729696965512,13.79671910500499,67.5176135542176,0
33.16628414898408,48.959782553040824,24.979816149338653,45.58272157875278,0.02094900472464268,1.6057052857700072,12.767587353195147,92.76289757660886,1
33.796479799230724,42.8812253327606,45.60883748642716,32.40248030210398,0.011955798541814973,3.128388804793223,26.435567420838368,81.76168648005574,0
20.01589676335936,30.84850162590314,26.772761079223052,19.766504616373638,0.04631550717699007,2.8915842149950404,22.267315636097194,63.74226518848512,0
27.26079184700882,35.50026374410725,43.767640757125356,25.58678612062147,0.15457004576296718,2.625515678920281,17.241063258464685,59.978327163155065,1
34.98337062310421,19.997656192025033,35.05303368289011,25.110227417338415,0.022298026086557312,7.847330526651414,28.243327109723154,84.08240339627108,1
21.082828105471005,31.824630490608254,37.183596009310655,33.25112942885816,0.10734615863846685,6.40786379915329,26.712261571195103,73.8073961118783,1
48.89079624765503,28.729234756479922,36.39476647669744,38.41912604177478,0.008054016641496905,1.8867633610328003,16.61573463514938,71.08167246078989,1
7.581250242777623,38.08045134790963,30.309669482574193,16.517927080282902,0.13754216065399677,3.166381781642582,15.536608067257141,57.68078686496341,0
18.362098532719813,58.48183867235271,58.2555366792664,46.38754500912114,0.021576566257731373,6.027500190553909,15.82581626461591,69.81816455185307,1
40.07013607255379,41.00873677062116,36.74849815587286,44.05690107820843,0.02387979582026677,2.400538541333169,12.283520424186415,68.46847575470593,0
77.18338152580714,21.666105739324404,31.081895776679392,19.246764324089547,0.031073173953475072,3.038333687502323,28.403846690802975,92.20236985391215,0
50.98815348163275,34.03592109310118,28.42175776870736,28.728017943623094,0.06333573944524505,2.4628124759061567,11.961524981646736,93.8151671360073,0
26.847743742893442,35.25207081517856,26.651506239855745,45.10808544114316,0.06358643521763778,1.7702466596518003,23.209825892564638,49.86080133093794,0
21.878952877011695,34.15541718415439,37.48053494413714,40.32918586677483,0.032656779849785794,3.781686862065393,22.143258785452975,50.988496987469745,1
19.20330493363043,25.572364483957035,31.9690537610931,24.632569699521042,0.03702796915569869,11.730381522677773,16.170804130658603,89.06150380145706,0
19.294850866357155,35.34714505632293,27.824039095308557,36.14339814567873,0.0015235009840725003,2.300367476439497,28.860270621986704,71.34625431323076,1
3.9488855840652475,18.167324468415917,15.759516037163134,57.97198291719138,0.018141600243991515,2.3955926122940365,8.64542207351083,48.81501756498042,1
75.12423002567117,31.819547277000005,22.568434212179625,29.05159981851212,0.021233701762599755,1.9229831391091292,17.52185219412666,94.77362010504388,1
23.15858589860439,39.93176430082777,45.54177545705997,21.67351748559981,0.04090460782129213,6.467395295392165,15.065759010356974,74.75699367805338,0
12.355397513903597,21.696677318287282,23.77264041011434,29.72419852091399,0.04085619168565315,5.187715746001414,23.763558901625117,100.0,1
32.79732545404696,40.30171487302961,33.40941758380517,30.46552095497318,0.061876444530268006,2.064383255318848,20.121395186251007,68.02993993182628,1
13.227371384276305,18.289467961080867,38.91850925450484,22.75463260999902,0.06312024195291098,6.550073394769845,7.636228928001046,84.27603423288596,0
45.76520706475779,54.51303989763103,32.8280114671611,32.41625067814217,0.013407746979354524,1.9699914949160962,25.436876662478717,52.42052482596016,1
12.70108363231321,24.162463320806435,23.849026722586117,15.455989402724988,0.07352450008743065,1.3930645295704203,20.912770337547407,88.48062997891623,0
41.34319367869328,33.96481333376955,27.435790705022274,21.344661329913208,0.000989913335644738,3.4882737140758713,11.787048828222416,87.43103960890598,1
18.980898216031004,36.153267343308706,47.4058547866518,35.582447761547975,0.06296756097813933,3.3455011066620504,15.901925371281644,92.8613911501128,0
29.75861595440748,28.810292868150178,47.471185151919386,10.451291484577489,0.0053826628501651135,3.886758373230739,10.200690510167508,87.61042795351253,1
43.53015226994535,37.96358245120485,41.19793878369931,37.031675919947766,0.06540156181447614,4.174285586691745,16.97497184630112,72.2203076658539,0
15.654503451684832,38.101742762953975,41.50777489841551,7.88018634294297,0.037445479229824934,2.183957403267837,18.900707804158937,50.56400222978409,1
42.808268315682675,46.02737257238725,33.76810900613305,10.686754211236849,0.02874638984435737,2.381722208703543,15.99211704819631,64.53086015767597,0
4.158759807514115,38.53878833085669,50.99414322757694,23.010212569441144,0.058666746984832645,3.7854389705132636,15.297213000762875,39.41449615353103,1
64.82297661937868,38.00534185488006,37.34370677682132,30.868638428193503,0.001852437034560971,2.4872790520539265,8.323557785692927,64.15110985612009,0
47.93778867127507,35.72435056025524,41.11462233970002,41.25263603127389,0.012646021081908869,2.1561533705021065,20.023448769019247,80.9754779723815,0
22.549374736532943,56.87349179073027,41.90519720612448,28.576227631595955,0.0479129794065922,2.276590290166822,6.453272418822284,68.79358176492879,1
53.83092135581114,47.57352888586459,36.88515085572496,25.5344639242401,0.09393631180344976,5.080688879243323,18.18647710942357,72.41233216917891,1
50.11088962442362,28.298396880461407,44.623696828953506,33.79581247984804,0.023991195492955586,7.078132817422592,7.205065055805234,63.125634185672254,1
24.1507462334184,34.622493572668276,38.166786866973766,19.291011795320657,0.014971640310227892,2.2386389470157386,18.30302934291772,43.2441640838094,1
23.95415422285924,30.24169174564696,43.707680386821835,29.394151593464063,0.03656701042019125,2.758781018088535,17.963285972473507,72.52207754313059,0
11.054040383643851,30.30476371831548,34.16453086128655,16.0055374204464,0.04868477161791396,3.820766015879177,20.420069806071243,72.89821096375842,0
25.142848929828958,21.476475762393463,21.803658013572658,28.825905168754133,0.027245241578816193,7.260262062154439,23.173714300809557,55.15511638526506,1
5.9076266783077935,26.766911657886638,26.040021200126752,26.701636741505965,0.10466107560707705,2.0141790316785473,24.28553053350563,58.17992128320576,0
40.98920578385346,54.263938599517154,42.52929737952375,19.95732078550583,0.03705794681869068,5.991456683572892,8.33974440374442,96.32984296811213,1
41.6025428754742,42.03114444007616,31.800456047683852,29.650406365377393,0.001824050033433958,3.000562103564211,17.650763681201518,90.71297787869935,0
4.233501952399497,5.723411211345325,13.429673215516605,29.585496531596426,0.012619218540092465,6.944170211047579,30.065645307360324,43.580331964545636,0
60.74815566431822,51.2794582746272,50.12311956414708,39.75454012339135,0.029950705656560578,2.799119843829296,18.714603410986243,75.8800853244023,1
14.526614155157334,43.075287352365216,32.87115437435799,11.943665969372123,0.05982098984794461,8.917832503399937,13.01191115819212,89.72965806661526,0
129.27218549281827,45.79797478085857,39.424731894674,27.239510923029574,0.012407188678541915,3.1343717421232222,17.521793241363984,87.60812213895086,1
28.64218508336114,41.46896320033632,38.95665399921937,20.397376002965206,0.1870243024417373,8.060428087322853,15.698004358115632,66.69428919056479,1
61.143183214415956,30.577485373990385,27.525769147031603,36.69762058176292,0.01917722583676266,2.603815561912547,10.941251057207076,93.61970104402934,0
10.733815291098168,26.90751513100115,42.369401782870376,35.53912065192133,0.038015679644175675,3.6288647951379875,23.214625129242048,81.95280172234787,0
18.947672603453494,47.82761449721656,30.193911709249722,33.07879845068621,0.0009574276837318664,4.776900764493925,21.506115349652173,82.81908470139969,1
15.588689900606266,29.621003086393856,33.94140334320371,20.96166741930537,0.10809366766956621,4.261865204702661,9.992945567327233,64.18796674250929,0
5.793708322432596,12.171739628814981,26.837637502538662,36.854705829400956,0.07775569099018517,3.2749632293290585,17.440352497098587,76.10206190861221,0
7.605881394264965,30.507849981326377,31.76910316961737,12.698690712566682,0.010874105645611956,2.6675228152082835,14.601218104907264,88.9423589881813,0
21.881181622912884,32.49629331429336,22.623216419541485,10.646892964072286,0.1353300809700562,4.275814738645552,8.390444912850198,68.62813084755392,0
31.987977958853847,46.781882387562675,45.67929336993278,15.24129000098076,0.018978156267044907,8.205789176615111,9.511083255144088,65.34645127206572,1
9.710448014589664,31.59993142394605,38.58805793225519,27.66525189673094,0.05891302556982227,1.9491215784234317,10.404241057198007,85.39317918926245,0
18.02804943912095,28.488384301465217,25.990805491856356,34.75164400988294,0.08545637082938916,3.0722523162155246,17.649421479343218,99.28720693128103,0
13.168203641687171,42.42579199856513,42.630214457068945,5.0,0.0675298503157366,6.1510570590550575,15.25228199877986,99.35871398182476,0
23.02190247873929,34.661187696822,36.86373656913501,41.22742831879786,0.12479804661066048,3.9606965619641077,12.24487222742452,63.98670799912361,0
38.8432279758743,28.326257380723973,21.085605789400724,29.31112196178434,0.09985613667105077,4.281465932054939,15.648701822274294,68.65804185272148,0
26.147456856768777,45.47209413393149,31.357406337001738,12.322276524102248,0.2611745420528741,6.076624396124389,22.485209831072865,54.79205637430552,1
15.03479349447854,34.19183666933977,42.78298622685254,29.00946970289581,0.01008203349975593,4.9193606681091495,20.140176583632336,69.77774356511767,0
48.99413681797322,37.37838018949036,37.42668155693255,38.9252541467842,0.01817503800443217,4.396073822148339,24.011212845731418,58.6870433917319,1
31.24407452673754,36.465695093127174,30.071854470765864,33.99441015306259,0.05056110594332595,8.193939122466578,16.630122811684508,63.3493132797351,1
26.72320977196764,23.301797751629177,22.452911971270535,38.99073062553966,0.06603416811927534,5.108214369144425,27.615343144089863,80.86158892682937,0
9.824434062958266,26.197127347660366,26.355700554140782,14.337533706028891,0.03824344444213447,4.696673189737483,20.08847930219095,72.8145479646826,1
45.53125542506828,36.865514332088075,31.19036949381359,23.859947648615954,0.003840184379719518,1.7402507114146333,15.066495459951657,46.945431507508246,1
33.52752250120924,33.08249142493459,26.465292308939823,18.753077694764677,0.09213008331099272,1.8695869957329987,18.557710858142215,95.25988897435764,0
34.77788785882814,47.94096700699017,25.242273903729654,45.17580205044318,0.16204885853685363,2.889383545942761,10.511544284461095,55.65063626448958,1
20.265941524366497,35.21394975592501,43.205686193576284,34.3936284348663,0.026003144800682377,4.633001561486595,16.162889182513386,54.639179446688246,1
17.504160093300428,41.17466324035909,44.234934677035184,56.470095889576406,0.01273251598989543,2.9343031889014526,20.579845381359647,49.91699974219335,0
75.3764415800276,41.40041978276263,26.37412429865018,23.323904665827726,0.0009751351169747891,1.5146555165114117,21.670017048591536,70.15603823754539,0
17.289929378588575,43.15637424424951,38.353040062209146,20.753257883176953,0.013544462300233658,2.662967955056944,15.53902666301282,55.0058901957303,0
8.0826711766341,35.18767824222665,26.85716567517253,26.571733614048494,0.0601851045216828,4.291179703084825,34.40334256513581,53.53003261749328,0
27.724274476701495,34.29284602538983,31.62460062434365,41.78357221422549,0.12128816337964127,5.778903334113519,16.966753541068268,33.58077411936863,0
23.99696534255535,33.46671391179311,30.62855292572799,24.338803106246527,0.004908933152320061,6.412908211981606,7.929635747141081,71.74830394931827,0
50.498761683638165,28.03042798963609,27.789497470111456,29.244375979069442,0.040288834479518976,2.341893938949916,25.27960315205099,78.58072985396103,1
21.490401729449506,38.29271746078053,51.3406636569225,28.966907028868196,0.05945934097343854,3.499179350339297,21.64276382309806,100.0,0
37.98089456093045,35.295086838775774,30.595429258100786,28.394967612021894,0.016174501049199017,2.5739068589645226,19.3901329257315,79.89129387716949,0
63.52440642459119,34.50874136187663,27.337385944215256,21.47601539537522,0.04218653275833113,2.3094685367169188,15.210474653449332,70.25604598914606,1
32.14136227828045,45.88582204986278,32.25367738396873,26.627089320896335,0.06280690745172789,3.8070900783108894,20.36007909615865,53.41754777855477,0
10.284044377286488,19.040446397644963,35.96639421027203,26.198973986486422,0.09092136883560278,2.685660961859243,27.71409747598578,65.61266197846837,1
32.795755880495136,30.69440442774993,19.060943117556494,27.92435340325351,0.03011962724082988,0.9941546051692575,19.209797624040874,78.2899945169874,1
18.278753816902473,43.0190005603307,31.10661689264812,37.43516818152708,0.06888798801658495,2.711487296461362,9.179798479134444,61.10552147359482,1
29.125291825852937,37.52402318308047,46.58419199412447,45.60628034624493,0.01796126479043086,2.8368070788507045,-2.720124499126598,71.74029876039917,0
24.13385408743799,33.141488836588124,35.20848503861642,19.595652373302933,0.011979321551144076,1.81888466823613,20.307357363830313,98.2870822283699,1
7.916927808421837,33.69757460276474,35.0144058813948,24.08006375212285,0.010370507773399429,3.023660320421586,12.084518752439353,60.82173365609692,0
21.39706433356831,35.003701360523664,51.058652225359076,19.749881015938136,0.022226364773772753,3.0141617895554305,17.401723695625176,40.977779544826326,0
9.760904567874531,16.297510222321964,28.489787712516776,29.871015372222725,0.0018269590368766603,2.6301585572197856,13.145534261919604,80.05448272444643,1
16.24109418014733,28.943545273542483,25.911928818540332,22.61650542489023,0.016633402721894973,1.9463642831208212,12.714546094820411,72.96304052325527,0
45.42921606114362,52.97959895430903,38.93522312671283,30.397968337419886,0.05280966522057763,3.797973479891014,13.408355200282397,48.45096304336002,1
25.574262725648516,27.242898061075604,21.813700752185692,39.03626910444787,0.05219470750833027,10.484683015526844,13.950747840500604,76.52950770427412,1
36.398728311182296,32.276799105634005,42.95821596237918,5.0,0.00381996549737244,3.7326612998179343,22.657415930897013,57.31179242517026,0
27.134071247786995,28.653903054076174,36.05805496192419,32.91779889600691,0.016942847084215812,3.8848875731251216,21.441862758819507,77.04665028502349,1
19.319932726024643,32.027837675722324,41.80644827005604,23.39812951102121,0.04214709561173442,7.123755111910397,10.75206706313296,97.47293918326929,0
29.185257790155838,28.546560355280395,41.12249557050713,32.604222679843886,0.019176776740595123,2.992935928874836,11.569591641797949,68.18251154288285,1
4.899136081458495,35.60228543379937,30.92722792609949,19.035305622497994,0.027063212723366998,1.9107208095007129,20.274731426816235,82.228895201839,0
41.08793400189554,38.136324223186996,27.69650687320368,39.96260988306875,0.06238069488239917,2.0496188412960774,24.31501419261313,54.79027703259345,0
12.052885299359072,39.54340894597404,35.40365868792525,37.13280618040284,0.00046550168191923126,2.8011724177484147,24.222848159484755,44.6192898648066,1
34.81583972837519,24.712964297366675,22.903097152638367,33.68352148542643,0.016175380178331082,3.216529451835064,11.982546955318611,100.0,0
18.720767778388307,29.404710337929213,33.08153913844388,35.93225717810098,0.0076792562099924164,1.6632741304034413,23.93586859140135,73.36137875902271,0
7.9219760922332485,28.931070097713636,40.62920308576297,20.543795328278264,0.006825888528745324,5.871326152826704,7.3423821940869,76.1344443358667,0
13.949510175644985,36.6488956272327,33.31444108249974,21.8037624531071,0.15975822913107318,1.8240118840197423,16.782693497939764,85.07023657780965,0
34.94293416339028,27.309228152438195,32.12365198023719,35.52436200817479,0.023625164063714118,6.224498873776238,20.922158655651916,64.07136468570869,1
91.6197337023223,52.89949809793179,40.40903430938579,20.32270857231388,0.037442359556846806,7.989424061008124,5.527169921750092,95.70069213690448,0
22.98519411742154,45.31193502278932,44.54659458861731,42.45635046658087,0.06617947983991122,11.458335319882591,30.557141544512774,79.70020125811656,1
84.62595286986397,32.80516945412376,27.779808627343186,24.764089287189684,0.0024305014498899485,4.705303525963003,25.960171097859693,62.50311826223734,1
4.885027806658357,25.824025222063096,12.758039995680447,33.01894389860622,0.013789166442653628,0.943867617752318,21.882023834163533,88.67178523252197,0
19.879872116015207,27.662665734481358,34.83201716879559,48.9924951925509,0.08923356866499453,4.191088553141639,12.209830754610472,88.57888216289604,1
22.999430860613963,59.773776675867076,51.812186040810786,20.937766459319235,0.09902167878440406,3.0452169149356028,17.591378252537204,50.344127586556866,1
36.23677576848116,31.136515313193307,36.02560008334561,28.68761750844783,0.023336523246135603,6.349816371611862,22.74252101857813,75.25165177562316,1
14.415644018995538,48.93860102441068,34.45359644602016,38.541831646373076,0.023489110660145304,2.484047042667708,11.264030598001117,64.41693275010495,1
31.164039380110598,22.00828595595049,19.723217596891644,37.51277388876531,0.07071347758126299,1.7775745615625458,16.917154612571895,92.50741992491118,1
20.66458261914059,23.203177731227456,33.23725134673356,24.72184689760642,0.017482854677133803,6.655496260161123,23.462303098865895,47.97373643204895,1
55.42691118036572,31.44799135857285,33.71102816690653,22.832695624781458,0.006226831560607218,1.712190170799093,9.032429989361699,100.0,0
27.742686074599952,25.704509796724768,29.275462897423267,25.668640674549483,0.014889007693842313,1.8950322282298624,19.99454826612273,67.93127467434188,0
122.37443378331184,45.67717772591179,52.85057783431505,42.47857766151364,0.02449764346593139,3.738657354313978,7.4713822222729185,100.0,1
20.793998893890382,26.031317806868575,22.838126369296777,25.208941436400536,0.0026808369218310237,3.5546681702486698,12.33691946652808,89.97127475882013,1
53.026973575339866,29.760630108955244,46.10454821260182,28.78115692483465,0.03256958549642255,4.391012169510225,14.972444365943435,72.66540456751581,0
64.6092537591761,51.27610802860969,40.764714450409,23.732135290765747,0.06735512718320015,4.251999751092804,21.08133367631267,76.19772246790605,1
1.2787382923812385,42.42974696898883,22.287334972628535,35.05548564795987,0.03605111992275212,5.355260994911446,13.795265384962779,57.713284251196825,1
40.726970532391675,45.602010563611906,36.80718299089163,29.555250375836565,0.003730538646854565,2.0983691108174147,18.753290347974907,59.86340971451157,1
20.207422016951238,38.271102858385966,42.984409756149915,17.96566189241771,0.02900428648944895,3.6261862484623473,13.876631173150603,73.11937162028106,0
9.029465335759497,32.28185045815945,29.992299920824014,18.311758859650055,0.061705212905740485,4.085060482081791,14.816299367309087,64.77689286452758,0
56.07894488099083,33.44153482548954,21.578385600288655,8.013944334444929,0.002992630737758158,3.1007729939061823,25.503969046716893,68.57517600131573,1
15.131083233953,22.73808743754203,27.779118720647453,19.686785908743836,0.003085642640493543,2.5785088411141923,11.09863093054657,61.26175742628507,0
4.572890045520472,34.31589054115494,26.86897722532833,35.939458036321724,0.023149526187447488,1.3779743275654084,22.554923843683106,74.55807981750122,1
28.240528021541767,22.499775277763284,32.934425319809016,41.23760538012268,0.010843411875089193,1.7714345723264355,17.99361668715011,58.68465266405019,0
61.74218370164087,29.322118263492197,37.91604583393777,34.85558363217184,0.13650006208025156,2.1490644055243706,14.546677866552056,73.64396521444473,0
9.144245263238675,42.900769351533896,28.710144478628706,33.54632200640681,0.04353523760742497,2.2763431766476616,10.694863005539293,80.30885992948434,0
44.494242322059506,55.6806267655298,36.625818265286725,26.734739504713506,0.016936517169730936,2.0816316919370577,11.122582157405452,77.60723051545139,1
3.2815779513494254,34.42518807436722,39.82321495060239,35.74914554913987,0.06100116792256997,3.1016993385177143,13.568129851452321,49.91292659489075,0
64.69936545195863,50.76947634074024,33.43703630990442,30.862782230818844,0.023494505893166123,2.065444214531723,17.099673556673146,77.58180705918718,0
32.6011673939322,32.43169193465,24.31541168723604,46.04448971987125,0.00708484020245996,4.2364603551267885,21.621057816938407,78.07555779593098,0
8.250277512480988,17.860799765995306,17.714790852028084,27.015546858232515,0.013540082908604326,4.9891995651846806,16.198564440465827,81.48913837103984,0
41.722517488715155,42.38009380949312,39.76834642746221,41.43008083736131,0.05146559304838358,2.9758545872116517,16.600134888706688,62.01382349656953,1
15.858921065044942,38.07173139245738,37.70195431312267,36.7411408181786,0.002663504769485106,3.317240668538827,17.496058660066172,59.79383837249197,0
11.06485560871829,32.376413880110185,27.47819730901174,35.35443286204159,0.01592005812831864,7.510354151468,20.860666148632372,56.78557129094071,0
15.571780700960486,29.912012524092958,32.00548817866306,7.885086745381798,0.011679362218687227,3.133895242912195,21.86881691517906,58.43155314931527,1
38.831317743331994,45.44680344731078,50.395780452165354,37.29189561547711,0.011228172361757376,13.145926631940021,9.678207146568912,78.84133428412312,0
10.434616644530761,21.707862162404872,20.890663609616176,26.724920210908465,0.05740521483983563,1.3511409093821938,16.30755174154013,76.00426027716088,0
1.9310269758875505,22.551848257476557,13.406798430907028,23.560735055651083,0.08738241651917987,4.634627262058087,25.36442410408753,81.14975778842376,0
16.249777648594666,22.35640157968492,32.58316523763693,13.170869588220867,0.0629155730588065,3.004295810256145,10.103280277680273,66.8823318935824,0
57.63599914690522,39.49512949839406,34.91484248814491,27.944128660318167,0.05188448896835901,1.7916942259210584,18.445877342693755,55.447355507688926,1
57.11794225715039,27.688761217479975,25.395303792471182,28.335515968182428,0.12411656154213034,8.43685485083927,16.974935977219317,86.46564091829202,1
15.553255840191108,25.490566570876233,35.41286852718976,14.969980781851955,0.0030083315455548894,8.478196864215107,14.59994646038033,70.49780634415197,0
15.090568559894452,25.206029661712186,36.79621302203519,13.26719827106308,0.009165087009413589,2.8064612800387296,27.54469590626015,68.91765590171893,1
14.311653578267176,29.540664713400496,14.150041726319458,32.86619480128111,0.026756501174561055,6.871916413566936,18.221014853207247,48.6112783909851,1
13.776624465180188,17.192749205737258,21.656316407642997,36.71705131061377,0.023296727440005098,1.3868109844190377,27.066870431665883,64.81778693895592,0
14.601894606799318,33.062334111392566,51.765063494131866,29.902829099224217,0.027068675003329042,4.867810241582224,18.03376323146646,50.01555712947408,0
29.255029927088163,46.86129099571,43.41175572466953,39.50834649684363,0.011562245509324352,2.5967984598492104,20.76153533590639,78.08048081210401,1
58.57581333766977,40.141285723818086,41.46534339590443,27.136150156485012,0.008096738277163533,2.6397105362765076,14.536670946438116,70.26675223697636,0
10.418683910848145,46.97601403464043,48.173559842908,27.456487255997978,0.0355852404002172,5.430919211107529,14.603437948213479,59.290720836701254,1
12.27671162665538,45.18148860276756,38.20914604270483,18.829719712592095,0.13159094635684246,2.858024702183352,20.45608518149316,44.3980100789956,1
31.752196145147657,42.54017989425069,43.389545238433236,12.397580224462827,0.02487650859395553,2.183783311564187,20.566184745801547,86.75687727429018,0
40.409559433284464,36.80829234136152,40.46781328724223,46.54662133859585,0.0022160520211062795,3.093075543214171,21.587922399551125,69.20344241821657,1
5.9059230700204415,31.11089234295746,36.75668891120506,39.31299050249746,0.06123724335986783,2.3555554986703613,20.260069721727454,67.48589616907044,0
73.37807857325473,48.64470950962081,36.88178803890909,14.074874328615216,0.017202386302965295,4.143878969594185,9.981474437975491,68.64326435426263,1
18.803862198173736,28.903873234685733,32.93802067280436,29.557519078312804,0.014058168757061843,2.0793578079898385,13.161787939725507,44.00214654013494,1
6.515565753723072,12.152127348383823,20.153958424899304,26.999536888963334,0.019597196681314186,4.701230211402247,23.09965731689217,58.32872932808581,0
5.604035389410385,35.76064584944116,34.40677277630842,25.26007526836957,0.06433431224505323,2.3418115938520323,6.249207807579975,60.54768701129137,1
5.248357635679446,19.476567346002206,18.442699801606746,23.909821521850606,0.08541304413276164,1.9206810761094775,19.75564344903362,70.44107184085853,0
52.33617068503324,28.229013320851138,24.966613398156838,31.812691469679788,0.04434340123336517,1.9560794390936564,17.328719405584913,70.14174797366967,0
25.734064352941374,33.862349132899084,31.2864433177602,36.181755254714744,0.0194657183448225,3.629540678217718,23.097491204834157,59.371579975129094,0
52.66297939286463,36.948198133394996,27.22963580191739,32.023911690282056,0.018587850658204164,1.5747901414160566,20.49972711642453,52.982504921437915,0
22.171124453195166,19.204912604822972,23.641826875967777,26.794816256208062,0.006637062381021082,2.4826475005498487,14.016118321749229,70.16102732198026,0
51.661861680393066,39.40419489339036,34.45027014331202,26.4277328310888,0.13537830209270674,2.5368110020783905,13.74389977019002,63.3839694295156,1
21.741953011867704,42.922689560390644,40.38717458147128,37.36814316922667,0.05082481106715408,6.330068997858939,14.863299162018485,89.16048860885901,0
36.128030029238744,24.135788801727983,37.248373935514465,32.63444938116062,0.001367255635637611,2.014911412062864,21.480378284223768,74.47780592591928,1
23.358344688816686,46.22858501181009,34.781159033699176,28.72689463035433,0.05428980270729118,5.279387377815873,4.186717922668532,78.10321153825821,0
20.721078719786295,17.506453556668504,37.6834183608164,27.64098702399892,0.029633737786229877,2.2512486565490284,18.94427666614237,65.41238574961969,0
11.382021645634152,52.88054469055466,48.66110650522582,31.452705096122887,0.17978396229477994,2.618553102532752,12.701792476635797,70.29560867564551,0
39.70943875636349,31.84381150861969,36.77027525899941,23.316513114405506,0.08548192837889762,2.2906164579751866,19.14501178684354,59.581158014718895,1
9.185306429574517,32.83396593270509,34.36277940745499,36.215388173082104,0.00939580408022226,1.9347642236599585,20.066986719020214,49.16377890087082,0
39.66288378008277,17.029096842155717,29.36460547181062,17.241414381621333,0.0636681303852226,2.9402726157353793,8.026040502427875,73.1595429162449,1
26.621554554473196,33.37187251847789,42.84515821272221,23.88543490233518,0.03323440096376448,11.024105405306653,16.638801437996214,78.88018573891078,0
40.41211805868242,38.346639485984284,45.12729307246791,34.11106095446024,0.010353986142345955,2.326225405279113,18.93342214080148,43.89524706081282,1
28.36813871955834,33.393599766938806,44.03701373384467,16.671171866457268,0.059989064604964996,3.438406409344903,18.527700571650886,63.18707538185105,0
55.552286283474146,32.70203217199739,33.41142752381498,12.269914573504996,0.039635955091243874,2.6463211760236245,17.26679428130421,100.0,0
33.65075335698415,25.581967818269472,34.672524447296695,28.630776754292402,0.00154223619095645,2.563464781668872,10.67467488111593,78.91856394644616,0
27.046415748323575,45.36222855762164,48.89326347602507,11.035418455535293,0.052006031191703064,3.2511890743784755,11.588231816120748,93.47397365502219,1
1.6303870611123097,30.552629409146345,27.231323484327397,15.011964459481385,0.05039112778926346,5.869399029988206,9.731716063476899,55.81540313539369,0
57.08450405426817,53.97019937330795,39.04074491957675,35.56594118506432,0.007779219749961413,1.9903542619751053,21.32427342503852,69.54831433593704,1
5.183971610154508,25.512772193573944,30.33340218153741,25.95214742394264,0.021461339220581622,4.499236777405657,17.306574949160392,80.53779412719851,1
7.153173031873339,26.72502902105883,37.886801512258785,40.85486949708985,0.044082265146273475,2.477541365840181,17.689480564243723,75.78343993704955,0
43.11097062455568,44.62258803964498,45.17041242160697,15.95185659062545,0.007470439508446807,3.225251256379107,7.767039336930635,72.20642548401585,1
25.02150014691998,17.523475402002354,25.162477271217462,27.060476343677156,0.09577213385513761,2.3480952221198583,17.798383216432768,51.06656289035642,1
5.433248172186232,18.680353624298704,15.403265814681802,31.995845532077592,0.0013935427651096276,1.4970783757766797,21.8018224318961,83.4394290678409,1
15.072523866021987,43.23572829343494,39.26376287174172,16.29485069871091,0.0054259089566567765,2.159646511534457,6.948962552554324,100.0,0
55.05671614768979,26.53916812992152,23.2691381533414,38.31761904499625,0.006170958686081415,1.4062805409840742,14.787562447530176,52.43335040508666,1
27.739588241074102,15.970428083135637,14.468681596132475,33.10678883166039,0.037550164048393446,1.4314514374978224,8.577905210731167,91.6022048944564,1
25.49481289543063,52.5094938150455,30.892825040148473,11.907129133125661,0.0483942051651508,4.99444038615204,15.478307551620677,63.074445439225556,0
13.532663823196298,18.09172309473739,29.84773730065944,27.622582037913993,0.02585399006308972,1.781577675964849,12.594048614574461,62.70450299906702,1
44.18329703643676,38.46868853874721,46.27577430296134,31.859567362586326,0.017030718106310096,5.028346210592304,20.285453001849618,77.88125172036237,1
22.69048263400942,34.094424322344125,33.9489258588276,22.099433264719426,0.08285724427505335,2.37924558162835,19.01543738055835,51.45524733970193,1
38.57858757493788,7.680504970059844,24.763247225191655,13.201350944911862,0.0035364680438175577,5.537288491462255,25.749026433804268,72.1586408408218,1
12.33541306435638,29.177141727975368,41.13401620221355,30.784587894474104,0.01644547559190658,3.175082230600415,17.675532904197038,43.298278195838726,0
91.9458315342072,48.276007224922175,26.954763617300436,50.11242950282561,0.001995057327585954,1.7245542163299483,20.03092681262564,90.53040365351451,1
61.95283505739667,42.836019073798106,41.29581900232141,24.130159008423096,0.0006993752801651505,10.580087977019868,14.653755110109135,100.0,1
27.518184505814588,43.1629345139072,37.17245553101231,43.692411812847084,0.02179981541428134,2.247332963192086,11.381612092628526,60.91066456370798,1
32.13216141631014,30.94491106339218,36.90642409601341,20.477111782385318,0.010834698634435529,3.5222212734114633,23.00857460814052,68.89528220888636,0
15.195659542779762,39.404393352338566,31.8938860737049,30.155456350099517,0.015623734582745847,3.27931848815577,25.45953032128248,66.24695926746473,0
40.772421341214596,29.222572520381473,25.145530684740734,35.71522530876119,0.08600371534792124,2.190299047375157,22.23393419542952,87.95151317810796,1
2.186866743345007,16.223355847374002,27.613413573234446,27.91586334028635,0.008895371445294493,7.432583285706808,18.787368738777197,71.52095888444602,0
72.62812588669644,27.916935126192136,44.360304637152545,25.022643511187688,0.07575945277072609,5.932206247323947,12.155438673088343,93.33081533261822,1
39.11132362910989,21.245593992412335,35.38551843329664,35.26127521350374,0.05620429361560351,5.311067917648767,24.849769040561675,65.2287346977864,0
10.221374937312945,41.629065919508875,32.59008420636282,46.91455115269221,0.019759320158350236,8.940543315072633,21.477055893822072,73.54781005975953,0
71.44966455425002,25.571714592551935,19.500909549170537,31.005869246391313,0.03954419106143298,2.196740155061139,30.149271655976676,28.772846916812135,0
86.78878394897758,45.75870599883967,24.846944129953584,22.839398234696525,0.029388538131136538,1.4468241631265584,11.073456298560561,92.36969536963096,0
33.406745763554454,32.35176992380884,43.469503584327384,26.10248442740317,0.006870965066249857,5.073698694382019,23.17539900748428,53.41445852078195,0
12.522958915321793,30.851958102791954,24.70012493603016,53.19707645645374,0.1188575240364878,2.1937007919321747,21.29463902924879,62.59068356056547,0
25.80090802253509,47.506209155377256,36.39837635819141,29.34907116338128,0.0421541008627702,2.242213288840403,15.947836798511664,81.33894823417009,1
36.926734370588846,31.15473648343559,43.031583601994846,22.05586301422027,0.10611329606322076,3.47196105831649,26.183009281218624,49.343999384819156,1
31.4149566459062,40.82825911238277,23.420092001121173,16.5493208351746,0.08681430205607762,6.370803149098822,20.414070890547286,87.62448330251162,0
10.222805274001626,31.90905430491136,44.70173779776502,9.740989058873943,0.004156903957427935,2.6110186476278114,12.378641829230077,65.17998888546946,0
36.45220224537047,33.94764128047859,31.54993288105142,31.6358427384619,0.01161367173373911,5.354462299283223,17.289965902353543,94.08717274338268,1
54.622934815712064,60.0,34.81133347809009,34.54641992824504,0.007847962680907126,2.823840727151539,12.306847157381323,62.381924577605616,1
8.058998374583286,16.795432299033795,24.739365502422213,24.03303820034793,0.0888276437254662,1.531190594413046,15.188905707686917,39.41998380971242,0
9.03674310599145,44.24682982027316,31.917957676897444,27.85029581969046,0.09918716329797911,5.36868405240301,22.2229569212384,66.37314789112772,1
14.664364769864944,38.76372037037946,39.03204653939751,16.295382907113762,0.037535796732135605,8.939566352306898,23.935644271405298,76.73901397168162,0
21.07807255350341,28.366460936707675,26.161524903580847,29.32928464827501,0.0055006813698671815,1.9966395512964747,19.32727400273619,79.279668592854,1
44.96804099921264,53.03839132429802,25.922218842366867,32.814953205671245,0.007286944002915029,2.01958989292027,13.499550740462809,56.96128616093399,1
54.21376125271356,19.650963064021667,26.09588495033675,22.648357328323623,0.08397929015233824,2.2951778010743564,20.289650522372142,51.47325619874405,1
12.041001034265925,26.588483582149173,19.78303301456736,44.904526695858394,0.13238784867141762,4.354571121130329,22.34039782774582,62.72334059832972,1
29.06808329981053,22.27539045228082,30.54471525281889,19.62893673253088,0.011124418618956522,1.5481794336809167,6.1673295285616945,78.56027651709597,1
52.73856731807333,42.0316197464256,27.315605240303647,30.834766040189823,0.0005600031840461361,1.8728738026898841,18.698872650185503,82.53451519520948,1
95.36785911376282,33.174537855192646,29.365712716700372,36.48317219704606,0.020095041272167928,3.915955218125751,16.85886120960401,100.0,1
28.95523705600625,38.67392502581413,36.93027244404034,27.227104998506174,0.0015487087373064156,2.8870519382944333,23.722267532457433,65.18921938993999,1
30.148405393576745,32.65789665082097,31.363488860054236,26.115231811055086,0.08800574880231184,2.370012227557946,20.314134989168995,43.356234505345014,0
33.555318561679066,30.239758357691016,34.09934560708477,13.711338495503377,0.03381570842285529,5.82084234118924,20.906110208836715,89.66106028659935,0
19.337639512353533,36.78711838718613,40.15714468061651,41.57341495716284,0.0513416741020618,6.993749074138181,15.108534201714226,71.79545761413202,1
27.32616772764958,31.412708919766796,23.30161397005627,26.301067983324042,0.02650763268043463,7.077573857455918,18.009910302794616,74.69805220304357,1
2.9863947145809564,19.561610776596755,27.30946398564104,33.37365424934825,0.021194761232869196,2.001894685366425,23.66210981882333,77.10363482451494,1
15.266992383541314,60.0,17.363969619934966,34.727204878601405,0.012564319417164039,5.74071969104002,17.61072160217834,87.0080523322382,0
36.04799674488434,30.535527681441202,34.19287748603667,21.717015079822467,0.07359970383491088,4.380584443825037,19.048017334389446,71.86429958672383,1
11.41375333353872,9.535972198510661,21.407875836405527,26.02471395708785,0.059462023735113494,1.4053733746596995,8.784256209347603,84.93102516662877,0
45.69913975079135,28.43388406540482,23.50595551833816,41.34482350743504,0.022371339505033533,3.0599000958005664,17.588759782036707,82.42187191228504,0
4.446135285529449,17.994153409102115,29.72341674201304,16.82802334259555,0.01936526016557276,1.5395464199532058,5.928000191363344,56.055491187485906,0
44.48511083245665,44.934222785273654,47.35526973159,49.27918074757257,6.218258314608275e-05,4.832358226641144,14.903130783850461,70.39844508396367,1
44.401954025684496,39.87681969976853,32.142585899115865,20.55127214723726,0.003283071170245633,4.2523981665070165,18.381093346361396,83.13155115611448,0
96.4809078999394,48.45926420289435,31.82518975922398,16.204825433594884,0.048809405309761404,4.706264967802469,22.602184766907424,73.66381011632944,1
18.718884098152092,29.10760795635037,32.96324528204984,29.323090206885347,0.03613985230163355,2.026915162251274,12.005040339288144,82.0406633516772,0
25.038300976986868,30.962242675978814,21.70004373722064,50.08348264339871,0.028529064891789465,3.0640692564449017,20.24210486082061,72.38041270810548,1
67.98243370896165,36.48805402026756,29.31217064382271,8.890340644077948,0.08786855163748186,1.8597237782782523,26.81096042617277,84.32076032828961,1
62.27615622357263,38.5294915921812,45.1910139300765,26.58984281510308,0.035048707012792786,8.121316425092198,14.155536805706266,99.06281109796682,1
50.41201464418335,45.915136550275854,38.86348845860864,32.76265017256556,0.0242654952577098,4.191100418430529,8.717682469664055,80.43090609247965,1
32.20685348232174,38.191782147401725,20.240977147391362,28.336499585355313,0.008792507928195501,1.212409763689621,19.73903974234253,72.51254850519405,0
66.75997895699209,45.01512513975748,23.630116877667785,31.819216700030097,0.08593140097421713,1.5956334709308653,10.848017960782244,77.11316884477658,1
118.9995808420429,52.84552620879846,42.43489602469359,20.81966917827726,0.042930374539424096,4.299821916870844,13.08600855915888,86.78006177169745,1
38.46282429397391,44.61384801791346,44.744663814506886,22.00278154068619,0.004850879956524422,3.5323211643995505,23.540021650214918,77.37705532184889,1
25.967453814919892,36.77661848764053,21.769675726047012,26.515773528408,0.052333981650360566,3.7543524572918336,29.261395652260084,90.6433355247302,1
41.7620375295876,39.85278635622733,39.538815402463,16.70111912097249,0.02767541406931541,2.6361412133100974,11.99585930195109,64.17576360090499,1
28.651701209500214,46.185817593356596,49.11707509726039,27.553135985598104,0.08340269328938421,4.601260656171384,13.57548155990752,60.418483161835596,1
20.078382677483834,26.361298221591454,45.64739119230569,24.112547063284985,0.12561261608403304,2.6718709215578897,15.360786225547084,88.2912749634672,1
45.833717202370046,28.317631780840433,33.97683479121518,23.299548148451315,0.045872797170506865,3.2680963073101257,14.713151678847439,65.67453934259571,1
16.55263879307014,20.623679827091962,32.30389268725658,31.20506412598638,0.06576623184987769,7.945845392516291,29.599755082872207,71.55195075390459,0
37.906844163413524,37.515172260714586,17.940593483260685,9.793405068006962,0.002912760333806835,2.875947677871707,14.816593021873281,63.70440686044472,1
5.688281211359942,12.315919769512757,41.72438829177301,25.70909896616846,0.04107806501097408,2.188792566577134,15.673488512843226,40.9453893669251,1
74.77885897334791,45.83836980659896,33.73142621787061,51.17353765614861,0.07039428494477977,10.663504596286277,27.697064839048952,82.92914969404902,1
12.846878277386882,30.835100796602507,24.866271051240673,17.13890313674375,0.034334617839332636,1.5845730895296422,21.460057869235808,84.29689406586813,0
7.022051003460667,42.39970464872967,34.91823278397487,40.855004964844134,0.04501472894997687,4.278098205394057,23.915395397695466,65.47358742380126,1
60.84521589528074,32.4076092796422,45.05643102534033,28.54656120912699,0.1146060939819265,3.7736619252681924,12.563322761865653,54.94416473021273,1
68.57897329799867,38.253663140524736,52.96583363655828,21.970421911185817,0.01103854167379089,3.345593804384899,14.818921900945584,80.35185340535597,1
31.727790404392366,45.98120189359255,39.39575019324377,14.793583404701934,0.0051707043119441146,2.36014032972164,11.761689853926239,60.00628725119759,1
23.203031731947682,47.31181122757368,46.909397871858715,29.396819652852322,0.05866306555761624,2.736775618011183,22.807569276214895,30.348030097703113,0
19.089428694943347,26.061890646723302,30.770388648173352,42.53397105814676,0.08653761347182663,5.448013125149173,25.351459246700664,67.60462991313557,1
30.47436532763369,36.388967125016656,26.253223065861192,24.107888548032363,0.09501966300472778,5.438420282947257,14.401353784910922,78.86013597384724,1
24.22704307212316,36.57824623765895,46.44524786136991,27.190385752632267,0.051311488020981226,3.573783537313517,15.814552062574343,87.51099078640337,1
21.979765327726636,37.033498855370475,29.836379699297076,38.10370850190332,0.0895520118481211,1.7106039465854601,16.077059609768053,95.74877416497743,1
11.639764049380833,29.120208014250903,43.93232939267542,31.40870791346281,0.06030946389837225,6.5077952911662855,8.716656040330946,77.09198797067381,0
8.752282353890653,44.126676334319946,48.03900117188065,12.277242202754215,0.004571615797219541,3.736973200836655,13.957067533442078,80.75396759986204,0
26.732468273222228,15.11283540476788,30.95742427356482,28.988872158551835,0.07178337141306028,2.703093162587588,22.639597288581605,51.07801190347345,0
29.789848856250607,30.25717498042675,46.73466804220553,43.12234910665598,0.009883518851967569,3.3830596543445455,12.747488973329435,95.28535679444393,1
13.513491728304626,36.506331086975166,52.46130070027597,27.630588135325016,0.01349926884396047,3.5313702377671636,18.55789117322993,86.71310106923418,0
15.256665602290346,36.86074795983699,33.342352280220304,5.0,0.025097475579557618,3.16023632875136,10.15188615321506,62.54460084596022,1
29.7369443725856,47.98813196203547,32.72489983748274,31.88214991591073,0.018885231019943115,3.4916624647305463,17.135994533226793,81.17229075383476,1
11.3609556547706,43.686397280228455,22.560400214039603,26.01543560455964,0.019404723129992828,2.38435828615294,14.620073072483953,75.98821388268328,0
51.74704541923592,34.90664055981315,51.9201142673673,9.709055860787831,0.009271891819911044,7.135238159093769,10.669971097297397,97.40261174210309,1
36.83738552095036,48.5243202634486,35.89227203403185,11.207919099462156,0.0173978702674274,2.5590716259174195,22.74231657693067,70.10086052179182,1
13.402297731699257,24.86992722198034,39.02826574560605,37.75107143288809,0.0009929235315394554,3.678391757808654,23.079764167206115,56.48696998083968,0
35.50910668209452,44.63523983023255,31.924052992017156,20.6761725440492,0.03201928815502401,2.3094208852228832,12.18276772658415,64.75184579149875,0
11.618884732322014,49.84805749405823,52.24534812491957,18.92503619264008,0.07317841965590571,5.411837501776243,16.702899214837636,80.77571669692242,1
44.545367101479265,48.83124613377158,33.93155771898533,27.64361439068331,0.09911478664725998,1.9120180344680806,18.265912098434693,45.111017268160836,1
12.042307304485465,32.86404993091405,23.611866903426876,21.557970016800613,0.08585910750044576,1.5988256312556863,7.111429277232904,22.45235987224455,0
22.848126158383064,30.109431206036234,30.37572103478449,29.00048627777745,0.026931918443059227,4.749712205684613,9.617443641635807,82.98336033619628,0
27.971828038280428,18.9098612431492,23.30973888956658,25.972799705633296,0.06554570643349061,1.5702030804534417,25.717706618200687,74.71644756998558,0
67.88669744954606,43.288400996573955,42.08575868231928,16.00004419906357,0.016976198608309623,4.069930919562665,11.609238620984577,78.85428953445688,1
12.756694857495077,20.76133194891507,27.89337336202584,22.888022014386152,0.0028582868960359015,8.424080802399763,25.549098649510174,47.968139551672174,0
12.291822511303991,23.91242674055623,34.586589852637864,32.427533213091046,0.05634619412282881,3.2093484789089706,9.927517953700015,41.81001803333148,0
6.083221258710102,19.0050251814398,25.27383828789357,28.419180402386257,0.05231942484131892,1.6787157588767054,21.952966662842417,56.69870799926923,1
81.4514595916272,37.613795612177526,29.72465927672057,27.180575176081685,0.08088091288619148,2.259591446242691,16.132181354937988,86.71571840887066,1
25.68012109553405,33.57232401946028,28.760445224615523,47.373842411793845,0.04786946723025581,4.906416068515663,16.9754023850738,61.34968852759873,1
52.60252886284093,40.62652514108319,52.610120440681484,35.310375253855355,0.008532988524672344,3.4971888965780704,29.135615481203786,89.02200877619852,0
15.490133543506708,26.318453677386373,32.32874892877004,36.52441264821343,0.09592140053336635,4.187608527130025,10.474880194087909,53.78713657839696,1
16.746038980073894,43.20474291096291,21.411799488760813,26.340315922050753,0.04934274024796808,4.074899033735691,21.568789177566426,60.55903169862102,0
24.121097649815745,31.536112067572702,28.452772719396435,30.201451903512748,0.08241145764030207,2.8136699914229033,21.320937981346933,80.37223535022868,0
24.680524727194577,25.824854376423993,31.1048700103766,23.689000104743073,0.07438471880202704,4.612926995178272,38.12744033499827,64.28237969817043,1
40.70448849978676,38.368595947402376,50.110635828963986,35.77549765524128,0.017681442772244534,3.2677686224083096,11.537215078608686,68.23064829511841,1
26.252925754276696,53.573467198579664,49.658976606551064,26.896000959009566,0.003873919388852177,3.934949380857816,14.24409123897938,60.598258346123146,0
18.469515054348992,36.122032923503525,27.07507047754609,30.223777489305565,0.009709854173224425,3.674037096221885,22.895533714995324,56.259791898827075,1
82.45948695193088,38.740366769053566,54.84299273620103,29.606113021551682,0.004873052951604475,3.110171155728136,16.79841684478882,86.80455769882934,1
11.49465723594727,16.44958502420505,26.3305510912702,27.818331185945453,0.013946849921388567,1.9558969417486582,15.221694259609503,74.55452586685884,0
12.819430010578284,29.728791291866038,41.86215500534597,57.3818806715577,0.030766017663093354,4.204423724078021,23.74506892993899,70.97111256538489,1
11.645177155978667,34.096057824277956,24.39835515051196,21.333807225052773,0.11865606755588419,3.3504282229436475,16.400589382177678,58.086281347894115,1
41.82053874814646,32.397271899666265,13.773603997859325,21.24288469841308,0.10279357782145698,2.0483629787584823,12.648845577711494,70.34172925092871,1
34.72939883399499,18.555563442689255,16.154773454128815,34.94096746811757,0.06339887386075496,3.9829482391252715,22.357260928571886,95.88490151811665,0
22.053887037578402,24.802429160602422,3.9183038546753224,22.04831000924821,0.0012203910841836689,1.511687254266602,20.251728048167163,48.09452675102217,0
11.103498249160284,46.21090934625162,55.381078356523915,25.08593638651107,0.0208811256379246,7.031741062150403,16.122920426364143,95.50906885626165,0
27.881569097747626,48.52224540196675,41.125161511878034,17.13589046644382,0.05734000888339428,4.719138976733378,15.838190887439872,72.07211151131273,0
45.95963768686888,28.027553960984353,23.81386943680949,32.91557919402587,0.006907323965174524,1.946475641588338,12.510560370356622,71.49003168772622,1
69.75435421526151,47.190721004283446,42.49728064155434,33.04257244484152,0.08074460045475051,3.1307575477722276,22.35058113069205,93.25154592507745,1
14.926049999243535,20.453179652184794,29.695944150315242,24.848079400765556,0.12300505144019631,3.68815128256856,15.83935309647375,36.97621896397319,0
21.993077233458337,47.342124404968274,43.90431692689924,35.14816688480072,0.021855873518669616,6.692406478761408,13.38092457855798,90.10340906538792,1
34.487115957112024,37.62542587250917,44.72642155809382,9.418749862664082,0.06118209254407269,2.6300760000528816,10.286668996848872,99.76331062564812,1
18.316268221331327,42.24385521936503,34.57817286354589,20.931465984856565,0.00802041865969103,3.1747344312065295,20.352926147453015,84.98284665615276,0
7.1564100741189085,13.922528039292446,18.530296766909085,26.300208137890692,0.058691008131325176,1.1794208089002027,14.948502126522015,34.89700148116303,1
22.08084512920108,40.08849778862905,42.65760083042696,16.277175030970472,0.0010844462885923748,2.7883752903709746,5.923948116065571,80.87868599284745,0
8.125118925408103,31.14202720196618,38.8754731038622,10.51286962581278,0.008171349836897322,4.260379514248687,10.780387262135722,91.31500215536188,0
48.7044770386394,45.824962263704336,39.13587137045249,24.92104034961553,0.06187328173709214,2.1186381336659377,16.598418386046106,97.88212722376421,0
19.53930798439953,42.079574178638424,54.25226318090155,34.94020087060742,0.062213743728648664,4.8841548386588105,16.766774010496995,47.786522888483994,0
23.835418226187638,34.23315962867564,30.19068686857704,40.82108391426512,0.051244310642668156,6.130993097987029,16.538746497776096,85.01243611928263,1
13.122384055474893,25.96006121736209,23.185160713862693,22.52712116794627,0.03244350442934126,8.130827754243501,15.703463330594634,94.55803285278219,0
24.55627927103442,41.480403712450105,39.936892905032856,35.332158376215936,0.05618236701188737,2.4851505708298927,9.144877663581532,70.35324163389717,0
58.83273409010277,38.223365119464134,29.88984319247767,34.365420380756674,0.07431696222172487,4.258283909802618,12.752708855105693,54.97602847617475,0
52.38327161099977,29.129641206373538,35.61598867570858,40.186081743344964,0.16978312492646952,6.998217077142655,25.10266191890461,87.90644321307397,1
9.412287531961274,22.210320815217337,22.22006227937142,24.498089696459985,0.10974981728134175,1.3026362138134022,24.217368761118394,82.69032703616851,0
0.6723470053948716,15.329207887685413,22.92974489161908,10.01499504815326,0.07912378473713594,2.215438800062813,21.46771069406431,63.04634693619044,0
22.216051352604644,28.22949610726006,46.418521803217345,28.701858524227447,0.059332439553771425,7.357681717933086,20.93701562424401,51.58235843256356,0
19.648358691167115,43.97417426441885,34.34497085178611,17.86206259030277,0.04268405647559643,2.1705165599848195,23.42853544839295,83.65775299877588,1
18.68453738634068,34.58097860500544,27.441579089863808,20.764948909379925,0.0064262727831484725,6.8010411381781894,11.275231575047398,57.20477449294176,1
15.757986178548236,27.06602086755183,40.191838656672736,24.987808559468178,0.009049532667852094,3.507724018657544,18.197570200541694,74.1117981337927,1
9.20420465694773,39.42919008034296,27.36334042984364,24.61072368650857,0.08581763751316772,1.5786504725584998,11.278397096118237,90.21333625658374,0
100.82775343395322,36.799396797859096,29.176212877967096,29.415592668957945,0.08130705999533093,2.6540385742691237,11.38251318140836,60.283579232510355,1
81.40290063391615,43.16393783841521,41.87806409943804,35.03156316419617,0.047655377212215605,2.883728752063292,20.208389626481647,94.89704009632204,0
18.03481647590136,30.908918744130048,39.87085888863835,24.322644167240338,0.028887472281741253,2.6566831375126894,23.68050263481525,65.50823284038327,0
27.58607950137937,41.92921818109043,46.535498401084766,31.956975066080048,0.0013188748640463933,3.886258357151997,16.836905193464773,67.80741664050724,0
49.3018656386039,21.622996136595575,22.67142379687435,28.148160099305056,0.019813644999793243,2.4552901215888028,27.89400259325701,82.57511964571319,0
27.517877776293712,25.6257042082975,35.01835106720796,37.35494395878445,0.027291532095407786,3.0663508339912733,19.27070596227322,58.93281508404638,0
16.86055485716693,16.146626637629705,22.729785058698447,26.114081488936833,0.03325873287450891,1.3210306687269655,13.339286805500931,50.74682391750375,0
7.291015318031005,28.49768507961195,26.55382896375972,27.21073324225444,0.13248288476754141,4.569884479670398,11.479628688757968,39.69528148314603,0
25.23745585884701,45.899893415151354,47.98565962439882,24.255995520010934,0.005754237703487739,3.7126794198402244,24.108788905108298,88.52393181305763,0
8.249281909091799,26.1829201898285,26.076732909054712,26.377514600415047,0.03658056865445263,4.743523675140987,18.77075469443889,61.07477360518391,0
56.158245139242794,33.31689738892991,35.55239572373981,20.165118716541258,0.022937147227096197,5.258931085447261,22.056284269016892,84.78075521320905,1
24.380155152504308,42.37426751471701,38.19434275973191,19.174027138564867,0.23075152808542787,2.6726342820976474,2.0522204372805497,62.60054990727603,0
36.50110597571805,46.160661480910704,29.898229581656263,35.75765385282725,0.09897583448739575,1.503623031969358,19.46803220608163,54.873813644519274,1
19.174182096695116,31.990416641816367,40.52490949957711,17.167983168153988,0.028882636239865374,6.870011769209636,14.929354869022578,78.61952556842613,1
44.744132421745334,43.55876840376072,41.90575451093592,24.808819103020966,0.4048599332125322,4.9553179405280865,9.637442784498813,78.8682650902214,1
14.654587516187718,21.428642718648693,12.68113219249611,38.15342786270996,0.03608384001613971,0.8609583784554009,17.62390594230945,64.37743019342615,0
31.073738811272023,48.44080416094494,41.59569055427673,24.472992049963928,0.009143152964482591,4.4992769646426005,24.550881201926735,75.74318871387644,1
18.59967976441938,54.27701490403342,35.527018488280405,36.287404536855746,0.0405824265376281,1.816803826692172,31.597369718518312,54.31266760922382,1
20.946462156884568,38.35412723541993,44.118253345469,22.089542792731585,0.01282246440137992,2.2622159354025713,19.45291444393506,85.09828904970658,1
48.8621263622627,16.486002740911402,15.031202402118495,17.48836393649806,0.050573061582194156,2.2439103492273453,13.745120460230865,94.15834485046966,1
13.032483085148947,26.3725698387945,27.69721218648145,12.051741450991793,0.1385815989104079,1.586795256263349,13.3829846608892,78.9960651870836,0
32.64966559234936,41.02570305554561,39.30647763012597,41.127240692726616,0.07713538119443447,8.63258018680861,23.778794172391194,65.95014673206482,1
60.70146686876936,34.890390058651775,34.39087837659571,16.631288183655847,0.015952699278069662,6.204994418162305,12.018755285082646,78.03049529400502,1
47.648213535670614,49.86921757285157,46.0513530828524,35.471865901250936,0.017609865246165046,4.401138084308352,21.734564277166577,98.06218942915555,0
15.020341093329,38.13462380835801,23.10647363526889,18.000529732066177,0.003590280628111565,1.2869815262459974,19.762087139757707,87.22156148283347,1
35.93167593466465,28.324996382541734,44.54531324795572,41.173839179398215,0.01683436148176716,3.012862773157715,19.098608351297276,100.0,1
4.450531053792849,30.990227765781455,36.59724837661875,50.067827246151005,0.004859962130302511,2.759410666084857,8.591288460715246,54.182323411060956,1
49.99805245229962,28.56137566145404,42.30229596858879,11.134699403096633,0.034602261329279536,3.4263545832695277,15.858250786642051,61.94642623065294,0
118.77340619335304,45.99016214487854,45.389986211817344,17.15243565841186,0.06160954060557919,2.639516535599908,9.251053251854323,90.77023555240226,1
31.313228550201593,29.15105187820472,31.56753983564154,35.73131863803225,0.06955151017682108,3.301563770744172,14.470515592099407,77.36608206948482,0
62.725006648442346,51.15636899959674,30.18896191254941,33.13042923365815,0.003068735616384394,2.6540370106307396,23.502831969123072,75.41066385379503,0
6.950526128373536,52.20269948756598,36.372654345036786,35.769218547601916,0.020772431267143524,7.704797126183748,25.38634742013339,60.54483880814362,1
10.168150981215552,17.21333931482481,39.60184238883055,22.262444495956238,0.016995932091267183,7.483946760765519,19.283691896945314,86.04455793868004,1
19.116706328655326,13.635343087200777,36.53763948813137,47.875341610233676,0.005507505204936211,3.4938807631924993,14.577956925396087,67.46235990752396,0
22.066361032251685,30.858229936323895,27.386492133700038,29.180494666897744,0.022507800025126864,3.4369372282323343,27.528595994162508,51.18510093767548,1
31.457879399824133,19.534524921686796,5.267375679057288,15.830374231564804,0.017785207133029276,0.5598966237883508,14.49845619746292,54.79623957593195,0
15.082764982656748,32.724530784107685,31.388294439202127,25.46851499957055,0.050324344564182805,2.074876769907042,11.185881049145973,71.72251787353387,1
27.803069923045626,41.65982162651611,34.36230554557352,15.964331037711673,0.10740857827159096,6.3376449730368485,22.1788978075007,100.0,1
48.79582557004614,52.260792808175175,38.906136226947005,43.90941358554105,0.03033395530333105,4.347699621502389,20.74640425541824,60.12000895783155,1
35.837770107331075,37.38961110325247,39.1841580559522,21.396687371998837,0.06865216187070862,2.3792435397644405,14.744544534444955,67.44444299137032,0
18.619175593580124,30.861324090541228,39.3542302707898,32.92483484744622,0.007891811237055435,3.656630061192055,18.6013513774174,100.0,1
42.29250063063189,16.56002592886394,34.54640674834177,23.293268550178198,0.11267373883435068,7.18672367529675,20.652959933110637,66.19428917854934,0
17.975344770904915,32.95815320749372,36.74893440408042,21.84612690237487,0.00827881157402653,2.684209336714264,19.222073046310896,75.42698157325206,1
26.67284194724847,34.71379889758189,19.479353943651667,8.897458187189493,0.01066592259081281,1.3851162340384304,20.753633729787484,98.47322922831816,1
47.093232791103866,43.453553060793034,34.65182336277085,33.98174602990567,0.005628421719458948,7.428087512549583,14.965710830640155,60.14646634466344,1
21.6117449963309,26.156880734158722,48.89547056205701,40.99181252629184,0.018529964934161355,3.6818378260101303,21.157470265437595,64.68344566894277,1
8.133930338859855,26.869563548470378,33.74155929780798,18.840324186348482,0.04019393211084637,2.7670445065946137,18.105347025499693,59.361297063253865,1
26.11497468112556,19.13722364912699,30.597446007201718,12.547708850013288,0.22111790167082457,2.1526396656215177,15.16913687078188,47.45456449171724,1
47.379006926182434,14.193922970086712,28.55345670622555,36.03316042737829,0.07884080066713936,5.871255922726903,16.524691426600352,98.01629057056587,1
50.37761303340122,26.47167104704235,33.911705398864854,11.53758650893749,0.023936947799443484,5.432219752208439,17.412588984453492,66.29445752963227,0
9.78236345579411,15.764096375838951,7.240741101648195,40.195329359482585,0.04288294093311771,1.3936812238291454,9.327729977632327,53.81278755383044,1
41.12107974403872,39.535284915811914,33.89791943103622,18.956048770453798,0.04881637418511437,1.757079281059618,14.18004452058043,66.55770762775141,1
20.610104889296707,27.91017516672593,30.860927412332856,16.967072571753736,0.08650328049115885,2.726580673514397,18.389433093556715,83.05449205517093,0
65.51937917439427,34.44553557541125,44.0301774241918,30.484624211312916,0.06667594751025517,2.600504567660377,9.894053787666886,79.79727888999707,1
8.302557851648134,21.401253215995098,28.941884443376406,17.618607149885626,0.04211614428603136,1.7551084327853554,14.280458029112516,54.78551698887417,1
40.58142362647385,5.0,8.82790890718447,20.928889187067906,0.05530950041603651,1.4401568861620184,32.30786987023123,79.25353239902056,0
18.868105331022523,47.91332328712888,42.606042564225575,31.539819326710067,0.06850483491355876,2.3389729603699645,11.224449811072835,80.96254153243308,1
15.285434492415458,22.290109946094436,22.485446792495814,5.0,0.007144123708870489,7.439105180744785,15.697116524097424,67.70061807994173,0
48.54336463803416,33.15730399720606,23.52863647023108,44.42419245928322,0.011185652003694013,1.2738444406230705,12.997696328827613,71.18725899462194,1
53.8130508200797,23.523035970118848,22.735942014314894,28.43640132465738,0.05833132838820637,2.163018991629139,17.29877997627998,91.00074923974924,0
3.0727625852912435,40.18021782220003,40.412120966196134,15.07033987596472,0.09499805484713991,2.375758202018016,13.11048994119012,62.926773819356626,0
49.13776775331011,38.80495453336976,45.592071731428454,17.827546307131584,0.026319157741816826,4.614315321718362,16.540541260245405,98.95042614501237,1
23.697825987882876,25.291021045523745,33.97984797963019,37.91646378260802,0.19532770553459664,1.8631734783816665,13.688717789100641,58.3750421162219,0
25.56138682131759,29.9119119097574,37.02095055283913,34.01052935074104,0.012171887928728723,3.433915626781825,24.330766898218947,58.39857537785164,0
7.8587107644390635,47.96060583591456,42.968604517069835,41.86780657285211,0.0269526207185146,5.114935179680851,18.48982222631728,53.01479045162262,1
38.714770215369896,35.0775212134927,34.84162590028083,21.172571551957653,0.02378282229460613,7.735940677317639,11.982164058220679,69.16025719272423,1
102.44506491476231,43.54942436105529,42.995214824124176,30.965838371508028,0.1331748361846201,4.547914114128775,23.04477914299616,85.52657390344724,1
16.09222810129581,23.00001935380172,9.849804004965323,32.265679117836775,0.016800113583679815,0.7020821228668149,12.250400303819323,48.33390697666695,0
57.298719367427694,19.648996400391127,28.74830537059512,34.95267500252237,0.031818571033454444,1.6227877286477974,8.615518866530094,77.91110289219831,0
24.851398645766977,32.12732306107161,24.491528947450632,39.2728112343207,0.010365591820480743,3.855115653749503,17.981745075403154,78.45059253844272,0
16.637995917894738,35.75055051093039,43.603440784725265,20.827360941556528,0.03683053288654111,2.6651545861859525,29.443586546039874,46.34522586168351,0
6.408329877582259,41.957094124914036,35.60559520823073,26.85829732239519,0.09738705051522595,2.965939994998915,7.034015226504675,58.46409457980317,1
62.806373129704305,16.935990624459095,27.02198095592628,21.89850254419855,0.01812311591868716,8.862941909010654,10.014072470585418,86.07356055447556,1
27.21435038422167,22.83118928740296,17.09190072093076,27.473881266436244,0.08324543606772095,4.28315658695062,22.515153978965067,54.10158108870553,0
17.361173329332946,26.79676509383544,38.85335314963699,34.98432782062975,0.12113129875721657,5.691993833199385,14.146071602328238,63.732556837164644,0
19.817803466737324,32.93786203427858,38.19376977590191,11.459644997392978,0.0037878144017199356,5.852943194362953,21.671691403479258,85.28631422735441,1
40.908151331431924,34.68588578443056,38.329937372496246,39.09371569459285,0.07061642360129138,3.849273404827243,12.975066558348317,100.0,0
17.337746299682017,31.38377508807961,26.049327217881267,16.608178757362502,0.014741607750586597,4.0271058766840895,18.85177306445506,75.06627742867332,0
11.015008542561384,35.733211867083654,28.10416598732842,24.926296803027686,0.009638456912505465,2.2945379959881564,28.46684355231293,64.66420242109807,1
22.862822632729902,24.39649228711839,31.5473925504146,40.43941924966124,0.045955032803932566,14.51150730240426,10.832462117868776,62.05159421701007,0
22.319959598523507,42.68940836211547,31.51977606286178,31.28009717983405,0.06114123894066503,2.2319476836314056,24.142564860823825,83.1253034012779,1
21.937550633672316,37.625157012045655,38.52920650623697,31.3952994826366,0.025106591703420653,3.709692677881174,22.078240779792523,86.3886061134695,0
17.528270297574075,29.43091790335532,14.485066339208352,16.193739547048892,0.0019980821469726927,1.3869965501166002,9.064534493406548,51.159117102750095,0
58.63217734293802,54.80390652032986,38.0212061568792,17.559140641761594,0.1196827022847731,2.138787410010087,21.353403142450638,90.3828377077466,1
126.72004118481637,60.0,58.37402772341193,37.41256396668919,0.06560517560599084,4.595444162412109,18.436836773175635,81.23831371106996,1
9.805249052049087,40.799740909745445,39.83578298786429,22.108564545156103,0.015849832618135006,2.8636852168099787,18.546564059482378,54.067713201126175,0
2.4924306646362364,5.0,23.33434931624794,23.050881267001508,0.0343447240491026,2.917107499562195,20.019105398710217,63.19382307967083,0
20.71510504854467,48.89671668446146,55.44049895915544,37.63951251054712,0.0014093159097453,4.407988130610336,15.89780493350517,84.0172196481444,1
2.90998467112563,38.384082925388185,16.66600421974379,17.500864546304726,0.020721466987650528,2.396193803013268,18.420593753654387,70.22307680682022,0
5.756210581381918,50.92751796433666,33.84851826742981,30.69235132886258,0.03696324567926979,1.955609313852964,19.448714550241732,70.38621708813862,1
16.329539395553475,44.82407682666841,34.72024535668825,28.429073261676916,0.036410085189451095,2.8962949852497366,22.47634763331317,73.55253268910592,0
40.701483983682685,51.88864937252526,47.62226961305322,27.973142741367578,0.011671367312306367,5.723782021893909,8.837033799731513,80.15516707709195,0
20.52671059872638,41.86555509161275,43.75147294247099,22.815643681224962,0.07497256308432838,2.944665537546267,25.745315378946625,67.3930738568483,0
1.6701516886409575,43.737454739751264,30.566928224039497,22.201448185366715,0.017752538789754628,2.701714376412938,11.06825794164472,74.81236181860798,1
20.31344699658197,52.9882544568317,49.17893635987308,17.216358362051345,0.04342386451023625,3.820718497223176,22.569770784878322,59.167456459690854,1
21.535721114086954,35.3959055508951,30.931844081784384,32.82665026041307,0.01583990812218376,5.518222307850978,18.47667059563668,79.07225898700031,1
21.820735925149474,17.550804947991125,36.71343898438979,21.318508084832636,0.027683861691591823,3.967573621926184,10.313061943207813,82.21892740253972,1
52.875820951753795,34.856764142611645,25.6815640720682,37.687446211672516,0.011629061398770608,1.495249362985335,21.168872818224024,86.06221310885545,0
46.984868451453195,40.947186261552346,35.392381712091655,25.75444958409347,0.05012073321051583,5.777114815263245,12.327560164828974,85.66240616570211,1
26.425419003260938,34.712688694204715,29.963736954669404,17.415495105789624,0.027720101672631517,5.066555023559537,24.41277333094584,77.25806840410436,0
89.77217628745656,31.00020678152422,40.8483256851354,25.621861178515793,0.0008124300456996765,4.844387632878932,13.734990968992536,100.0,1
16.291925823441364,16.133112621566415,22.2709953160972,23.891428008635256,0.001428461793058406,2.3684859547284027,9.030083414367734,34.184178405008346,0
22.62913574816479,25.982743675876428,30.053509238256524,38.09103411728053,0.03185103947591978,4.336556930941076,27.20307063021777,82.33201651311039,0
24.530493977299773,41.75696965643648,40.75727904387898,24.309998107484677,0.010119634061220892,3.340884509076335,19.08794202742145,99.5379617028281,1
6.334350918145517,46.753550345951524,43.063488002589565,25.237896187996743,0.043978904235772276,4.821516083944646,23.203146754567893,56.93843805924623,0
24.92640560170587,42.90463697803289,44.25747565099853,42.11546705492435,0.026228632613954767,6.4552377811419674,12.891168727479796,58.979333244903614,1
5.11953369880484,41.342202925962084,38.225879385142164,33.08267321463349,0.05312653191004382,6.335715118736564,6.649136779750796,85.31869193436802,0
14.211539615054464,31.323575210622593,29.18343876201039,44.627060160034965,0.15224105688363976,2.671564987615472,28.051214544526662,53.94121783082166,1
27.331339270120083,16.67887631345837,23.873960562513346,40.59045004063905,0.03761685592338012,5.116555421551131,17.961439126926308,60.46540316539223,0
7.454010275105417,26.565895732438758,30.8317368146364,19.128374116371454,0.07741210882556587,1.755549120402431,20.94811136498128,69.04002985048803,0
31.95298246327282,32.20530325076714,34.87886110890192,37.89950854400108,0.06992664665587321,1.958711329012961,21.939574683589615,59.406328340358655,0
12.317708254610565,26.877131369834764,29.573479365146415,43.253032920745916,0.12741859412256193,3.0680016963211196,15.987653681905863,80.5889091808255,0
18.566249937543734,33.331886144377826,33.48638182547551,43.328131323234196,0.01204106093331364,3.7845318916130926,19.357377285693097,56.851218153651054,1
36.09178760259455,39.827965739318685,23.793155411150632,37.88095983576687,0.08781777386668992,1.5217522426445462,27.563715555032665,77.62785773611911,1
23.440752830483863,42.04626480700756,42.157348198440445,37.67522994909176,0.11796855566447634,3.3858675046785764,17.80535262672402,73.95538751104435,0
31.416340805488407,31.93125247715992,34.2213993019794,24.973389563244503,0.024941804397012025,1.9093026624617575,23.652607898517452,96.24158924722474,1
34.51287970776035,16.139337899718118,34.47069846821596,19.626179156504254,0.018830487462141113,3.5666414607020327,6.05251811981627,89.382103935988,0
23.14415324232039,28.64284579343671,31.458422376631365,24.47782681102543,0.15186513331760246,5.436261671386888,24.742563781915287,61.68591752665927,0
32.74507845687102,35.34886573845049,20.232365667205908,11.35210998567237,0.049393743712442977,3.6876858225695672,8.867974211964158,52.58162959429052,0
14.006263484524323,44.329018744012735,34.86403798315169,41.42795315421705,0.023956375092991478,2.6937699590418007,24.056452944201006,80.3707853265664,1
35.77547230071279,29.688242423265866,30.275857584359013,25.16707040582288,0.07846946386755028,11.678204768698505,20.343787322707627,62.35423193884266,0
20.821082171318036,38.248598609691726,41.24266588734548,40.9133072906496,0.018154337184337368,4.237092132507632,17.424475943556732,64.12906536570733,1
59.65936449195768,41.84978367014797,20.17772511195203,15.685004227784004,0.009703975736884059,4.38637274612839,17.402470672752422,61.034457547437,0
27.76168872280548,34.603258639654705,34.17073959145336,38.826249210022105,0.03925979417608589,3.924029052592476,16.483613439855993,80.73751670636359,0
15.78183197599274,41.672607989644824,40.77844492220438,23.051193418206804,0.041759972351024896,11.13580095633155,13.07598288333862,58.45896964863593,0
36.225984696298994,28.825485736919042,26.23829121251546,15.15630591690826,0.08736220208482133,4.756677297367762,16.764142328219723,71.71957161471796,0
61.41259585208654,33.46002488137782,33.98103403108591,44.27118052159758,0.030534816894352335,3.164588235703219,31.248354465054533,76.98997318203033,0
17.009580380705096,32.43242882616348,27.956679457266638,39.07311669340774,0.0842583513016751,2.3120231945758087,25.81384026470838,71.15532537484968,1
14.695061238720465,25.80279413487107,24.484534188185307,30.117924201857843,0.018649122381888563,3.5166085071780153,12.773980928865397,77.8635897735388,0
0.8503128031123672,35.20766983101285,30.815709131354602,28.339378851349633,0.042826642181407935,3.325063982099282,19.60612441396373,61.52775698220916,0
27.71039509909607,27.02463622120308,25.124318548745148,32.39510018819118,0.011689550423280688,3.24121323233956,18.57587497941859,59.420665291521075,1
19.199712286329067,35.14299892040071,39.52614606365095,29.94628577917411,0.02434291988232011,2.816485642713735,17.14623934194197,40.94677295093412,0
36.118172394117764,34.4159981712501,27.88678425381702,20.07724045828529,0.09743459496837857,2.5141203360523336,11.983334660175124,73.76307891933861,0
36.67792306628642,37.65094810771002,27.83709918670059,23.879477302150782,0.012166559967597558,3.025182791346456,20.675387908839916,69.98059900398685,0
6.640704015232985,26.39869165165456,44.70290599537809,47.60717832038703,0.0830996166377777,5.891370750690047,23.076429779487817,55.67104835123171,1
46.84299718391861,33.635566632319524,41.14014674752009,54.72156742628014,0.01662502277913856,4.935629134255459,12.996607889599318,75.30688636907176,1
12.90627578316324,32.896034047444985,18.266306733704393,43.626685052306826,0.0017549264752632747,1.1659295705771628,29.733248503735243,80.42099524585593,0
17.08920461042958,34.58412575317757,27.71550398245076,32.782239401626235,0.005823015108405896,1.949319009736151,27.132019495413324,85.0961621962936,0
32.086687920798745,34.770984034208254,35.84809738746499,24.622509672980648,0.06849734466775369,1.8464438408081971,21.288993353707394,48.39027630779388,1
9.191621178225047,48.4323667418646,41.96298723459779,20.01814106103034,0.015195378268582619,2.114134206635069,10.60968178398712,61.42540472041499,1
14.825176373229741,22.31640726857162,17.0026199815335,20.677175895697975,0.05308686896522589,1.3583044551934942,20.40845175590737,82.38041346062235,0
8.3858070812169,30.615833112655398,41.514857187640736,22.467323413132394,0.06006530195822725,5.28783966610672,19.69186800938679,90.61777693408874,1
49.67191962715538,21.71449772290346,35.28759444261439,49.5116404142577,0.021165046071834195,6.466831080494492,21.07893165731098,62.675429128054816,0
18.32769648992726,36.469969260162955,38.443200760387896,46.06282296382599,0.03221013591105348,2.916559022877135,27.542785633738415,89.34038323647411,1
7.594250423212271,19.986672199713702,38.84849680558245,35.46278389935394,0.025856195021432066,3.598978123598733,16.944155672300276,46.26740585112317,0
8.147122446953317,28.438965808277235,34.993906263878245,18.39386823587174,0.1472034988995947,4.198404204927532,30.28695947793446,83.85369293618983,0
44.16966449029429,32.904806420230884,36.750569602107134,36.93055926711037,0.01927936406077045,7.950051998095803,20.4390260759625,69.60758791497874,1
11.891336234223019,34.59261170114517,46.29847885503601,25.61382971489395,0.010125583141683981,7.197061106471256,16.25722094603241,90.82061623150086,1
16.764939550858372,26.986831757176954,39.604489348692454,6.469905613558787,0.022753216350158034,2.098010356191355,32.39626324023847,61.39251966634227,0
25.7347162019275,27.907150453349303,24.430800510047472,30.871006374012595,0.055359807380176373,1.7920190565754361,22.97935140012054,65.49858233898041,0
19.387779071716462,47.26673150161645,43.9722540300219,19.580869591659447,0.059761009416978574,2.299399140559698,15.271596678255163,66.87666637628557,1
3.671136234558411,33.396338339929024,28.044392416302955,19.919465709099626,0.12888881863416743,3.3192721801135914,18.505299533678656,42.67847492606828,0
38.92579816950699,30.228361205203367,36.12458088968357,25.495920064319925,0.10674960896987491,4.285382836054735,21.811398131127206,46.3480695725215,1
20.565906951590527,30.57654932462627,36.04352778600902,23.016770270575872,0.017006381902604426,2.539334314667817,17.09483383928795,76.76549428592878,1
31.152527101257494,51.12642858789607,29.382832935510542,27.65743180895992,0.030363453428993093,5.3154113337795295,18.803447214269703,86.05744063055187,0
40.970209025175514,33.79388257126536,32.54278813801786,27.176694499827946,0.0687714775123817,2.8330678351726446,13.096778378023672,82.30770434765165,1
2.70401037907577,23.512835325337488,31.52719031877821,9.241909071523686,0.12416776105501966,14.42888914078265,7.888832815152551,46.7311678631373,0
41.23788112656027,29.335720667720114,28.24396673913479,43.20277988882833,0.020561460397217478,1.4129978819321367,18.63851593646827,80.4504074013927,1
111.30394607484267,41.20432710133063,38.99941037965833,18.1662327705132,0.029389062321769577,2.1818917574574974,18.840166933355324,72.40772960941297,1
33.62699821661322,29.099072508224758,38.086811219298454,18.47601614869527,0.11486906802310089,2.622820574010233,21.162717549347125,77.84019026667762,0
60.298113134334855,26.248238486657797,30.254550880817078,24.714467482097024,0.022196047798631557,1.564404657713454,14.54286175736282,94.02910980490353,1
48.51858283477428,26.03578645574636,32.211110395964624,26.916651526307056,0.032745673311849154,4.660192670583342,9.95667423275601,80.21571936698012,1
40.1766928033784,27.73330017689306,42.16071269920502,42.58979816831839,0.11743361979878855,2.216466096023625,12.208053181515908,95.06334709430466,1
49.711468728695756,43.372430493835346,41.13454486333595,30.69423452054901,0.0810358688521531,4.821169644939877,24.33380254103895,72.69248167544798,1
55.58197396868893,34.52492322257461,35.41656360642563,33.66465484109534,0.013948072063838518,1.8788293736342643,14.000332126754572,72.8666549741723,1
57.09253736888782,36.49226371439277,26.932270448626223,30.745361875832817,0.019636951369584436,1.9292636282820217,15.34751408517743,77.42877694048927,0
8.12512295711518,43.91964869611625,42.936067569557295,30.31461582498773,0.021767259794052852,5.827990524500974,16.125518617013327,46.48540833444191,1
51.82642572235053,50.72403535773676,42.93081373823021,31.097295030870086,0.12194228084763235,8.18230399645945,14.284342984279258,69.32101901021335,0
20.328513303104295,30.228027564088293,42.36112649524658,8.672658574310613,0.3421797682506331,3.188724502144248,13.840735034803,64.33870511451988,1
58.49106278682201,32.46502431118921,33.361038070902175,25.500815151604712,0.07436196579885286,8.677102786032894,12.773258612197138,72.43821340806119,1
35.77466683428706,26.72189688840768,16.158626754291106,39.62261110571157,0.033114054135187775,2.7796466797767403,26.4039394474092,76.1793008743086,0
8.006160123610377,38.128681715623934,21.65050573562348,60.0,0.0005112962536960337,2.1576693095788855,22.080604100057577,44.39629522737271,1
63.97986728562487,37.54990775762085,40.905409213126205,15.9569106746049,0.05978172599849227,5.292357764836218,25.486924638901424,60.61176369921746,0
12.961903085839246,28.079336559647984,26.670185842273966,32.230799603243526,0.02466247992528514,2.033556433692821,26.696038538765027,84.57342456674492,0
19.529956146978822,24.7928476706713,33.4112810771525,22.289534221256584,0.05011782828724928,2.2885014854679846,3.9007212154021147,38.797267868438624,0
74.17812726015119,33.430054998908794,34.28588315558237,48.47651903896849,0.04665836256160132,3.851708106509393,20.06072785216846,89.0811914851229,1
27.90031448168342,37.38562908718495,33.619534293322616,14.462172392085186,0.03277639288724483,2.6711679050555737,14.482928196610086,64.97666768437144,0
18.845868274218827,19.672497582260203,27.098108748198296,34.249394903158795,0.14446727219052494,1.647080714324829,24.70085786612009,71.17101087979555,1
23.576942410603277,43.48522829946988,30.47097527942614,13.9278890049581,0.0011709214348393146,1.6621722556650649,13.551172780544631,93.08687026212975,1
18.519563379637358,27.439488068796418,30.849573716321203,24.814333319391675,0.06226274601078076,4.643332115834727,11.675101461817743,66.73617088794764,0
44.111209404843414,35.120321968208586,29.372181324928246,27.65686669250191,0.02636806846227624,3.7220816302657456,9.395724836081387,83.20306196355523,0
18.988116364735998,19.478437873304856,24.813322988316305,38.69691681739608,0.06255155229301114,2.3020366184496597,16.183950534127188,69.67612778817593,1
24.208021896783578,33.50754390209389,30.81382520316427,17.22833173841472,0.05623030818588642,6.071802417129656,23.489671575169865,68.20096183305714,0
37.97019539089997,32.412319881729395,31.151381793502004,34.633830488473855,0.0005145385699115091,2.61574093011214,19.53700330116787,69.09640961057455,1
35.00877430110621,34.750510156601266,41.277591714697195,28.18777723387947,0.01679731341056954,4.541667070777988,10.784110409183137,82.51763008781464,1
13.933986764996522,46.80718699836839,37.684548165709806,30.727933862859796,0.01048000400956097,6.6805540802941366,30.915954542171345,56.81276936117919,1
44.486986944777634,38.450028499619044,43.5696300925684,37.58332714685141,0.009135262696363824,5.852607721146878,21.89723183694941,56.91704956068658,1
16.270926414634463,24.494047120737132,42.10045845890671,15.174433069947124,0.06518536326442873,3.5362370809627888,22.66446069454612,69.37130988439321,0
9.958967597711277,24.38064603419101,36.5918156221256,36.10594973148592,0.013692334486871398,4.112440760559252,25.71017296408595,69.88355357336968,0
4.111914072783438,36.5680989700552,38.90298786857017,22.310951469105753,0.032192868013142965,3.0128800036474424,8.158706468245322,38.460010333572285,1
21.71799505610946,46.244632168350655,41.11251054320843,38.95873454976826,0.014183771839729235,4.139317406844945,12.531395168472704,69.18628758206194,1
5.191897140002822,33.59796477851092,40.36205558380493,31.345576345378802,0.043402872259864334,2.613708848857207,22.938068141545635,47.63522560978291,1
12.27088221665542,38.72775977804601,36.20598981998832,25.904716184829446,0.06375084749402425,2.95124592332888,13.13557003187114,76.85682305504838,1
24.68715478894946,39.800450451709466,43.79673894834137,22.099740309091786,0.020104147106617735,2.660131913587812,16.34991916646971,42.882158119340396,1
54.75952928007568,52.404573525586564,45.8746758525521,36.23294994355331,0.04619357571255094,2.371600003233834,17.5335560830122,100.0,1
19.952010559942725,13.49689985673108,22.52003625644933,40.60951685480927,0.08710698943547704,2.9020880243804674,10.335567668220495,63.91742586245113,0
6.4856841309967885,37.6450420126948,42.22482384590037,22.671484591398155,0.00494817794776211,6.107765868370393,15.83509690719816,53.32270759888967,0
22.96382347253906,43.28193395991649,38.04461363178714,16.669934342186032,0.062009472211936215,1.954052853822547,23.487019304110994,65.34817778898491,1
53.311457144589184,24.609481510332643,28.994736543234527,34.942110429452256,0.019514906356208145,1.8861228300501038,22.37672333890705,84.00635430842621,0
19.581392409802415,24.0805270214062,25.822617525370582,13.514690579662997,0.00654246144361501,2.5241886772931643,24.678087971804807,82.27332982048455,0
61.17666047529041,30.668671585012028,33.59561941700139,14.944875624170283,0.039444835680867235,3.8723917750599908,24.059255242744776,73.12066244468554,1
24.579129999574622,26.39896753616236,38.53128793776881,17.37299724472101,0.01282611883096323,2.302187661128131,20.435243554215504,48.335469777732065,1
41.348583336985286,31.385116991192536,39.66556684122131,23.845495169612505,0.08611963532971967,2.1000092050432015,19.9600709898582,55.08525966306434,0
29.472035550419495,36.84683346311233,37.56588376491659,14.63668110784555,0.0021921562986897654,3.342272784768748,19.519984560639706,75.19022259119508,1
59.185925808924225,47.53463538301233,43.81100327900521,8.612000906184221,0.005193242639906979,5.6058616382683155,14.237716996476236,91.64709210444163,0
93.69674932888198,54.86768197701766,52.120647122987535,16.64555805662877,0.03680232969458226,2.67777362938246,11.820331657676318,100.0,1
16.961832355693506,24.166044241676207,28.466687367303592,34.424744465726185,0.04445102149674676,2.282960988248645,13.862415923280599,70.91375510230043,1
28.202036970215207,25.783275558502453,21.389950195159333,15.284559278732328,0.06544568235159563,3.2478993958011246,16.043824100655186,85.14990088676439,1
54.73251947488741,51.36809632139534,50.95627734598672,24.5973032204583,0.015005328779638309,2.8280444909405853,14.065044331543342,100.0,1
30.242544714151677,41.003821061309196,32.16330240827793,47.46698462365562,0.09218224954104726,2.1464007773920706,20.48299043090349,88.90372463387472,1
3.87199544168396,31.409447734942557,27.04107410722579,27.508258699729094,0.1530320389150549,2.8856094733818893,19.211371296385508,79.60496760940237,1
19.828902691231477,37.70770215923439,20.713498821017346,31.425309897295932,0.0345613815631903,7.16077409755292,19.855940992321308,56.86742279186203,1
30.051704570624665,34.20971786707929,38.254151572146085,18.53959981748447,0.07146664154575712,2.5902165877188468,20.108448395494676,85.44963522054499,1
70.32160630221468,45.79408777580835,25.346014113905568,49.63474853700142,0.037206063615303236,2.604316854139091,25.173983626707198,85.98280842877415,1
27.05908612037725,30.698195952999182,26.27720791966578,22.587055108615715,0.0035998885166371175,2.3352812003398555,17.9485626456774,80.17150164958252,1
11.537475856705269,34.4186707228981,38.47336264527971,25.718953155484833,0.019734531553973755,6.477437953099024,24.05021660300767,86.22408935550874,1
30.583351307207828,19.48204219238621,33.56818689622146,41.17058677967364,0.004577630346087748,1.8276190892851059,21.099512147875004,76.49503798696443,0
65.62993470692867,32.966647257784985,27.973025717368124,26.182657551463812,0.22494653948051546,3.0687530357346926,24.777801219810513,76.5877919814638,0
14.782199312108542,25.447218128912844,29.105660635625895,28.47888782675215,0.013005025718983088,5.198443524310601,27.68777900631943,51.908452747507916,0
16.450702787522943,28.7237050860593,24.508725823174494,25.183116792108702,0.05051639378629678,10.090826360923757,21.45989747987442,63.84239579282471,1
14.980154915818368,22.981890689575273,24.805581973340647,25.25167621942773,0.016727860708533798,3.6397460215823765,18.62260949803199,71.18881499060394,1
7.420444293665302,25.777630385818977,32.44077423555085,31.705020108280916,0.05295701526139725,2.577902181482458,18.58384690465985,70.64837896147098,0
26.149036965866344,18.778214920898744,23.498112537987836,33.529431891981055,0.01181154661459038,2.236364937921657,15.17900352262897,73.88795187322813,1
23.86250104609391,39.06637992086309,33.67283164693988,21.567515687874327,0.0769187080473547,2.5503901847588084,14.977367120543663,84.16514810563444,0
4.405275874648515,29.835656192083334,20.2166090238928,20.3391954385307,0.005872307280071302,2.861559499219057,23.41270297986921,78.86152567818651,0
12.369554725837977,14.803357131115527,34.98499217089531,21.908639111424367,0.11276141687381512,4.438831125555373,12.217978245314665,66.54258732331863,0
28.815933053968724,25.974090852628578,34.47016908641996,13.987459858002318,0.09176102606897724,5.147198082811908,27.688635813373356,58.05425499895453,0
40.66212811841224,39.465333493383504,42.12937637205101,12.095697414807027,0.056785708015205064,3.184209640595232,17.08966048257588,78.88279467534603,0
48.654562672920484,31.867964937080178,43.07058857176697,30.971671472249074,0.003489728949651513,4.676087196788079,35.17246735873688,100.0,0
43.00183376683121,29.48086046364371,25.190641181091756,37.385958031751116,0.01169563077516684,6.218715863991923,13.841307439022296,78.41900838255191,1
24.96682024638092,32.99909626687637,30.33248264252636,36.710452931452174,0.09807815955179719,6.588808312970194,19.501133519882007,65.55450476367788,1
6.207343019827671,34.36707680475631,18.588155781244836,5.0,0.006503978383228028,3.3643954122676485,15.888904378509485,74.27901089097294,0
20.8866050460413,18.769466186514588,52.631169755423734,25.549349129567393,0.0084761166505564,4.657724567215771,13.24149545074037,78.11336489062735,1
1.436600247215908,35.716774849261185,33.090027417165466,16.97908044407441,0.039263487921593045,3.171051043504794,24.38280210527231,74.05707905552983,0
28.91933090360487,26.334966819466963,38.84380992710608,29.43737437820857,0.016022485064730013,2.346906810984624,11.366674833613162,91.3770691064065,0
14.346412992642517,31.97268226639839,22.883783751875686,23.82176481190619,0.01255630301184519,1.4081222003734712,13.943552958154593,73.66067695283056,1
2.609144620744248,30.03717028619654,39.98597551962269,33.91911906244589,0.042879095065213035,3.3292386318336495,21.517918253489462,85.40301245530408,1
32.95351383601519,29.672365893004535,46.72967337039914,27.808469095986585,0.023306690450052563,2.683867442886927,22.469764865696426,75.0442144732657,1
65.1025408504347,29.52878366625806,31.329267474279373,9.039981050821108,0.0075737072255187485,3.287229222140498,9.648687472634874,100.0,1
5.268960230912441,27.93347855371423,23.086339448768882,18.329141272004595,0.03827017222179483,3.229554919088532,21.490061311292244,84.15481998227655,0
34.94024186348384,51.494339370274524,39.48736454054553,28.057851148266536,0.02447052884920548,3.4658428475353844,18.773399480498032,85.81503954599027,1
18.129735962999757,19.102710089813655,9.826991836267652,28.901104292310862,0.06631018101174739,0.5655630522208339,12.49365985283082,80.46373322904346,1
12.95153158037419,48.86585992810488,39.24325036306722,13.943231922959981,0.0054213407264668894,2.08108502818849,13.266710787986675,100.0,1
12.97720925475434,29.349369677447825,38.3074849854831,12.635402964538782,0.048459956484859325,2.1559642909094308,5.7992914323095945,83.74470568094735,0
18.126152285177465,33.07263701366301,32.94299365047709,28.56245337573179,0.028678805170657375,1.9807843560584326,28.304666566785468,55.88547538766781,0
18.071447957267146,21.843609079742798,26.464327194385383,13.963326939494726,0.02604900659000572,10.510216211887897,24.09252248986204,72.30279786347825,1
24.205471319673613,25.91812653117623,34.58779554136676,11.313705734992144,0.013217010488654733,2.5740885246039387,10.265129938930686,65.8703427405258,0
11.846852636347469,26.74793139507193,35.531371333625195,23.548594873686582,0.001544925414793678,2.467115722969828,22.793446036750773,98.33651527923874,0
14.148037079493312,21.665255853144878,15.386857841216491,23.11553908661349,0.09409160359619011,0.8767070471361554,14.555865936302,86.60117080983052,0
37.30822164189918,33.507053672576156,34.11340516726077,19.21599522660699,0.01975668947475693,3.7231424455165136,23.4888632180982,100.0,0
10.89544377288233,27.564157647864636,50.5135440529798,20.962630432750373,0.057142480396585496,4.637879568005512,15.023558585045507,55.779170831054735,0
30.319914023996535,53.05579852795682,30.542189445998538,28.138357232223946,0.14743041271424914,1.9129412858044397,15.81987542935225,87.58910298304875,1
18.904959513633113,21.176002070240354,27.787050165431612,20.79837096320181,0.04161934724413498,6.421937640300368,16.26991639345401,48.31305715718614,0
15.860336698396063,33.405955672245284,48.896351245311735,28.706970216648394,0.025304086568545887,5.6686349528281905,14.055867950032122,44.29008232760948,1
79.26476003091688,44.36817682365578,46.58067198181172,24.195314638826655,0.015617427969666262,2.8525926936859047,26.395628251399824,74.89861001907197,1
7.59577456355184,20.4361606980144,24.06729083299727,29.676501553866558,0.1359382141073922,2.5338439495521086,23.391161958488873,89.20478197514593,1
68.1063827754882,47.084232370851616,40.48277598532148,36.78205565436645,0.05729727457911682,3.250560148436124,18.659691229999673,63.732050940788966,1
44.85366715146058,32.744779943902806,33.08101853768254,36.39247845390595,0.05472325400040837,2.5110694535393336,24.14740898391486,73.71855572794347,1
14.673614867163769,7.277145714243892,16.926283851124218,40.88210471066083,0.027770087424463866,4.249801254550967,8.237569708527245,85.76736599652105,1
45.74851579085898,43.460773489674494,36.79029253592514,36.3814689689716,0.0932322244011094,2.0709301006024194,10.629247328693806,86.84590057556133,0
0.6811963467868623,18.93277061099439,25.33337918194552,30.385575315418045,0.06253089626398099,2.3400304354419106,20.847328574147774,98.37903795005026,0
13.488773921156026,21.54556662678241,29.52021815532696,23.665683623598554,0.016646754011732736,2.593352334007295,22.413219334847334,67.74833466737913,0
11.03550802537829,38.53434703273073,29.426673367564028,24.122390771837757,0.04576189681602739,2.736286946521371,19.67644527753451,60.58265843561564,0
33.23873255984989,31.514195059792986,22.392732421959906,19.2222269356419,0.028122962364461147,5.071241506538103,6.7038319495300875,55.23053029578532,1
41.224900510763185,45.36145658212948,37.814336445712826,28.04529291051558,0.00033059869154758394,2.382944722709594,11.625992853973514,67.72498100039164,1
32.848462458116195,47.02893032237061,52.532517874378485,34.97387478711935,0.08241502667596733,2.84385343838414,20.49955119902501,55.01570810383468,0
27.484842965915416,27.673441841664335,31.727000146768106,20.743323971169794,0.006552743026429496,3.5100167869587953,32.55883373544761,43.550289394538865,0
47.860601969666405,45.11171525500027,35.39193587054775,27.62782141336226,0.035662852364733044,2.151517057623798,25.307475990350568,100.0,0
43.26528582293971,28.935184859512134,37.606760384112846,21.22637771278231,0.02049069198885123,2.0361142661399843,27.463825790824636,74.38665915371882,0
14.36759788660878,54.486298854313084,40.52796264096221,30.093543301876146,0.020934283889360146,3.138913270186457,20.038352533141794,100.0,1
15.793202359385734,25.43941030859571,45.12002752311116,22.5061661605005,0.032443586611811556,2.7520177126225,19.994945884736264,55.56931392178989,1
41.564076969884006,46.49548595508264,38.56689430767243,20.604894287059473,0.2908437069344649,2.824724472864564,11.799087196463544,66.88068626341665,1
24.023098886849443,42.041365091843176,42.42052254200258,21.200333050679745,0.026244510113530285,2.72245560047773,23.710932318309702,58.17408460101331,0
25.31355702312442,36.957911774558006,28.74632965067702,33.03328773845567,0.010064775241756804,1.6317406751281924,17.560909784753985,60.45137042973342,0
27.879064630602063,27.476428080423478,35.01528525886269,27.03250594669645,0.047544928979878984,3.394304185195515,22.156394252782313,83.67986908926207,0
4.086028026661549,29.09892928458514,33.84031952938409,23.715782699999643,0.013478207097184317,1.7467962286715542,18.18411811728561,74.31206509929793,0
13.810097257416222,10.535633459166913,23.7622043863931,30.614045025472105,0.005577265479286376,7.973101800098674,19.674710548504436,80.89316083274967,0
35.32733674864556,37.543300896119334,31.003258269089972,23.854837825323497,0.0025738325106485025,2.385229754915582,17.47363130220827,92.19954123200822,1
13.709147873621376,35.55252549132706,29.116768871311827,39.26517893685703,0.0011573556679987903,3.8317585707754516,19.34774818693736,84.35215523723653,1
20.671860141021234,34.4357732117669,36.033130596543984,18.261338463067432,0.02820821255362821,5.126942306695225,24.000459345271384,54.00702586157444,0
35.16386205662041,5.541517595567486,27.24811991579878,26.130284871827183,0.027819555379435645,2.0169289952902165,10.402622825584658,64.17549395628868,0
49.70515449628531,24.799408723544687,28.902461119064824,13.952347783329992,0.010261829615344152,4.207646819459585,9.04246544210934,76.76327305033162,1
53.80219766818493,30.589419821741117,34.53391136166279,24.531256081099063,0.07662825435463089,5.29929463685356,20.555187465833395,100.0,0
55.886029737248734,41.299493792477776,36.21648009192896,11.2036450229337,0.006921202992355076,2.363167108233409,26.6434457874457,87.76320807942038,1
22.262660697165387,36.232788161004656,35.281323463644966,35.46316522559126,0.12344213403411862,11.548351699184238,28.15646770080649,71.05286426553492,1
20.475230828664372,31.369046704587866,30.944058820417347,35.66503767005579,0.044285163919912544,1.5890143249154518,10.65353869373957,79.19416699191913,1
8.564114811243682,37.63707258772612,35.198609670036916,35.84170173724476,0.0014002438798069495,2.2491768761401674,15.582756987585759,57.666112146085915,0
65.3528453760448,29.54050305337772,53.4005248758905,28.288724801744678,0.1648048897548356,5.698470411383147,9.124708473330545,82.00695174024354,1
19.786656770709524,39.07034857254639,38.12121381947796,19.20129595289908,0.018404222095882748,2.337728914562041,14.69633024167728,83.27726412629299,1
64.3312984402995,44.397115814443836,42.921221993225885,19.996593679640505,0.02988957368758618,4.542439312764975,24.73708857029617,77.43132441993978,1
30.929610967815417,38.41498897355142,38.87018443204534,43.30172055220521,0.01672252259990961,5.812881638955496,17.922649298649603,59.83762338285527,1
51.29377663011275,35.87366218366035,32.246930287087665,42.356771037997966,0.0651751651643062,8.011192670834953,15.756755522257272,74.09064453582718,1
23.462772366873256,51.82685410334361,51.08265534767079,29.225551569507715,0.03324550341485343,3.8399822445650402,21.27051453846726,64.8989053444319,0
37.69821213305757,40.58668870485742,33.90536531853223,22.843659659196728,0.007099666669513918,8.783727081568657,13.229687461143172,52.18273113154806,0
52.490546046187404,28.190223274392523,39.71652570129742,41.68623422698511,0.005502125865948816,3.046598654507761,27.557870189291144,66.92482680634836,1
16.526400220487986,34.962014790433045,31.31114993164163,21.0549683861519,0.06461751266646457,2.0576860674652693,18.04370983344884,47.413088249140934,0
56.087476077386725,45.937955182350194,30.69540191978775,30.288492080959074,0.013530197199703862,2.9775418397613667,15.589234542240604,57.66557185803697,1
9.734397415358448,25.57907362306067,33.15479911511381,41.51957305398459,0.007413016622363044,3.7563744272028714,21.521095408773668,49.832712165074646,1
77.9004547964221,52.5777906887743,32.19376942669287,19.636615003353725,0.034600151467316674,2.8345316658709896,23.635716961266276,94.88186043267235,1
27.962272304839775,38.01467790288608,39.490992961287304,36.29223585637112,0.08116804128061561,3.648457474474397,27.57585144089555,92.92993041136047,1
14.002045046438074,8.675523380312239,13.916940103394362,33.2056079584387,0.01634074318738548,1.772957416469738,16.740186562451015,44.75921385371421,0
44.243083972780056,39.63318236929627,33.301208703935686,27.60483457768439,0.016178010656088367,3.1529393373007526,24.5163391361623,97.55137178867335,1
31.9941584877257,30.7388322290317,20.841695319414747,18.065664008668843,0.08975262233470827,7.140168256581261,18.607269671399983,54.499919103136946,1
4.351100983199177,36.02446329289724,57.003121392380734,20.75560239896724,0.007998684719031104,4.235775154896453,14.33171987415783,77.07342160622521,0
18.134302078556985,42.16229371430169,23.633241008790165,30.894510728506585,0.04795046470099062,1.7655232405774544,13.339130825974593,72.50523897720598,1
10.190749357039937,33.48023287497417,33.4706030731609,13.766632051186134,0.15506962279713202,4.517345223194298,11.418099338201975,76.57592304210078,0
11.056559053616885,48.31100619748949,48.4708366736359,29.3074385901825,0.09203797488772542,3.2472662590664205,13.549836006665316,49.725166018558944,1
10.696016240440358,29.817333590431097,40.21802070486864,33.41050984061663,0.0031904185230421257,5.398793203411067,24.694239730560504,39.953844008006485,1
36.437909665549014,41.71386468037111,43.49628284953354,37.852201728091,0.0192765712760071,2.2918570391416537,22.240257610716224,60.24395578112124,0
46.62272388604607,45.04283431928038,35.47930662194035,14.016429255397775,0.007679385742325153,2.581432478581932,10.552730064348301,80.72757452661907,1
12.902820085465118,30.96196332389244,43.193496900252995,41.162472971612736,0.1490329599501637,2.3579014482117335,7.521654478710387,96.93412664938093,0
3.1004896647220215,38.25281652948613,42.60825533821191,44.95363494179935,0.2132266397200335,2.308770012808129,11.326241065221534,50.17424396765321,1
90.0635207471588,37.56279824045213,36.723516237464665,32.101515677135936,0.013393516086007263,3.9843443179758515,13.339582750517108,81.5301418497071,1
28.188164476805618,30.002540481308657,33.9256622543362,17.619514185753395,0.05538755273800923,2.6696382164285657,16.18040573653795,59.401444917716844,0
44.471102524607765,23.54577847532804,26.986930209208236,24.718907116397588,0.09214160741252775,5.452671535401942,25.037181138052283,73.63582776327638,0
21.40252219317317,35.62446949267645,26.972571590406275,27.524027548814928,0.013307790652539757,2.8016441485592365,14.713698846602,40.31872402318971,1
2.3023189736872482,33.59786460459653,43.33635364566834,30.70463508730557,0.010393085432954663,2.8669065487963623,28.082999761063643,87.93111382558597,0
33.89548703388371,46.87695464087485,49.24844580516219,28.219815526436026,0.0005637170223459792,5.0147129410783196,7.918800646071794,72.13963858107132,0
72.5202808507664,48.789442171173796,32.44290374023015,30.81165142894617,0.02654822421914263,3.5785667771356424,15.908204875426163,93.26154112994455,1
14.687698854037766,29.35519926163133,30.511798383482997,27.092532426608773,0.11484877401401172,4.740416055098207,22.713292014818407,64.45450942027094,0
1.9521171922064848,18.511020705488203,26.257022550523846,30.65107094512243,0.11664172594708222,3.3761885060519483,23.0832315141986,68.24984458034545,0
8.5155215337972,35.60583225526932,33.98108567218525,23.394765788386863,0.006833565995409594,2.064529771422266,15.985716261669642,83.63619169646064,1
45.977911165869095,48.00421839902678,39.71604638831137,24.618132830175316,0.011429950297165783,4.205007467851507,24.01052060270518,76.1713345795872,0
31.8145782820303,42.32403648034398,44.50450628530703,22.239748295233323,0.026216429909865183,3.2189037551961444,22.873178655041297,73.87851051813789,0
56.24571500989136,49.281632500056574,33.734914532128684,47.17259534504072,0.07584853057181509,2.930792867653711,13.907312044124936,64.34002736259579,1
25.17057393548999,31.656690778341073,25.89190037923515,42.639007861743224,0.04731836190977676,6.385554246141515,19.889570810666534,62.017761361911504,1
40.734672940861216,31.444011259372726,42.47056244089289,33.55294190013616,0.036061876657663056,3.0159899751377544,22.22167970446107,57.954700020558214,1
17.69840601754806,25.28574738031422,26.413141017075304,41.25308997267739,0.044816058403892606,3.213946337519128,14.33679139456305,57.46941737631463,1
9.18658295826786,30.81902277760422,22.22332628242516,35.98461338977883,0.005057342160789408,2.014650639937731,28.165952701614977,85.60575324861608,0
40.814531620686495,35.33627178341478,30.253469176566952,29.812711595140552,0.032472176755808574,1.7117119777452965,12.987828320294142,100.0,0
46.50033710694543,39.04182685143298,32.97630885862118,12.944286589803164,0.24181281946036162,2.8573501308987197,18.864557299767075,55.59094415194822,1
14.987897999029226,30.955210129499303,44.82178587360584,25.3783607987486,0.004630230240422368,4.059031984095756,10.501336101482952,73.92515637535747,1
68.21921891334688,38.89660553973432,42.95725191490762,24.64962107981648,0.036620049187062964,3.1946825200851565,18.620161191975363,73.87847292966272,1
69.48452104296672,32.65573762672357,42.242459983747366,16.66924826907843,0.01752394195076924,3.1029010484412085,11.597560703575068,99.85143270932979,1
10.75842813959625,41.02995435645435,42.97177088135603,13.13837725393384,0.038817016108869,5.582395538397428,16.235225152024423,69.17458890058803,1
11.229279938166364,32.44957261316207,40.549778418187344,32.92719346567025,0.04264452886295267,2.087758311898147,8.480414632073419,67.13372041652025,1
11.72387549153802,30.01414198087788,26.500999779708607,31.24504322370813,0.0430750843889713,2.0258263311601494,22.798880401954328,56.17323541591158,1
22.628887811485235,25.920040639230738,28.77919901286442,16.32603019932388,0.09559773563842167,4.779005965339561,20.137680298449645,46.54907697591083,0
18.408580179233677,19.44215592297419,19.857539865001286,20.541214935638106,0.02469411666072067,6.057632107370631,24.524463321820193,80.09579327708906,0
7.289078500593854,44.17300370058251,35.98529723593674,39.612222731541635,0.036320119058256904,2.862340783100639,15.913169012160985,71.75249432139043,0
12.037246312299379,37.35197402816298,40.41362953874312,19.223034864834396,0.0005494276288149215,6.413427734309574,24.80308420128599,73.06911137026633,1
2.370526071918265,14.11640048508807,26.723226472533202,29.707989039338024,0.07792550211548781,1.779775518472615,18.235677872369013,56.48419867450468,1
2.991187526162892,38.08010113602101,45.72388700609076,26.102217004320188,0.015020652248716425,2.786779568691051,18.67900475657242,63.41171082258201,0
5.888412123099059,40.108073520795955,26.911903070500628,33.063634710620626,0.08479202574927477,5.089687462450869,30.68431995211163,78.04374721632357,1
86.81836612370411,44.26651614156491,41.70851326221188,19.438923473435697,0.015437704568096412,6.756835591370683,15.091944210368379,97.0953626707075,1
79.98329978033038,57.978603924567146,33.20501915487232,28.90083477540107,0.0005423557034088844,2.1643809236865774,25.364754186929098,63.31958571728812,1
42.497941668796884,38.541887671548366,36.17016682200848,29.68722577345877,0.008410952405368141,1.9308217714897462,20.87810964328568,63.99936727623842,1
15.122991798768272,18.10021349032334,33.162752776581165,30.301808062292196,0.2123150415790953,1.8474715138087465,14.568570646527101,47.176347028671515,0
5.78272857095983,34.51909929612718,32.09161918385712,28.790738579626133,0.01926851190742135,2.2105266185346464,10.105854657219162,69.17551190309244,0
24.76259701201868,36.1633625689301,38.874357860267686,31.4460932059411,0.005760661510051883,4.8100628498795,11.801489697267058,83.21759408395216,1
34.580889861579735,29.15416499145541,23.983807317918693,49.91770332050811,0.0063211957417744005,2.6258567859954765,24.784048787127066,67.73544521657466,1
13.098081947833766,37.70030066094932,21.770600438808664,53.61297776771106,0.018578024591007675,2.3046310477443175,28.40639716102174,57.676766924571034,0
33.243886933192826,18.309930378070305,31.780209131130547,21.60783859213278,0.0019185958122376308,3.3438233531608352,18.548639419261356,66.6192495795592,1
8.435800714917901,41.17103838166558,50.42049722527209,5.0,0.03581962233558407,6.93963541563583,18.86329057572674,100.0,0
15.392810675310038,23.527704565241976,21.442722304737654,33.954953007219736,0.012023445840380826,1.2617035870817797,22.65872059893892,85.95748363391525,0
20.32913716793315,23.199909324019647,39.05751717046222,29.862524599012662,0.036626702081025996,4.3259546817946255,18.43981217611911,80.03078502453155,0
81.55667857821612,41.09525406365765,36.78548889599435,38.6104185918358,0.007585595559575974,7.06814405776322,24.598200227821934,86.11235414938331,1
11.877616324659783,36.11137172913532,23.75901651810952,30.848858997153172,0.028093423705468048,1.6678946446645615,19.749733503979108,67.18440129564623,0
34.45626671170538,36.8076806426901,25.67102984625874,28.586039395257192,0.045554819592500045,4.921060439221607,18.813247881914656,58.29177088091039,1
10.273176533454958,24.11438482229446,29.772032115802986,39.28906595877223,0.0032002632119144912,3.8834217831140903,13.80472291503529,51.12927894207051,1
8.974620071289797,26.285300098774584,27.278421736117004,40.68780588413842,0.02543716543540189,1.3930695388710408,12.328397523160305,58.27626386655979,1
13.04609100614132,20.62649017714658,17.74729225679272,14.134399412190017,0.018014345891317465,1.414284711021627,-0.9545280812714552,53.30252000419776,1
25.435097514731975,31.568465610911094,19.0750719945612,19.833938128604164,0.01374552002796836,2.8157744785409586,25.40470079965123,60.96982507264872,1
74.22614305263845,51.88413360300486,33.9798988177899,26.944070407113216,0.046384602287880015,3.0949137805188114,17.120357668666045,78.31679421873403,1
14.838336231401911,32.183121058271524,34.42372048995756,28.984376239245837,0.04440241475460886,3.222468513118533,15.597615931585313,67.58814341783601,1
46.74837866109151,45.60639934675825,38.1913537178782,25.740167966477514,0.04980727168203315,2.437317599849696,6.2897562216874,65.04395660145119,1
84.23861223661629,57.18980521275436,38.86601842510112,32.34207177861886,0.008651205838461818,4.191182472880833,14.159323405365889,89.27586576692634,1
30.308846173033213,28.666141735585313,33.081554248565986,37.961047893171,0.016823258972668682,2.273710513477542,13.369881250302626,68.2266736523809,1
52.75828492320326,36.04801020792684,42.73941784207224,45.227097107207285,0.011765790301587824,3.1237118242835056,13.231361476615351,78.77213645231336,0
12.414833118179716,53.57415357835191,44.58267351481395,33.789130237729,0.03888120913483483,3.1497660156967378,19.997016858915767,56.31411084963233,0
33.78763550237561,49.51157944515579,38.834162406945666,19.476663215468903,0.03090807939371187,4.171344041265085,18.73349131917602,82.15061541812523,1
40.25864050175404,19.314750817139583,35.15047638014134,26.526237748021817,0.020045803852315885,1.9467007752974028,9.832224398281769,65.02903659657704,1
6.9336767919572555,34.911534679402656,26.285811454030704,27.24647758740443,0.07709242333372596,1.7744806392538188,10.212953400556003,90.51504890947129,1
11.321563732304355,31.703834483242606,30.88217747685423,33.14640239981159,0.004934349683868195,1.9916390394051446,10.201928686017805,63.889442435093365,0
19.615296508097583,41.20682558480226,34.87402674911796,31.88168033433942,0.18423777597296914,1.9732320411117106,28.863156525403063,67.50279837920165,1
13.373981486766526,24.556309548164425,19.926897751723008,48.503966511115095,0.00619569392336471,1.4617101426365335,26.956335772149778,76.57862359248672,0
21.515479945048853,24.831238271350607,26.573502010265383,23.384868647450915,0.07415586299037694,3.1968731652478004,12.886206005402414,81.48084889083457,0
5.9245511873631935,24.127975525168385,13.051512762904931,31.847505337668032,0.022961508726823142,3.2873676355367447,6.140434080025615,79.9788154403426,0
78.79837605332115,36.10047094601384,49.737612759709165,51.547113977440915,0.10022124137681734,4.64628573991522,18.76826545807512,100.0,1
50.12828990698066,45.67248515413725,30.769683754164397,22.14793103096399,0.003853229559207226,2.8279150650580807,18.28164069742603,84.95394083245664,0
174.52479838718642,44.366708026589166,50.43559626200616,29.45148696170355,0.023477923232696887,2.6294983934153384,19.90150192193039,98.90016234476656,1
7.814937799334457,24.94610167030698,30.283116713878734,18.551194988759846,0.020431761870640497,7.902864274212051,22.448243354863997,58.618298828839634,0
34.76175795104617,17.324139787642512,31.448568972304678,28.820868996274314,0.2492267316552953,1.9404579334733516,20.71022372037565,69.94492734221406,1
13.485918658021008,42.09406603282688,32.927228026323306,20.197828518623584,0.2118495654515674,3.8541420095876084,11.30136281099848,89.95743108803745,1
8.923491960113884,44.04882478832849,39.28296745102479,38.468009034913464,0.010523951713075463,6.845329686050914,19.764246522984106,45.980203846687246,1
48.182320890417195,33.956613824924716,38.786562649877375,29.473188590313953,0.04970544670767353,4.332509014665068,23.122941452013926,62.351342431197025,1
26.080325498977363,30.932555176714374,37.6894413858392,18.646027400177065,0.03834177649033117,2.3764001072002907,13.655989661979763,66.93126394679204,0
18.542012900256587,37.31352095786746,41.123595503741846,36.40567697791671,0.008383874793221394,2.8151789689297018,19.79973881253515,56.22367053685023,0
30.992349153107018,49.39367244674861,36.81080729838604,29.796660388715875,0.009182904844559596,1.9018832930024914,14.683315695193151,65.06689005798918,0
11.77498678605428,35.852355493547314,30.498064817488086,37.528187772234546,0.22665051630660762,3.4223154015348403,29.97701832564738,94.44851543240853,0
11.415820780793755,24.73695369236792,17.14137087480634,16.523373720522514,0.030140649261130067,2.7556934414601164,10.039037166797879,62.81176856170936,0
13.922660520624383,15.900173358229251,30.545821432707196,31.688244122486616,0.006722378723838564,4.112903343598423,24.93569361917161,73.95926058156905,1
54.97348419459273,27.094760002554032,39.49693369160916,35.733416946447086,0.012090206519416884,1.9969610753207085,7.9751234314483845,51.12174408898251,1
51.934051001804896,38.52230215339539,48.33677430070159,23.766225097642636,0.015622518990664025,5.8225925800047005,28.758316111299646,58.85025116058404,1
7.4504785157154405,24.56429654534937,32.26709969478381,15.409972730318488,0.035761180407589625,4.2976110677617685,11.150705595453543,80.4803498474731,1
76.54521393605458,43.431459150315774,31.240745476857754,27.58392504629606,0.020439641655391833,1.8657459994972427,19.138029263936016,100.0,0
24.394600223210897,28.129949871119294,17.675210802132078,40.28115293780928,0.030349555501941034,1.7380369317201587,8.22484087981917,73.20007900397005,0
34.3418977042492,24.569820342693266,38.16126200174411,39.25930330634056,0.00910605191103914,3.9431872996744177,9.900113297869735,67.27813565000486,1
13.52483988472835,20.258409668178544,13.733151333051133,23.71571565244423,0.019780344811586956,2.0562096990362546,23.386482285747732,75.14739244027781,0
25.41068786415225,49.43514827335513,37.04922668739192,15.169145636235575,0.003645558653440363,2.097009639429376,24.168973868816828,31.120619829549188,0
8.870857649040024,40.22050613919243,34.293747832127806,23.688202796504275,0.11023222491370449,1.8974829035578624,19.43615359420588,70.21099168257864,0
12.704100618428203,49.210794611043816,39.12867674160937,23.315223492680875,0.011079268119104362,4.997972397805832,22.446489992941444,51.84916112207312,1
45.42817106585884,42.21373466742986,37.17191466725866,32.46446783304778,0.0707141477375436,2.197723384264035,24.269272455923833,85.9970289465324,0
46.17617678924485,32.626512432238336,34.15578542383594,26.949984970958784,0.021504679855857058,2.085497382987236,13.894938817204114,41.35075173513481,0
35.50964096248559,48.55985536927221,20.101036051080648,20.46735788262858,0.03216048554365296,4.559855378433209,9.606231394099112,62.676288553857916,1
17.568958183193466,32.30466371386134,33.039112764505546,39.04263067260668,0.017213400001044234,3.5461754122795632,17.917779682783234,67.89915406501876,0
7.320693504247693,33.30652172854068,15.486004098521255,29.404258674448343,0.059609009089502556,2.6305997924956275,14.53679288461675,55.03727095651023,0
59.5693937727324,38.50716527515467,41.26061069478983,32.35415652730941,0.09307040540818748,3.368368787135369,20.331728881205972,71.28161275172434,1
48.58825264898245,7.819195704507221,18.686677035373993,10.75014565868733,0.01686253991285534,2.6176050946351124,21.288171672527557,88.2841657899441,1
3.623711474695743,46.59090684415289,21.380068935874352,5.0,0.013867953170646683,2.910452994100941,13.910095256584315,65.35730207718028,0
46.73678787771935,41.92055764123543,30.254585637411168,13.624542185555919,0.05719726359956184,8.385937092297146,22.22465125779866,60.388645501075246,0
18.532802193878013,36.07815093776681,29.870657661629494,23.194565743932245,0.010855157849658875,1.9980940348434202,21.92483025570785,82.81256142889247,0
41.22147645848072,35.5654608460665,43.75178127886664,33.763560176138085,0.05106031255146015,2.670617642686029,22.339905473334117,77.00900832776358,1
6.008654339796396,32.535576354830766,34.58733247593427,5.0,0.004959428937138747,1.8472080587430688,15.55324573793644,70.58904306173423,0
14.161051722460355,26.151368399906573,33.21610691476727,43.92852064371987,0.04839725193419077,3.807857333734818,22.679532988971452,54.44454496607051,0
26.875559258675956,40.1971274118741,45.52862403851445,29.705660267701262,0.036016334381597646,3.8691941442767224,21.12001368405116,32.16101176180441,1
78.81980404521127,28.751987162790364,30.731640561720234,41.602949929499104,0.006046595910536214,1.7724363288217706,21.841107868539364,67.17199230869667,1
26.92900460899218,35.9000350160543,40.393517694680945,19.14029917525871,0.05236321775687069,2.926484799003279,28.06673137853116,55.26777225126619,0
53.4585514953837,43.634517430018605,42.92469588346338,33.038599341724904,0.029579839845324685,2.539878851607988,19.96664513955247,66.49225594136591,0
29.76921314224493,32.47869063310771,22.699720304687787,28.851959299707875,0.012238476484845244,1.9403691522918733,14.358226656015196,58.32600763856441,0
28.97111808303527,38.05434563716553,47.005606875904846,36.17686313054554,0.021800145498667853,8.392961899864895,11.337272814003214,72.48470125231155,0
36.91946413862684,25.624575698451522,18.887416038815054,25.66208632400283,0.03387374234790759,3.244090426234632,24.76761695996293,85.5970548934109,0
23.88549016037019,23.924555815095886,36.90875552186114,32.732152090075886,0.004801004085794528,1.8606335597170176,20.143846056212688,85.91951944236723,0
44.66081666226691,39.06629370960397,23.489933188596527,39.021953187712,0.158041530022358,1.7565602090790708,28.020131929921348,86.4903412079078,1
9.517167113477834,38.213071613232195,40.095122950506266,21.488237061082245,0.05476521174763092,2.025587350772083,5.82268685279718,53.43905878552,0
24.015113494523618,14.853610469161433,40.836763212865954,30.422442324896497,0.005409056787221114,4.5514477552436094,23.46400252671865,70.68653459870231,1
83.31260055795158,47.717096434800396,37.38300932151847,9.121377627776518,0.0865413614881041,3.1367263211960843,16.433175987476233,100.0,0
54.995888668335354,32.81736829648693,31.076102175769602,35.02503019063358,0.019471340420132564,11.792037058405551,15.878874030712973,52.228162739073426,0
31.745521660430512,32.833767375990455,38.017026944930976,47.5466254346249,0.04541607066003984,4.546238363828239,13.411152959108453,91.57255499846306,1
49.86383140433881,24.08439547500045,26.998586542299837,15.555639522513047,0.01622718221128524,2.8091904560193086,23.397426083310858,60.03121623502257,0
69.02072526770961,31.83693638828936,47.28100418525832,27.086187395720568,0.06610140852453417,5.630542680643418,21.681217063699346,83.21062436730315,0
3.0524124139913194,40.119115117401805,37.58518404263029,36.804813009141135,0.06418850870210523,4.319488312154379,11.145707849763356,71.8022592373337,1
20.012263977687915,33.33047333645532,30.77083326881632,28.314174734665503,0.04015295266097533,2.097377434024919,18.989528627550428,71.85114834407963,1
14.117799347326802,28.289885885003436,26.99367013083591,29.65099551493226,0.013782773637860266,2.860828019000983,22.236685984082822,100.0,1
6.489598780924225,29.808556290828285,24.45983475494715,24.090005584763613,0.014631635835490348,2.846847426864759,19.06806315555544,61.78544124911546,0
91.29205448846857,48.58592641991329,34.4123306739054,23.718477469120856,0.02413319540762548,2.920774461880261,24.64704180016163,58.66609277383909,1
38.204746256769525,40.1356569001488,33.24887561079075,27.133058464146224,0.007833402050974249,2.05737741425295,16.259768736664906,77.98765526425657,0
48.64980200668357,36.54720029703453,30.71776753082517,28.41671422139356,0.02059848937632275,2.0414683993555003,4.473853961373152,72.17936063046982,1
14.66552204890575,43.12941941630255,31.986365573424187,16.185587384226903,0.05765679256663028,2.2592379779903675,19.12030536460942,76.25512253306874,0
19.664084439142076,42.65423903493797,53.852425456794705,27.339780140539713,0.08884707401345007,2.7132374642703962,19.08375461643048,82.1642455159344,1
24.90124082716316,37.86890641537843,26.906801954235455,43.685339387093265,0.020216958897276642,6.321817900934815,19.867118980226124,69.47490308986569,1
33.544376440103186,35.577774295116185,35.40417041921587,23.808662064110955,0.013301917068014747,4.087544611943313,24.641874587806207,78.2535317476551,1
43.49593617964649,43.097601378142365,41.979208629343916,15.627450171253722,0.08938117520732107,4.438858986701698,6.2852204802401594,75.86275621948475,0
41.55242619750398,39.37553814763743,40.791079223724836,26.485839320135735,0.11068478657796106,3.7383636493338788,16.56910017400404,100.0,0
20.741593445047855,43.719239734816654,37.018839287666886,20.853871878757033,0.02638346114688649,4.188866463730835,12.464053151990694,63.58989239599459,1
70.8530217088789,49.62356702371491,37.923806234707484,14.616581746780605,0.0013636347920175484,9.915743132791647,10.751817671289091,68.86455137162784,1
61.43562456609648,29.032804670737185,35.22550179821093,29.39168461732621,0.05936588385785611,2.734062603445744,17.566206002622643,90.49808845988773,0
31.07768412971113,23.802020912039602,31.652981564641443,20.89717962848922,0.07663153771777773,4.075891919305672,22.21093218168405,57.27783959580148,0
25.628455276788465,26.831772847477506,28.661038460850897,21.75285833146725,0.0009094334328063757,2.324154808307526,19.805679629154955,76.00805813909588,1
19.479863247776443,42.683366387835676,24.578317981338827,29.53427380385389,0.04519721979338403,5.081173278774042,13.874865465025437,66.35213534451798,1
33.68733116031403,19.290009706334647,23.97261410386788,12.668254046376655,0.04438136873529454,5.102890102489665,17.12717040273769,70.21765596393381,0
59.24088747179596,42.83370701184933,27.96108149508007,10.58430349748875,0.023797697567397427,6.049074333271989,23.579378667777696,100.0,0
26.0842358944071,37.53806629509068,29.67795011750566,34.70872194501931,0.06926820486763922,1.494854111430763,22.098775470360135,88.72814835271494,1
15.69376198747171,43.980544884982685,37.858003862128754,8.691663992759171,0.027946467014732752,2.601089444744661,14.683379920640224,83.46244539728582,1
25.637389785621657,35.64899537448212,37.12948730176578,18.233223046926454,0.056470477425855176,2.1440404050166686,14.295021746016133,78.08603756427893,1
31.50712443414947,21.293974759283415,42.761211914052616,10.001604646115624,0.036399076078295595,3.3482826456371786,7.7010950364060164,60.92871306522726,1
8.90782445255203,21.742624061401575,24.39779859333012,23.138635331511676,0.014281848568388773,2.5880651854165793,15.423531998505815,70.70379019157622,0
6.795812900388013,19.199416716079956,33.87677176863319,32.280587476511656,0.04663382021456663,2.2850091439801443,7.585266417368901,75.10902709250766,1
16.049951537237025,27.02805306725415,33.25890142240435,29.123379487323767,0.06676266894872977,4.2336469869557405,30.40241812431669,71.19477175953793,1
70.75382160387467,38.78405756634193,45.88160439165509,51.91873389457284,0.18230186806738558,2.9228708969426176,12.869291058799739,80.57201923093436,1
56.98053100631877,26.892664388737245,35.36689551225991,38.869156177890005,0.023910576851636795,5.615154633612489,24.653885131879306,70.43436671942268,1
5.2465270777340125,45.493598968182994,30.129588168982668,18.68842149843399,0.003332239269985789,1.8976805599998117,28.908637247351944,70.15118516076603,0
10.942494606408841,18.388560471436914,13.571055954244915,16.029449951735895,0.22102266344039245,1.5938660769719473,19.29720845116793,59.304928649478875,0
42.97151461530772,49.906761430920966,42.45279816970843,55.06687940975501,0.04888260320470758,4.069620452086576,17.399914461678563,84.14565061657045,1
17.810991826746893,44.52327908840544,33.58170365215905,38.62572005733362,0.14635740189408208,3.5385214900631605,10.065808463669505,38.325630347984834,1
35.02707566059466,44.23708684597955,29.852324770787042,33.89369607269572,0.005481095013185162,1.655099500073208,14.972399270107346,92.38656862886806,0
5.589416727406268,23.90074643414344,19.419676937392754,28.748518122156177,0.02093008886769299,4.71595062309851,27.623790287214156,46.44289481746291,1
25.236406165491406,37.209969716592724,36.171791867334335,30.735215674750172,0.007189863855057892,3.6315190520758183,20.107515777733614,54.038455872054925,0
23.244276638394986,20.71293016025307,40.34683365860815,13.179267245175739,0.09024532203321044,6.095623717275388,18.170089244753026,75.7816681120042,1
48.81446893736706,46.431240690942545,35.30311751072868,29.57039170196768,0.10615619007195519,5.809548654183343,25.872739255053975,82.86202124279336,1
33.54975717504025,34.29261576089335,38.43920879295992,28.712313974590145,0.03478870137266268,3.5009184414206747,22.1777432907343,100.0,1
27.87249147572839,30.087671575492404,31.216937828456224,18.958611568985198,0.010326996478904948,6.394179658073371,17.112761113321422,75.01876623478256,1
4.258755459302244,18.401364852332645,17.045489228105914,22.614735464315213,0.006797800426700841,4.625396962320592,19.297535014041582,65.24492960196794,1
85.10102862957599,17.990093108146233,33.07452799134183,43.15176393443556,0.04435651672113278,7.999760809466103,13.391609775412157,84.88969640405756,1
40.801910470751594,25.73487800025518,21.5364148478831,26.748250797051377,0.03529909213813339,4.877717090857263,14.633756121818482,97.017698513467,0
13.600563586392395,43.168066494087924,37.44023964238369,48.71171302533111,0.059337613684067064,5.315029891144022,16.76220822444805,100.0,1
27.337382525002553,30.07227309400234,29.296745917558496,10.593205635126164,0.018207084874538065,2.7321820150958582,21.34482637424214,67.69547202136573,0
18.270698214610853,31.047316161041156,39.563545940942,22.778698137742523,0.0257390045374066,2.454770510295852,10.515822163859728,76.79572588550386,0
21.223290451972204,39.73903715068035,27.43040692050665,12.527214487530811,0.0010796261766667012,6.2032235273856955,18.457441982536373,68.12882032296154,1
56.375045592602916,56.51294562005309,45.732137510436914,15.905775461081657,0.04709876946922254,4.8508300954425225,15.660827039621614,74.8610139997126,1
10.89318169653519,44.884023803936664,31.23523026278506,19.717942943407028,0.027508089029159844,2.2236307281565937,12.594424689202771,95.36439569727854,0
42.02023456223162,26.57968514617286,26.54303235983886,31.153096267705912,0.12613954432079288,2.1612021259785874,15.693050703050073,59.51807105449398,1
58.01237528078265,19.27615057774333,0.0,30.668261710803872,0.051331276844503886,2.317224724200771,4.071580421698666,41.5882569229066,1
37.45555981604572,59.2144765634079,60.42257919830643,21.207096803723946,0.025432606995519025,4.3206044965809465,13.454467955829724,77.25277734890744,1
22.090605725974825,56.00350697549076,46.80585825280616,5.722004426634182,0.015298356890776849,2.5102816907158916,11.403078707544264,87.43321907662607,1
12.74086679868646,33.7956659840958,27.379486506133006,42.77692873032153,0.11784411452270585,1.673990258352931,16.320503744395413,70.84662275350276,1
14.381812603935312,19.452389434772083,18.78371026724488,25.142352839636438,0.000819940124301842,3.6772631770352304,4.321261062216401,75.40941578890724,0
27.7703379866577,43.797816036938045,33.55393639174049,16.837098296988607,0.019793994713847227,2.474386440432279,19.145356461056814,81.83996831423494,0
26.041629911984224,32.82640762667153,38.865599329224224,30.749307810700873,0.14368067369101872,3.360408511122035,23.45653977844118,71.87199208354093,0
45.77869270043897,35.736992673999744,19.158117664920496,30.04445170523174,0.053070595218769716,3.868093056705362,17.296221766620604,82.50035289181268,1
6.042207093321209,39.85091949504947,34.80769244366508,24.77323535000035,0.038041232087848924,4.52240027596615,20.99275124042626,74.30261989846913,0
55.8916581261511,41.727496187655646,50.85613345476364,29.485310156415046,0.011378586934024385,2.908286025655239,14.923616661592542,46.79926266663791,1
122.80854471623348,36.56313259728557,25.553682351171798,16.449701595919816,0.08960040728359009,1.484839139645627,8.67227325734476,91.26971234919357,1
23.785783694077857,30.32044820329194,32.771259591426016,35.59912843176484,0.011420310152338535,3.4273880730079718,18.010147927713916,46.16541424442311,1
20.976825581354657,39.758053123816666,53.529699771588724,18.031329052431296,0.014267807742907724,5.383232461105654,22.08227026191131,68.6227925396596,1
22.613049097922627,38.49447958873858,40.455004873021615,21.94430344696568,0.01065045041550754,2.3455303703953923,10.053671246354055,62.09339558699301,0
27.040868032251097,36.67629594842242,35.67790894325261,34.488018161515754,0.00860763935553041,2.714183280212601,15.208636342068989,85.91834242196764,0
19.665250222203913,42.28401707808923,40.966698470507716,40.039589650102336,0.15321393649795229,6.133058021033882,16.5173015945735,72.59924143259074,0
3.1324010831245808,26.85269028429604,27.5341534336408,43.85774568046339,0.04606913320693784,7.14950010952126,35.10844587170967,72.72437290794835,1
22.21773745511918,35.1193583704586,44.44479363061096,38.55798238466572,0.05078306283809528,3.4327678389451157,19.340227168319352,66.57178672159007,0
28.2987687423419,5.0,18.805359816798305,24.75927816198218,0.15431071861275877,1.1059791681396085,6.566558526817335,86.44247268756382,1
60.05739834903148,34.51210781392658,18.131390255682817,12.589669308995372,0.013105593399269727,1.5025635743694887,5.082894588946742,53.0515995619653,0
10.760681499962923,39.25313131075088,32.570827692776675,42.050555856028936,0.0002967558304616077,2.1589999067664833,22.382992981582497,53.719599518172494,1
76.63789348470124,37.59173935153376,27.302819501599878,41.706959889049756,0.04567518715318064,1.9112894727895222,32.91019185597918,99.6221855210723,0
18.574580163774556,28.12391310739506,29.00001314537859,21.280238466465043,0.03544806366117132,2.811970363633689,16.314153092395685,62.18018854577215,0
12.000557088057693,21.385554045460466,26.48154914553914,37.2118903782456,0.032470907009984167,3.0744981268819287,15.955082447648945,35.21263134004826,0
40.809475988477644,46.155080325563105,48.0414177286645,24.678222060692615,0.0031938815784572855,2.6634493883780266,20.584645057185575,94.9515143469038,0
16.84137411423496,38.01083885254095,40.76667735433146,43.012768835117285,0.030296653975366596,6.4412088637010925,13.210221549929347,84.52231589324396,1
24.146108737887253,41.87606228891394,38.856548816168754,22.85135337596218,0.01695294852306568,3.8778577258722677,2.7350722774279603,80.49376284673843,1
25.44962391388176,16.555303967503367,26.598558296340585,47.78651287548503,0.01604916795573571,3.1488150209537755,24.22358633565412,71.50601488705189,0
39.158741376447324,34.26931077381076,25.23686023866035,35.86120547598246,0.012575966903758742,9.990844973525753,14.320907229589023,97.74295354766991,1
23.587768186810262,30.737055150521478,14.845420158883172,45.97544844685987,0.02021291880670059,2.7207680797415623,24.300707194928226,88.59683007329959,0
21.593767937156198,30.433348124587905,33.078619340977426,23.362027303501208,0.02178073429599041,6.942931377934686,13.434079258135919,92.5365946193114,1
18.176255029424496,26.56616281723412,36.98359475548292,32.05029604444193,0.018464550816690344,2.5236443111537694,18.73067476476323,79.06775821259336,1
36.38628164417225,31.996899528825683,31.932088745573562,18.307208016556345,0.19257630951718854,2.1458189217852652,23.128991684932167,74.11919409760068,1
16.105986407752475,40.91234578822939,32.086103732998154,36.439892521191965,0.13495285218404207,3.0577904144575836,24.422105706431232,62.233724216328504,1
61.422066865538376,20.08479649635246,31.749935920254686,36.99041532837124,0.04272570334570023,3.008526851052051,19.397932004888542,58.2505557361196,1
25.669560937104688,51.62338182087024,39.982695123353324,51.970239182011866,0.19831033525685063,2.5127516978463733,19.099434574794,77.6645964194161,1
4.5330641565681855,35.51837087374984,47.69330188529163,32.82039797219649,0.2366388741481357,4.790316398710731,21.71823708107467,74.6869728532477,1
31.490272813956807,34.300221965491396,43.58191552274283,35.24094202506093,0.021998146963705924,2.2392593216983325,20.785017206364913,66.0513345841815,1
35.39093631460017,44.376981910919284,45.42685722055435,23.29169623496218,0.02945625712977042,4.617780530756461,10.252916794972121,81.28340268466954,0
61.89292579437045,24.765591417471214,35.96810948066772,33.41379372635238,0.15978455521496718,3.0203526969817283,10.367505874176949,72.39591768488694,0
13.262281871352908,25.342333229192796,19.815593976065465,24.201087913124162,0.04690460818307017,3.326752734246869,5.345645381874721,80.663871744475,0
11.57585367954361,30.525623728026,37.5141991076312,29.158607588419997,0.011971846193565793,3.172365947959966,22.59904800503788,54.083561338767936,1
40.09476614259267,49.669818625710676,42.87853511145687,29.74515661545795,0.05845935652317698,9.717686147211097,15.625621357734,57.192280203388,1
55.11657280372633,37.80252010929337,39.97240587084666,24.476951266508294,0.011517609942570742,2.813609479091086,22.921183472257812,72.41463365246555,1
12.794444853994179,36.41971343995059,38.508761270484655,28.629450965419935,0.02072714007415195,10.024899936258553,20.422263440726944,79.99066990333313,0
30.651088159479613,28.701873264560664,35.10285000860879,24.247048302865792,0.012910057713635134,1.8895042625811198,11.985439910574183,53.74843566201057,0
23.90728192906651,38.45451297903488,56.98873694801071,24.202688749661608,0.014050566300764834,5.151949467201418,17.278665398791325,85.52676167095123,1
13.203364237126717,48.752900565313574,38.89167486651008,38.766646515022714,0.0002333226270118272,3.1556594662834963,15.271067690015448,43.001850831647154,1
22.820331305552138,43.37831661257396,44.842025691664226,29.754136418264114,0.10630939930716038,5.695591694340807,14.344659118418626,65.86287812719607,0
52.453771164979514,37.05350579696813,31.053483836675227,31.47066272200277,0.017548171094326537,4.670316547868526,23.49172395295969,54.294612326456296,0
25.754074801545727,40.618019692886556,42.572340548255994,13.426952310144642,0.004516719852204261,5.349595786235787,33.06446082328603,31.002324497560668,0
21.878336492868037,39.05692002000232,43.13732712986057,32.2345833183039,0.004550280202378884,2.3559294293708484,24.69722185046129,74.87244437020242,0
38.60614666384635,40.85679871654971,39.25812810370267,33.30423463975238,0.04059859402987414,5.418963076504951,17.838261795855576,70.05406270330255,1
55.75327503820642,49.48252486433505,53.14698548474602,24.016613773112475,0.24752795666652838,3.1390484317442713,25.557046559736747,55.19417101518395,0
10.584566285750093,42.63246198123718,29.97877650161153,48.850296762606916,0.007834004394981635,1.5509703411142661,28.27741590186482,59.36770538737832,0
31.596949687569328,33.467956484386555,29.489415060408845,5.107727358159348,0.00524701802730405,1.9656037054028566,9.645775306138217,77.94676834145356,0
18.67315259869732,39.21976350458229,37.386946090020835,35.84367135770546,0.028839714389269064,3.174452530346846,25.349128568175182,63.212385514901925,0
25.842583826900295,30.045438362437103,39.064630172848624,35.128048049548624,0.04142901946348685,4.663686338246831,22.61809211245923,67.18830003185408,0
40.79926048736724,26.88916510994931,32.19110221433919,33.41582931999412,0.017433946930981537,2.102974440137388,25.128714339939,67.1830035426277,1
19.907893020603858,30.291246396050713,42.402570850504816,29.76212705638623,0.018014221982162456,2.3599661553120415,22.879724736101405,60.24704663267138,1
23.44741925053064,32.75433137018377,27.80821358034295,33.50679322625037,0.027623761040459258,3.4671424194048495,16.633625954795157,60.759424728959964,0
49.5256916191851,20.813043851097845,19.200589624530704,36.68175479555894,0.01885449703857336,9.217657579651682,30.197223865096603,65.53467782940099,1
34.76968149852586,43.81877781894608,39.99253781987046,20.74112416168006,0.12345063171658388,3.836564605958454,20.037591651492892,60.65679315860906,1
23.0330716594615,5.781706522895247,21.69524040024853,30.991956221800898,0.0021430040885449266,3.4339613474740602,15.39403787583448,54.347195366530265,0
27.803028030739025,60.0,48.34290976286576,26.16683157976696,0.013365886021498142,4.064420207145416,21.035868090242246,64.86492084038036,1
26.280455895927336,48.96085972235229,39.365125562008885,17.062315997744914,0.08265716033443599,5.017976004033777,23.834375410367166,60.65717339426521,1
4.15451428231098,28.013089900623513,28.485077635261746,35.171699746132894,0.08977576306917934,8.86742451333405,18.568566455171975,49.7554233987268,0
28.161491651349536,34.31848735334016,33.127894367546276,22.356395753159667,0.005914131213235959,3.2274865332747047,20.35881830113335,82.1225181606242,1
7.586405620338471,34.167679578923604,33.89786298991492,13.02141325220533,0.18203009013467777,2.773310807730618,18.530202492621907,85.00682070281843,1
54.689664120619064,32.31184573820344,30.484887896494733,22.60889339298351,0.059103203139158234,5.461376995754682,14.039545601396139,75.93639120507282,1
7.407856934248678,33.03737001600666,31.58989163581524,20.011011019068697,0.015913460006143503,8.574581465560888,13.069053248233374,67.47866620581232,0
17.918108859609806,31.24771655192486,29.270339924874662,38.2847900919011,0.030443781949351562,1.7401607298076143,9.583102280570477,58.195162283878,0
15.20741961657994,31.338385770177332,39.38867526702619,29.531931405580778,0.017629779474965298,3.695744120328773,27.10812020428047,84.04695427518095,1
68.82818115324672,42.138837807793394,38.40770315916376,41.8238274568994,0.008127255306984856,5.065247459736238,16.65949651122203,100.0,1
53.13871268395931,24.835528919053953,47.988231344971716,21.334437687669542,0.01720754665727235,3.9237176936104863,-2.5654506105317374,73.17083510140694,0
1.7572308319175842,30.659281866124118,33.549349156677344,36.741698718965,0.04338597452256823,2.7300126511144565,20.379198475677054,57.52974824049569,1
24.76750208388573,35.34960277875763,29.732981348873757,56.39622914807913,0.08742629136603884,3.6164035317330816,20.254962627043817,75.07562940609982,0
8.97119965025626,32.63417616109758,54.419073463343544,31.560324671271403,0.022590827067588706,3.3507261375127677,6.800593903017628,68.72820559062708,1
28.24179893976517,32.07796228660323,36.14019593635597,36.616488623231525,0.021377985851343585,2.6659119971805407,13.005622750000427,63.14602765609369,1
40.142624343988025,47.39997141129192,46.8809868596593,34.93517664225406,0.0315556553731698,12.07106578534359,12.742265792634425,80.09646236428286,0
30.05336013730982,30.971478471780962,37.12541525433232,13.779246725741734,0.051719322065380685,3.880032003362932,13.546393855246341,85.08303613831042,0
41.88066445038626,38.55535873578984,40.406231728697925,33.85817297467451,0.06963901998975439,6.146303390573825,25.27665517022142,61.588856870205554,1
20.345272040675162,46.02476614535673,42.69513886896249,31.064563206495688,0.019785604053688444,5.4328668872788395,17.106734711598982,100.0,1
30.769159376940575,33.821612506337964,24.71196848432666,25.40252616601691,0.04413705196688634,3.3482710409212983,15.436590691103094,48.1596995189207,0
40.83543870940375,38.269948481086075,38.24821177292573,19.159636257951192,0.024662453459819968,5.586707874282668,24.734339653323563,60.391726846767234,0
17.355959525178278,31.639547565627772,22.056928595449197,34.93983240327037,0.06300949783458366,1.7798387838014187,20.972086471102234,71.9807123595711,1
11.84299698645392,44.15014748360407,36.26515630214136,18.275962603893788,0.008996715657464979,3.840604398725821,7.554130452140704,100.0,1
14.498731669566414,29.59756413457201,26.034086001322507,49.33645604681897,0.014847905781186863,3.0878465586637227,14.300258164992583,59.46088595870391,1
22.790134597544103,46.25206596251367,41.36058787179526,29.141690834881285,0.027761557462649522,4.015972903467331,19.931772522803676,53.57183223057502,1
25.292141759802323,32.757942317499705,35.77618690570576,15.766929522134964,0.11009844616302367,2.158174654423214,12.396659195927802,78.29705052839165,1
32.09377174133055,26.219468526719414,34.33695453680926,22.860037216716613,0.042586726484178744,2.36621226332751,30.17732873052679,67.68983823249505,1
13.271260213711688,38.78442073779796,37.81214087711189,25.21865661710183,0.16818947175207719,2.5661965580066806,18.677272581915503,77.63308746705883,0
